ID,Offset,Length,Pad,Text
1,0x15D2C,6,01,ちゃん
2,0x15D3C,4,01,さん
3,0x184E4,4,01,・・
4,0x18888,4,01,・・
5,0x18CBC,8,01,ですにょ
6,0x18CD0,6,01,だよね
7,0x18CE0,6,01,のにょ
8,0x18CF0,6,01,のだぁ
9,0x18D00,4,01,にょ
10,0x18D10,4,01,よね
11,0x18D20,4,01,ねぇ
12,0x18D30,4,01,なぁ
13,0x18D40,4,01,だぁ
14,0x18D50,10,01,いのかにょ
15,0x18D64,4,01,いの
16,0x18DEC,4,01,・・
17,0x18E98,6,01,ぅにょ
18,0x18EA8,10,01,にょーにょ
19,0x18EBC,8,01,にょにょ
20,0x1AD2C,4,01,ジャ
21,0x1AD48,4,01,ジュ
22,0x1AD64,4,01,ジョ
23,0x1AF60,4,01,ズァ
24,0x5F4EC,18,01,きょう・あすの天気
25,0x5F508,19,01,週間天気予報</font>
26,0x5F524,15,01,降水確率</font>
27,0x5F53C,11,01,気温</font>
28,0x5F550,11,01,日付</font>
29,0x5F564,11,01,天気</font>
30,0x5F5AC,6,01,天気：
31,0x5F5BC,6,01,気温：
32,0x5F5CC,10,01,降水確率：
33,0x5F5E0,9,01,00-06時　
34,0x5F5F4,9,01,06-12時　
35,0x5F608,9,01,12-18時　
36,0x5F61C,9,01,18-24時　
37,0x609CC,4,01,嫌い
38,0x609DC,12,01,嫌いじゃない
39,0x60A00,6,01,くない
40,0x60A1C,4,01,ない
41,0x60A2C,8,01,じゃない
42,0x60DE4,4,01,かる
43,0x60DF4,4,01,がる
44,0x60E04,6,01,らない
45,0x60E20,4,01,ない
46,0x60E3C,6,01,わない
47,0x60E58,6,01,なない
48,0x60E74,6,01,さない
49,0x60E84,6,01,しない
50,0x610C8,6,01,られる
51,0x610D8,6,01,られた
52,0x610F4,6,01,われる
53,0x61104,6,01,われた
54,0x61120,6,01,される
55,0x61130,6,01,された
56,0x612F0,4,01,いる
57,0x61300,4,01,える
58,0x61310,4,01,れる
59,0x6135C,4,01,する
60,0x622A0,15,01,ＭＳ Ｐゴシック
61,0x6236C,15,01,ＭＳ Ｐゴシック
62,0x63168,27,01,\0\s0記録完了‥‥\w8\w8と。
63,0x6336C,47,01,\t\0\s0まあ、メモみたいなもんだね‥‥\w8\w8\n\n
64,0x633A4,41,01,\1\s0それだけやけど、結構便利やで。\w8\w8
65,0x633D8,42,01,\0\n\nうん。\w8\w8\n\n注意事項は\w8\w8\n\n
66,0x6340C,66,01,%*ルート（Todo と書かれた部分）を選択して書き始めると新規追加\w8\n
67,0x63458,25,01,%*それ以外は修正扱い\w8\n
68,0x6347C,29,01,%*操作はキーボード前提\w8\n\n
69,0x634A4,24,01,\w8\w8ってところ。\w8\w8
70,0x634C8,46,01,\1\n\nなんで操作がキーボード前提なんや。\w8\w8
71,0x63500,59,01,\0\s8\n\nいやー‥‥\w8\w8だって、マウスとかダルいし。\w8\w8
72,0x63544,40,01,\1\n\n‥‥\w8\w8いつか刺されるで。\w8\w8
73,0x63578,75,01,\0\s[20]\n\nEnter で決定、DEL で削除。\w8\w8\n\s0これくらいできるでしょっ。
74,0x635F0,10,01,メッセージ
75,0x63E4C,4,01,毎週
76,0x63E5C,5,01,曜日 
77,0x6441C,27,01,\0\s0記録完了‥‥\w8\w8と。
78,0x64554,101,01,\t\0\s0基本的には、時刻とかを指定して、その時間になったらメッセージを出して知らせる、って機能。\w8\w8
79,0x645C4,90,01,\1\s0日時指定、もしくは曜日指定やな。\w8\n\n両方指定すると家が燃えるから注意せえよ。\w8\w8
80,0x64628,26,01,\0\n\n注意事項は\w8\w8\n\n
81,0x6464C,68,01,%*ルート（Notify と書かれた部分）を選択して書き始めると新規追加\w8\n
82,0x6469C,25,01,%*それ以外は修正扱い\w8\n
83,0x646C0,44,01,%*「*」を入れるとその部分は「毎」になる\w8\n
84,0x646F8,37,01,%*メッセージの他にファイル実行可\w8\n
85,0x64728,23,01,%*数字は半角のみ\w8\n\n
86,0x64748,33,01,%*曜日は「日月火水木金土」\w8\n\n
87,0x64774,29,01,%*時刻は24時間式で記述\w8\n\n
88,0x6479C,29,01,%*操作はキーボード前提\w8\n\n
89,0x647C4,24,01,\w8\w8ってところ。\w8\w8
90,0x647E8,46,01,\1\n\nなんで操作がキーボード前提なんや。\w8\w8
91,0x64820,59,01,\0\s8\n\nいやー‥‥\w8\w8だって、マウスとかダルいし。\w8\w8
92,0x64864,40,01,\1\n\n‥‥\w8\w8いつか刺されるで。\w8\w8
93,0x64898,75,01,\0\s[20]\n\nEnter で決定、DEL で削除。\w8\w8\n\s0これくらいできるでしょっ。
94,0x64AC0,15,01,\0\s0追加完了。
95,0x64AFC,10,01,メッセージ
96,0x64B34,18,01,時間条件（* で毎）
97,0x64B74,51,01,実行ファイルのフルパス名（ファイル DnD で入力可能）
98,0x653E8,51,01,\0\s1む。\w8\w8ずいぶん数が多いね。\w8\w8\n\n\s[20]
99,0x65424,22,01,‥‥\w8\w8っと。\w8\w8
100,0x65458,10,01,\n\nだよ。
101,0x65480,12,01,面体サイコロ
102,0x65498,24,01,つ‥‥\w8\w8っと。\w8\w8
103,0x65690,179,01,\0\s0いわゆるダイス‥‥\w8\w8だね。\w8\w8\1\s0ダイスやね。\w8\w8\0\n\n基本的にエディットボックスにダイス式を入れて、Enter するだけ。\w8\w8\n\n2d6+10 とか、足し算引き算もできるよ。
104,0x688E0,38,01,"\![leave,passivemode]\0\s0設定完了っ。"
105,0x68A1C,257,01,"\0\s0一つだけ注意を。\w8\w8\n\nWin9x はデスクトップへの透明度付き描画能力が欠落しているから、\w8\_b[correctimage.png,20,78]\w8\n\n\n\n\n\n\nこんな風に綺麗には、出ません。\w8\w8\n\nこれはもうしょうがないので、諦めてね。\w8\w8\1\s0見えるだけマシだと思ってや。"
106,0x6A98C,22,01,ネトゲの作法を教え込む
107,0x6A9AC,20,01,はあ (*´Д｀*) はあ
108,0x6A9CC,36,01,スクウェアのゲームを得意げに批判する
109,0x6A9FC,10,01,新機動戦記
110,0x6AA10,58,01,「リアルでダメな奴はネットでもダメ」とか今さらな説教をする
111,0x6AA54,46,01,マイクロソフトに XBox の売り方について説教する
112,0x6AA8C,22,01,ナウなヤングにバカ受け
113,0x6AAAC,20,01,はあ (*゜Д゜*) はあ
114,0x6AAEC,14,01,インターネット
115,0x6AB28,14,01,エクスプローラ
116,0x6AB40,24,01,小林カツ代エクスプローラ
117,0x6AB64,25,01,インターネットかゆい うま
118,0x6AB88,84,01,レスをつける場合に、レスをつけられた人がどのように思うか、考える余裕を持ちましょう。
119,0x6ABE8,85,01,公共の場として提供しているBBSにおいて、自分の発言に責任をもてない方の発言は迷惑です。
120,0x6AC48,28,01,最近のノービスはマナー悪い。
121,0x6AC70,40,01,サーバーとの接続がキャンセルされました。
122,0x6ACA4,34,01,βだからイヤならやらなければいい。
123,0x6ACD0,24,01,βだから仕方ありません。
124,0x6ACF4,44,01,マナー違反を注意したら逆に暴言吐かれました。
125,0x6AD2C,90,01,韓国鯖で、ノーマナー行為に対しての罰則強化するそうなので、日本鯖でもその可能性があります。
126,0x6AD90,26,01,外人さんマナー悪いですね。
127,0x6ADB4,47,01,フェイヨンDだと悪質ルーターが多いみたいですし。
128,0x6ADEC,82,01,これから始める人も移住してくる人も他人に迷惑な行為は止めて楽しくプレイしましょう〜
129,0x6AE48,30,01,増えるのはルーターばかり、とｗ
130,0x6AE70,126,01,ゴレムとタイマン中のシーフの私、そこに乱入するノービス君、何か言うのも面倒なんで落ちちゃった☆またお姉さんのとこから出直しな♪
131,0x6AEF8,94,01,死んでも死んでも何度もやってきて、悪質なルートをしていくので、ちょっとストーカーしてみましたｗ
132,0x6AF60,64,01,ルートは立証が難しいので重力に言いにくいのです。どうしたものか。
133,0x6AFAC,125,01,PK って現実世界で言う結局は人殺しじゃないですか。いくらゲームの世界だとしても、人としてあまりやって良い行動だとは思いません。
134,0x6B034,82,01,それが板を汚す行為につながるということであるならば、書き込みを控えようと思います。
135,0x6B090,124,01,それらの行為を受けた際はSSと共にメールを送ってください。ある程度苦情がたまった時点でその方への忠告〜アカウント廃止を行います
136,0x6B118,42,01,悪口を言うのはいけません！最低の行為です！
137,0x6B14C,102,01,あなたがネットワークゲームの全くの初心者であれば、マナーについていろいろ勉強する良い機会だと思います。
138,0x6B1BC,64,01,良いマナーの人と一緒に行動すると良いマナーも自然と身につきます。
139,0x6B208,56,01,いくらβだとしてもユーザーまかせにするのはどうかと思う。
140,0x6B24C,92,01,そもそも議論する意義が見出せませんな。過去にも散々この手の議題は出ましたが結論はでてません。
141,0x6B2B4,94,01,こんな所に書くよりも、署名でも集めて「ルートモンスター廃止」を重力社に要請した方がイイですよ。
142,0x6B31C,272,01,掲示板に入る前にちゃんと注意書き見てますか？個人に対しての中傷、暴言、差別的な発言は禁止されています。人の間違いを何故いちいち棘のある言葉で批判するのですか？ここは議論をする場所であって仮面をつけて人を中傷しあう場ではありません。場の雰囲気を悪くしないようにして下さいね。
143,0x6B438,137,01,溜め込み厨房とか言ってる人。2chに帰ってください。ここは貴方の来る場所じゃありません。ここに来るならこのＢＢＳに応じた発言をお願いします。
144,0x6B4CC,40,01,同意の無い援護・共闘は、全て横殴りです。
145,0x6B500,110,01,横殴り反対派の人もここに書いたりする暇があるのならその貴重な時間で次のモンスターを探す方が早いとは思うのですが
146,0x6B578,87,01,本人同士の同意のない援護/共闘は、すべて横殴り行為に値するんですよー。等忠告しています。
147,0x6B5D8,78,01,くれくれ星人やＦＤ等に横殴り＆ルートだけで来ているノービスが増えてきています。
148,0x6B630,82,01,初心者だからと言って甘やかすな、とは言いませんが最低限のマナーを守ってほしいです。
149,0x6B68C,134,01,それと、横殴りとかルートを未だに禁止じゃないから、罰則が規定されていないから、やっても良いと言ってる人、あなたはMMORPGに向いてません。
150,0x6B71C,102,01,似たようなスレ立ってんだろ？ちゃんと見ろよバカが…。言葉汚くてすまんが最近こういう頭の悪いヤツ多すぎ。
151,0x6B78C,110,01,ボランティアで誘導してくれるのはありがたく思うのですが、まさか命令されたり脅迫されたりするとは思いませんでした
152,0x6B804,41,01,ちゃんと列に並ばないとDOSアタックするぞ！
153,0x6B838,34,01,ちゃんと列に並ばないと名前晒すぞ！
154,0x6B864,44,01,それにさっきから俺達の獲物を横取りするな！！
155,0x6B89C,26,01,オークの森にいる人達って…
156,0x6B8C0,22,01,撒き餌やってる人って…
157,0x6B8E0,26,01,町の入り口に人溜まりすぎ…
158,0x6B904,66,01,横殴り横取り等、人に迷惑を掛ける各種Nomanner行為は控えてください。
159,0x6B950,188,01,自分がまだノービスだったころゲフェンで撒き餌のことを知らずにマジの近くのアイテムを拾う気配が無いので根こそぎ拾い上げたら、「持ってくなぁ！！」って言われてもの凄く不快な気分になりました…。
160,0x6BA18,70,01,現在はテスト版だから、文句言いかねますが(お金出してるわけじゃないので)
161,0x6BA68,40,01,横殴り不可のシステムを導入して欲しいな〜
162,0x6BA9C,39,01,日本版はRagnarokOfflineにすれば万事解決
163,0x6BACC,122,01,自分が死なない為にやった行動により　死んだ方もいらっしゃるかもしれないと言う事を考えて行動していただけると有りがたいです。
164,0x6BB50,72,01,このスレの最初の文から読み直せ。ったく低脳な奴ほどマジを使いたがる．．．
165,0x6BBA4,64,01,他人を考えないで孤立職業の稼ぎ場所として勝手に決める人は最低です
166,0x6BBF0,106,01,いまβ段階なわけですから、我慢しましょう。きっと、製品版になったらもっといいダンジョンが増えると思いますよ
167,0x6BC64,51,01,私も賛成です、PK はこのゲームには不要だと思います。
168,0x6BCA0,35,01,PK できるゲームに移ってください(笑)
169,0x6BCCC,36,01,早くPK実装されて欲しいですねー。(笑)
170,0x6BCFC,76,01,私も昨日から猫耳のために狸山に出掛けたのですが、モラルの無さに閉口しました。
171,0x6BD54,143,01,確かに相手のほうからノーマナー行為をしてきたかもしれません。でも。それにノーマナーであるMPKで返すということは、「正しい」行為ではないんですよ。
172,0x6BDEC,104,01,最近思うのですが、人が増え活気付いたのはとても喜ばしい事なのですがそれに伴い妙にギスギスしていませんか？
173,0x6BE60,70,01,とにかく「人の獲物には手を出さない！！」これは最低限のマナーでしょう。
174,0x6BEBC,4,01,と私
175,0x6BECC,14,01,セックスと嘘と
176,0x6BEE4,16,01,と壊れたお父さん
177,0x6BF00,4,01,地蔵
178,0x6BF10,4,01,大名
179,0x6BF20,10,01,ソーセージ
180,0x6BF34,12,01,ビーム発射！
181,0x6BF4C,38,01,なら、さくらやでもっと安く売ってたよ。
182,0x6BF7C,4,01,の犬
183,0x6BF8C,10,01,の父です。
184,0x6BFAC,24,01,は知ったかぶるのでウザい
185,0x6BFD0,37,01,はモンスターを横取りされて仕返しにMPK
186,0x6C000,18,01,は俺の…俺の兄だ！
187,0x6C01C,63,01,は1日何時間もネトゲをやった挙句に「忙しい、時間がない」とか言う
188,0x6C064,32,01,はネトゲに生活を支配されるタイプ
189,0x6C090,19,01,はときメモ3並に安値
190,0x6C0AC,8,01,伝説巨神
191,0x6C0C0,14,01,飛天御剣流奥義
192,0x6C0D8,8,01,機動戦士
193,0x6C0EC,61,01,なんて、MS-DOS がマックをマネるために厚化粧しただけの代物だ！
194,0x6C134,28,01,ほど使いにくいものはないよ！
195,0x6C15C,42,01,なんて使う奴はマゾヒストだね。だからあれは
196,0x6C190,15,01,じゃなくて、SM-
197,0x6C1A8,10,01,ってんだ！
198,0x6C1BC,86,01,だからさ、マッキントッシュという優れたシステムがあることを知らないばかりに大勢の人間が
199,0x6C21C,82,01,で苦労しているのが二十世紀の悲劇のひとつなんだけど、藤村さんもその一人ってことさ。
200,0x6C284,69,01,」なんて大騒ぎしたけど、5年前のマッキントッシュにも追いついてないよ！
201,0x6C304,15,01,複座型突撃仕様M
202,0x6C31C,54,01,the end of genesis T.M.R evolution turbo type D 的発想
203,0x6F3E4,92,01,\0\s0ASテクノロジっていうのは、その昔 CompJapan っていうところが開発した技術で‥‥\w8\w8\n\n
204,0x6F44C,146,01,\s7なんと！\w8\w8\s5for ループで意味もなく足し算とか引き算を繰り返していると、メモリが最適化されてマシンが速くなるという、凄い技術なのです！\w8\w8
205,0x6F4E8,138,01,\1\s0‥‥\w8\w8\w8いや、ちゅーか、\w8詐欺やろ。それ。\w8\w8\0\s5\n\nうにゅうは余計なこと言わないっ！\w8\w8\n\n詳しくはこのサイトを見てね。
206,0x6F988,10,01,ユーザさん
207,0x6FA80,184,01,\0\s[20]あ‥‥\w8\w8そうか。\w8\w8\n\n\s0今日は当日だったんだね‥‥\w8\w8\1\s0当日やね。\w8\w8\w8\w8\n\n\0\n\nまあ、無理にとは言わないけど、できれば投票\n\n\0\s5\1\s2\_sよろしくっ。\_s
208,0x6FB44,82,01,\0\s[20]あ‥‥\w8\w8\w8\n\s5そういえば、昨日は応援ありがとうございましたっ！\w8\w8
209,0x6FBA0,25,01,\1\s0ありがとうな。\w8\w8
210,0x6FBC4,83,01,\0\s0\n\n‥‥\w8\w8特に色々したってわけじゃないのに、\w8\n何か疲れたよ‥‥\w8\w8\w8
211,0x6FC20,185,01,\1\n\n‥‥\w8\w8まあ、お祭りやしな。\w8\w8\w8\w8\0\s0\n\nうん。\w8\w8\n\s5じゃ、今日からは通常営業に戻りまーす。\w8\w8\w8\1\s0\n\n‥‥\w8\w82回戦もあるんやで。\w8\w8\0\n\n‥‥\w8\w8え？
212,0x6FF7C,60,01,\1\s0寝とる間に交代か‥‥\w8\w8\w8\w8\w8\w8\n\n\s1ええんか？
213,0x6FFC4,66,01,\1\s0風呂入っとる間に交代か‥‥\w8\w8\w8\w8\w8\w8\n\n\s1ええんか？
214,0x70010,4,01,陽子
215,0x70020,32,01,\0\s0\1\s0\_sわしづかみ開始。\_s
216,0x7004C,4,01,愛理
217,0x7005C,26,01,\0\s0\1\s0\_s歌丸開始。\_s
218,0x70080,6,01,ヒルデ
219,0x70090,30,01,\0\s0\1\s0\_sカラサワ開始。\_s
220,0x700B8,6,01,あると
221,0x700C8,28,01,\0\s0\1\s0\_sカレー開始。\_s
222,0x700F0,8,01,花ちゃん
223,0x70104,28,01,\0\s0\1\s0\_sうどん開始。\_s
224,0x7012C,4,01,毒子
225,0x7013C,50,01,\0\s0\1\s0\_sローパフォーマンスマシン殺し開始。\_s
226,0x70178,4,01,美耳
227,0x70188,24,01,\0\s0\1\s0\_s耳開始。\_s
228,0x701AC,6,01,さくら
229,0x701BC,22,01,\0\s0\1\s0出直し‥‥？
230,0x701DC,14,01,サンバーレイン
231,0x701F4,26,01,\0\s0\1\s0\_s別人開始。\_s
232,0x70218,38,01,\0\s0‥‥\w8\w8浮気か。\w8\w8\1\s0‥‥
233,0x70248,72,01,\0\s4えー。\w8\w8代わるの？\w8\w8\1\s0‥‥\w8\w8そんな嫌そうに言うなよ。
234,0x70630,65,01,\0\s7\1\s1うにゅうは俺一人でいい。\w8\w8\0\s1‥‥\w8\w8木野さん？
235,0x7067C,75,01,\0\s7\1\s0\0ハンターーーーーーーーーーー\w8\w8チャーンス！\1\s1落ち着けっ！
236,0x706D0,49,01,\0\s7\1\s0\0いたる絵は要らーん！\1\s1落ち着けっ！
237,0x7070C,51,01,\0\s7\1\s0\0ゲー専出って使えねー！\1\s1落ち着けっ！
238,0x70748,57,01,\0\s7\1\s0\0何でもマヨネーズで食うなっ！\1\s1落ち着けっ！
239,0x7078C,67,01,\0\s0\1\s0\0私は魔物を狩る者だから\s7パー\w8ンチ！\1\s1落ち着けっ！
240,0x707D8,63,01,\0\s7\1\s0\0もちが入れば何でも「力」なのかっ！\1\s1落ち着けっ！
241,0x70820,66,01,\0\s7\1\s0\0私はかつて、%msと呼ばれていた者だっ！\1\s1落ち着けっ！
242,0x7086C,72,01,\0\s[20]\1\s0\0売れ残る初回特典に意味はあるんでしょうか。\w8\w8\1\s1‥‥
243,0x708C0,138,01,\0\s[20]\1\s1\1\s0おかえりなさいませ、大佐。\w8\w8\0うにゅう‥‥\w8\w8私は、クワトロ大尉だ。\w8\w8\1\n\nいえ、\w4私にとっては%mz大佐です。
244,0x70954,79,01,\0\s7\1\s1\0呼ばれてない二次会に参加しようとするのはやめろー！\1\s1落ち着けっ！
245,0x709AC,53,01,\0\s7\1\s0\0サイコガンダムデカすぎ！\1\s1落ち着けっ！
246,0x709EC,86,01,\0\s7\1\s0\0やる気がない奴は帰っていい！\w8\w8\1‥‥\w8\w8頭の悪い体育教師か、お前は。
247,0x70A4C,103,01,\0\s0\1\s0\0自分の本名か本名をアレンジしたHNを使いなさるがよいでしょう。\w8\w8\1\s0‥‥\w8\w8なんだよ。
248,0x70ABC,61,01,\0\s7\1\s0\0ネタもオチもない駄話はやめろっ！\1\s1落ち着けっ！
249,0x70B04,51,01,\0\s7\1\s0\0スタッフロール長すぎ！\1\s1落ち着けっ！
250,0x70B40,65,01,\0\s7\1\s0\0エッチでなければいけないと思います！\1\s1落ち着けっ！
251,0x70B8C,99,01,\0\s7\1\s0\0OS がオペレーションシステムの略だと思ってるのはお前くらいだ！\w8新保！\1\s0落ち着けっ！
252,0x70BF8,40,01,\0\s0\1\s0\0\_s空想上の仲良し集団っ！\_s
253,0x70C2C,49,01,\0\s7\1\s0\0牛乳は噛んで飲めっ！\1\s1落ち着けっ！
254,0x70C68,47,01,\0\s7\1\s0\0豚汁食って寝ろっ！\1\s0落ち着けっ！
255,0x70CA0,88,01,\0\s7\1\s0\0インストールをインストって略すのはお前くらいだ！\w8国分寺！\1\s1落ち着けっ！
256,0x70D04,77,01,\0\s7\1\s0\0家族に隠れてギャルゲーをやるのは止めて下さいっ！\1\s1落ち着けっ！
257,0x70D5C,45,01,\0\s7\1\s0\0アタリショック！\1\s1落ち着けっ！
258,0x70D94,75,01,\0\s7\1\s0\0出来の悪さを「ドラクエらしさ」で片づけるなー！\1\s1落ち着けっ！
259,0x70DE8,65,01,\0\s0\1\s0\0生まれてごめんなさい\w8\s7パーンチ！\1\s1落ち着けっ！
260,0x70E34,59,01,\0\s7\1\s0\0エロ機能だけでもつと思うなっ！\1\s0落ち着けっ！
261,0x70E78,63,01,\0\s7\1\s0\0伝説の勇者とかはもうウンザリだっ！\1\s0落ち着けっ！
262,0x70EC0,59,01,\0\s7\1\s0\0お前はまず\w8空気を\w4読めー！\1\s1落ち着けっ！
263,0x70F04,53,01,\0\s7\1\s0\0助けてソフ倫のえらい人！\1\s1落ち着けっ！
264,0x70F44,63,01,\0\s7\1\s0\0偉い人にはそれが分からんのですよ！\1\s1落ち着けっ！
265,0x70F8C,48,01,\0\s7\1\s0\0仏像にパー\w8ンチ！\1\s1落ち着けっ！
266,0x70FC8,73,01,\0\s7\1\s0\0無理にエロシーンを作るのは止めてくださいっ！\1\s1落ち着けっ！
267,0x79D20,15,01,\s3見切れ‥‥\e
268,0x79D38,66,01,\0\s4‥‥\w8\w8なんか激しく重なってるんだけど。\w8\w8\1\s1フフフ。
269,0x79D84,14,01,\s[21]‥‥‥‥
270,0x79D9C,24,01,\s[21]‥‥\w8\w8んん‥‥
271,0x79DC0,24,01,\s[21]‥‥\w8\w8んー‥‥
272,0x79DE4,28,01,\s[21]‥‥\w8\w8ねむねむ‥‥
273,0x79E2C,77,01,\0\s[22]‥‥\w8\w8くー‥‥\w8\w8\w8\w8\b[-1]\1\s0‥‥\w8\w8よう寝る娘やね‥‥
274,0x79E84,125,01,\0\s[22]‥‥\w8\w8くー‥‥\w8\w8\w8\w8\b[-1]\1\s0‥‥\w8\w8結構疲れとるようやから、\w8\w8\n\n寝かしてやった方がええと思うで。
275,0x79F0C,127,01,\0\s[22]‥‥\w8\w8くー‥‥\w8\w8\w8\w8\b[-1]\1\s0‥‥\w8\w8かなり疲れとるようやから、\w8\w8\n\n寝かしてやった方がええと思うで。
276,0x79F94,237,01,\0\s[20]あ‥‥\w8\w8もうこんな時間か‥‥\w8\w8\w8\w8\n\n\s0じゃ、ちょっとお風呂入ってくるよ。\w8\w8\1\s0ああ。\w8\w8\n\n行ってきいや。\w8\w8\w8\0\n\nうん。\w8\w8\s5じゃあね。\w8\w8\b[-1]\s[-1]\1\b[-1]\c\w8\w8\w8\w8\w8\w8\0\s[26]\1\s3‥‥
277,0x7A0AC,142,01,\0\s[44]ただいま。\1\s1‥‥！\w8\w8\w8\w8\0\n\n‥‥\w8\w8あ。\w8\w8\s[-1]\w8\w8\w8\w8\0\n\n\s8‥‥\w8\w8\w8\w8\1\n\nわざとやってへんか、お前。
278,0x7A144,102,01,\t\0\s0ただいまっ。\w8\w8\1\s0おかえりや。\w8\w8\0\s5\n\nさっぱりしたところで、\w4心機一転頑張ろうっ！
279,0x7A1F8,76,01,\0\s8‥‥\w8\w8読めない‥‥\w8\w8\n\n対策された？\w8\w8\1\s0切ない話やね‥‥
280,0x7A250,33,01,\0\s0今日のお天気だよ。\w8\w8\n\n
281,0x7A288,58,01,\0\s8‥‥\w8\w8データ来ない‥‥\w8\w8\1\s0落ちとるんかな。
282,0x7A2F4,4,01,愛理
283,0x7A304,24,01,歌丸。ただものじゃない。
284,0x7A34C,10,01,  ユースケ
285,0x7A3A4,4,01,美耳
286,0x7A3B4,22,01,耳。ただものじゃない。
287,0x7A3D4,11,01,  くーぴー2
288,0x7A438,6,01,さくら
289,0x7A448,6,01,実家。
290,0x7A470,6,01,  すか
291,0x7A498,10,01,  川上新夜
292,0x7A4AC,12,01,さくらみかげ
293,0x7A4FC,18,01,基本的な操作の説明
294,0x7A528,16,01,キャッシュカード
295,0x7A544,12,01,さくらカード
296,0x7A55C,16,01,アドベンドカード
297,0x7A578,16,01,クレジットカード
298,0x7A594,22,01,ゴールドポイントカード
299,0x7A5B4,14,01,さくらやカード
300,0x7A5CC,14,01,でじこやカード
301,0x7A5F8,20,01,ちょっとどいてもらう
302,0x7A62C,40,01,MATERIA の構成ウインドウを常に手前に表示
303,0x7A674,8,01,やめとく
304,0x7A6A4,22,01,ゴーストの使用率グラフ
305,0x7A704,22,01,バルーンの使用率グラフ
306,0x7A73C,18,01,ぬるく用事を伝える
307,0x7A768,12,01,用事を伝える
308,0x7A798,12,01,さくらの設定
309,0x7A7C0,16,01,検索エンジン使用
310,0x7A7EC,14,01,今日明日の天気
311,0x7A814,14,01,さくらのビーム
312,0x7A82C,14,01,さくらとゲーム
313,0x7A85C,14,01,おすすめサイト
314,0x7A888,8,01,ねとわく
315,0x7A8AC,22,01,信（中国ではこうかく）
316,0x7A8E8,10,01,本体の設定
317,0x7A914,24,01,他のゴーストに切り替える
318,0x7A950,24,01,さくらのシェルを変更する
319,0x7A98C,20,01,バルーンを切り替える
320,0x7A9CC,24,01,ヘッドラインセンサの様子
321,0x7AA00,4,01,終了
322,0x7AA10,8,01,お役立ち
323,0x7AA24,8,01,おそらく
324,0x7AA38,10,01,さくらナビ
325,0x7AA4C,12,01,さくらをナビ
326,0x7AA78,13,01,Moon を Phase
327,0x7AAA8,34,01,敵に見つかるので戦闘中は使いません
328,0x7AAFC,8,01,さいもえ
329,0x7AB10,16,01,さくらタイピング
330,0x7AB2C,16,01,タイピングゲーム
331,0x7AB48,12,01,さくらクイズ
332,0x7AB60,12,01,クイズゲーム
333,0x7AB78,14,01,さくら視力検査
334,0x7AB90,6,01,‥‥？
335,0x7ABB0,11,01,Todo リスト
336,0x7ABD4,13,01,Notify リスト
337,0x7ABEC,6,01,ダイス
338,0x7AC14,7,01,熱湯3分
339,0x7AC30,7,01,熱湯4分
340,0x7AC4C,7,01,熱湯5分
341,0x7AC5C,14,01,グロンギ語変換
342,0x7AC74,20,01,セミファイナルゲーム
343,0x7AC94,10,01,重力語変換
344,0x7ACA8,26,01,言葉遣いに気をつけましょう
345,0x7ACCC,36,01,βテスターとしての自覚を持ちましょう
346,0x7ACFC,26,01,他人の気持ちを考えましょう
347,0x7AD20,34,01,そのプレイスタイルはよくありません
348,0x7AD4C,13,01,CompJapan機能
349,0x7AD64,4,01,詐欺
350,0x7AD74,16,01,ごみ箱を空にする
351,0x7AD9C,30,01,「最近使ったファイル」をクリア
352,0x7ADC4,10,01,ぬるい機能
353,0x7ADD8,26,01,アイコンキャッシュをクリア
354,0x7ADFC,26,01,フォントキャッシュをクリア
355,0x7AE20,18,01,メモリリフレッシュ
356,0x7AE48,10,01,時計合わせ
357,0x7AE5C,26,01,時計を正しい時刻に合わせる
358,0x7AE80,12,01,使用率グラフ
359,0x7AE98,38,01,ゴースト／シェル／バルーンの使用率分布
360,0x7AEC8,21,01,ゴースト使用率 - 合計
361,0x7AEE8,38,01,ゴーストの使用率分布（全プロセス合計）
362,0x7AF18,21,01,ゴースト使用率 - 個別
363,0x7AF38,20,01,ゴーストの使用率分布
364,0x7AF58,14,01,バルーン使用率
365,0x7AF70,20,01,バルーンの使用率分布
366,0x7AFAC,57,01,"\![enter,passivemode]\0\s5視力検査コー\w8ナー。\w8\w8\n\n"
367,0x7AFF0,75,01,\s0今から順番に図形を出していくから、どの方向が抜けてるかを答えてね。\w8\w8
368,0x7B044,27,01,\1\s0普通の視力検査やな。\x
369,0x7B068,57,01,"\c\s5じゃ、行くよ〜。\w8\w8\![raise,OnEyesightgameNext,0]"
370,0x7B0C8,51,01,"はいっ。\![open,inputbox,OnEyesightgameInput,15000]"
371,0x7B12C,4,01,みぎ
372,0x7B13C,219,01,"\0\s5正解っ。\w8\w8\n\n‥‥\w8\w8\w8\s[20]ということで判定結果は‥‥\w8\w8\n\n\s5大丈夫！\w8見えてます！\w8\w8\1\s0‥‥\w8\w8\w8そんだけの機能かヨ、これ。\w8\w8\0\n\nうにゅうは余計なこと言わないっ！\![leave,passivemode]"
373,0x7B220,61,01,"\0\s8‥‥\w8\w8\1\s0‥‥\w8\w8\0\n\n‥‥\![leave,passivemode]"
374,0x7B27C,23,01,\0\s5正解っ。\w8\w8\n\n
375,0x7B29C,27,01,\0\s5せいかーい。\w8\w8\n\n
376,0x7B2C0,17,01,\1\s0おお。\w8\w8
377,0x7B2DC,33,01,\0\s5よく分かったねー。\w8\w8\n\n
378,0x7B314,20,01,問目、クリア！\w8\w8
379,0x7B358,51,01,\0\s8‥‥\w8\w8答える気なし‥‥\w8\w8と。\w8\w8\n\n
380,0x7B3A4,27,01,\0\s5時間切れー。\w8\w8\n\n
381,0x7B3C8,15,01,\0\s8‥‥\w8\w8
382,0x7B3E0,18,01,って‥‥\w8\w8\n\n
383,0x7B3FC,27,01,\0\s5違いまーす。\w8\w8\n\n
384,0x7B420,19,01,\1\s1フフフ。\w8\w8
385,0x7B43C,34,01,\0\s5残念でした。\w8またどうぞっ！
386,0x7B4A8,54,01,"\0\s0それじゃ、\s5行くよー。\w8\w8\![raise,OnQuizNext]"
387,0x7B4FC,7,01,\0\s0第
388,0x7B50C,14,01,問。\w8\w8\n\n
389,0x7B548,63,01,\0\s0視力検査に用いられるこんな図。\w8\w8\n\nこれの正式名称は？
390,0x7B5DC,214,01,\0\s0ファミコンの人気がピークだった頃、芸能人絡みのゲームが結構作られました。\w8\w8\n\n今では怪人として確固たる地位を気付いた田代まさしも、当時一本だけファミコンのゲームを出しています。\w8\w8\n\n\s5そのタイトルは？
391,0x7B6E8,58,01,\0\s0暗黒要塞レリクスの BGM を担当していたバンドの名前は？
392,0x7B764,202,01,\0\s0\0\s0分別のつかない一部の子供が軽く倒れたことで、それ以降同じエフェクトは使えなくなるわ、テレビを見るときは離れて見ろとかクソやかましい字幕が毎回必ず出るようになるわ、久米宏は理由もなく勢いづくわ、
393,0x7B838,101,01,何だかどうしようもなく不愉快な影響をアニメ界に与えたポケモン第38話。\w8\w8\n\n\s5そのサブタイトルは？
394,0x7B8BC,56,01,\0\s5ベータビデオテープL-500のβIIモード録画時間は何分？
395,0x7B9E8,114,01,\0\s0秒単位でガンパレードマーチをクソゲーにする初心者救済武器\w4 N.E.P。\w8\w8\n\nこの武器の正式名称は？\w8\w8\n\n
396,0x7BA64,112,01,\s5あ、ちなみに英語で、ハイフンとか中点とか余計な記号無しでお願いします。\w8\w8\1\s0カタカナもオーケーや、一応。
397,0x7BB70,44,01,\b[2]\0\s[20]メニュー‥‥\w8\w8\s0っと。\n\n
398,0x7BBA8,142,01,"\b[2]\![enter,passivemode]\0\s5\_sさくらクイズ。\_s\w8\1\s0\n\n略して「さくら打」。\w8\w8\0\n\n‥‥\w8\w8\s8いや、それ絶対違うし‥‥\w8\w8\n\n"
399,0x7BC40,30,01,"\![*]\q[説明,OnQuizTutorial]\n"
400,0x7BC7C,10,01,\![*]\q[第
401,0x7BC90,15,01,"問,OnQuizStart,"
402,0x7BCB4,10,01,\_q○\_q\n
403,0x7BCC8,25,01,"\![*]\q[終了,OnQuizLeave]"
404,0x7BD04,85,01,\0\s[20]クイズが出るから、答えを入力。\w8\w8\n\n\s5普通のクイズゲームだね。\w8\w8\n\n
405,0x7BD64,45,01,\1\s0時間制限あるから気をつけてな。\w8\w8\n\n
406,0x7BD9C,83,01,\0\s5ちなみに、択一とかそういう甘いものじゃないから、それは覚悟してねー。\w8\w8\n\n
407,0x7BDF8,13,01,\1\s0フフフ。
408,0x7BE4C,75,01,"\![leave,passivemode]\0\s0じゃ、終わりー。\w8\w8\n\n\s5お疲れ様でしたっ。\e"
409,0x7BEBC,27,01,\0\s8ざんねーん。\w8\w8\n\n
410,0x7BEE0,41,01,\0\s8あやや‥‥\w8\w8ダメです。\w8\w8\n\n
411,0x7BF14,71,01,\c\0\s5終ー\w8了ー。\w8\w8お疲れ様でしたー。\w8\w8\1\s0お疲れや。\w8\w8
412,0x7BF64,28,01,\0\s[20]結果は‥‥\w8\w8\n\n
413,0x7BF8C,6,01,10問中
414,0x7BF9C,8,01,問正解、
415,0x7BFB0,15,01,かかった時間は 
416,0x7BFC8,16,01,ミリ秒。\w8\w8\n
417,0x7BFE4,16,01,1問あたり、大体 
418,0x7C000,22,01,ミリ秒だね。\w8\w8\n\n
419,0x7C060,59,01,\s0あ。\w8\s5記録更新です。\w8\w8\n\nおめでとうございます！
420,0x7C0A4,27,01,\0\s4‥‥\w8\w8やる気ない？
421,0x7C0C8,37,01,\0\s8‥‥\w8\w8ま、また頑張ってね‥‥
422,0x7C0F8,46,01,\1\s0まあまあやな。\w8\w8\0\s5また頑張ってね。
423,0x7C130,61,01,\0\s0記録更新はならず‥‥\w8と。\w8\w8\n\n\s5また頑張ってね。
424,0x7C178,65,01,\0\s0（このメッセージを見ている人はマーキュリーライジング状態）\e
425,0x7C1D0,64,01,"じゃ、タイトルに戻るよ。\w8\w8\![raise,OnTypinggameEnter,return]"
426,0x7C25C,60,01,"\0\s0それじゃ、\s5行くよー。\w8\w8\![raise,OnTypinggameNext]"
427,0x7C314,24,01,次は‥‥\w8\w8\n\n\s0\_q
428,0x7C3A4,39,01,\0\s[20]メニュー‥‥\w8\w8\s0っと。\n\n
429,0x7C3D4,141,01,"\![enter,passivemode]\0\s5\_sさくらタイピング。\_s\w8\1\s0\n\n略して「さくら打」。\w8\w8\0\n\n‥‥\w8\w8\s8いや、それはちょっと‥‥\w8\w8\n\n"
430,0x7C46C,36,01,"\![*]\q[説明,OnTypinggameTutorial]\n"
431,0x7C524,31,01,"\![*]\q[終了,OnTypinggameLeave]"
432,0x7C56C,115,01,\0\s[20]まず私が打つべき文字を言うから、それをキーボードで入力。\w8\w8\n\n\s5普通のタイピングゲームだね。\w8\w8\n\n
433,0x7C5E8,41,01,\1\s0時間制限あるから気をつけてな。\w8\w8
434,0x7C61C,71,01,\0\s0成績はセーブされるから、いい成績が残るように頑張ってね。\w8\w8\n\n
435,0x7C66C,103,01,\s5あ、あと、ちょっと難度が異常かもしれないから、イライラしてるときはやらない方がいいかも‥‥\n\n\w8\w8
436,0x7C6DC,33,01,\1\s0‥‥\w8\w8ちょっとか、これ。
437,0x7C784,29,01,\0\s0ダウンロードちゅうー。\e
438,0x7C7AC,27,01,\0\s0ダウンロード開始っ。\e
439,0x7C7EC,56,01,\0\s4やだ。\w8\w8\1\s0‥‥\w8\w8いや、いいのか、それで。
440,0x7C84C,9,01,\0\s0‥‥
441,0x7C874,53,01,\0\s0\1\s1メーテル、また一つ星が消えるよ‥‥\0\s4‥‥
442,0x7C8FC,28,01,\0\s0updates2.dau 作成開始。
443,0x7C940,13,01,\0\s0終わり。
444,0x7C99C,20,01,ヘッドラインや。\n\n
445,0x7C9BC,25,01,\q0[][次のページへ]  \q1[
446,0x7C9E0,38,01,][行ってみる]  \q2[hscancel][行かない]
447,0x7CA38,38,01,][行ってみる]  \q1[hscancel][行かない]
448,0x7CA78,22,01,\1\s0\b2つづきや。\n\n
449,0x7CABC,20,01,ヘッドラインっ。\n\n
450,0x7CADC,20,01,\0\s0\b2つづき。\n\n
451,0x7CB1C,35,01,\1\s1‥‥\w8\w8何や、この回線は‥‥
452,0x7CB60,50,01,\0\s4‥‥\w8\w8ダメだ‥‥\w8\w8\1\s0駄回線やね。\e
453,0x7CBB4,70,01,\0\s4‥‥\w8\w8ダメだ‥‥\w8\w8\1\s0ヘッドラインセンサが古なっとるな。
454,0x7CC24,17,01,\1\s1更新なしや。
455,0x7CC40,17,01,\0\s0更新、なし。
456,0x7CC8C,21,01, からデータ取得中。\e
457,0x7CCD8,65,01,\0\s0ブラックリストにぶち込みましたっ。\w8\w8\1\s0南ー\w4無ー。\e
458,0x7CD6C,36,01,\0\s0とりあえずラグナロク日記\n\n\_q
459,0x7CD9C,15,01,\_q\n\n受信中。
460,0x7CDB4,24,01,\0\s0腐ったミカン\n\n\_q
461,0x7CDD8,53,01,\0\s0Gガンダムにおけるバルカン的立場のファイル\n\n\_q
462,0x7CE18,48,01,\0\s0母さんはその日家を出ていったファイル\n\n\_q
463,0x7CE54,17,01,のファイル\n\n\_q
464,0x7CE70,52,01,\0\s0今日からラグナロク日記を付けることにした\n\n\_q
465,0x7CEE8,18,01,\_q\n\nのMD5照合。
466,0x7CF6C,13,01,\0\s0一致。\e
467,0x7CFAC,19,01,\0\s3‥‥\w8\w8？\e
468,0x7CFE0,23,01,\0\s0サーバに接続〜。\e
469,0x7D02C,46,01,\0\s3‥‥\w8\w8\1\s0‥‥\w8\w8切なさ炸裂やね。
470,0x7D064,69,01,\0\s[20]更新終了‥‥\w8\w8っと。\w8\w8\s5\n\n少し賢くなったかもです。
471,0x7D12C,32,01,\0\s8‥‥\w8\w8\1\s0駄回線やね。
472,0x7D16C,42,01,\0\s8‥‥\w8\w8\1\s0アップロードミスやね。
473,0x7D1A0,34,01,\0\s8‥‥\w8\w8\1\s0駄サーバやね。
474,0x7D1DC,77,01,\0\s[20]‥‥\w8\w8あ。\w8\w8\n\n本体のバージョンが古いみたいだね‥‥\w8\w8\w8
475,0x7D234,25,01,\1\s0今のわいらは period 
476,0x7D258,84,01, 以降でないと動かへんで。\w8\w8\0\s0\n\nということで、とりあえず本体を入れ替えてね。
477,0x7D2D0,11,01,\0\s3遅っ。
478,0x7D2F8,11,01, に接続〜。
479,0x7D30C,78,01,日ぶりの更新開始〜。\w8\w8\1\s0‥‥\w8\w8いちいち日数数えとるんか、%selfname。
480,0x7D3D0,9,01,秒。\w8\n
481,0x7D3FC,11,01,秒。\w8\n\n
482,0x7D410,53,01,\0\s0‥‥\w8\w8\s7って、無駄足かー！\1\s1落ち着けっ！
483,0x7D450,68,01,\6\0\s0ってことで、勝手に修正するよ。\w8\w8\1\s0‥‥\w8\w8いいのか？
484,0x7D4B8,50,01,\0\s3‥‥\w8\w8遅いー‥‥\w8\w8\1\s0駄回線やね‥‥
485,0x7D51C,22,01,‥‥\w8\w8駄サーバ‥‥
486,0x7D54C,21,01,\0\s0‥‥\w8\w8何が？
487,0x7D57C,63,01,‥‥\w8\w8蹴られた‥‥\w8\w8\1\s0パスワードとか間違ってへんか？
488,0x7D61C,4,01,通／
489,0x7D62C,13,01,バイト\_q\n\n
490,0x7D644,14,01,新しいメール、
491,0x7D65C,10,01,通到着っ。
492,0x7D688,25,01,\0\s0新しいメール、なし。
493,0x7D6AC,16,01,メール来てるよ。
494,0x7D6C8,65,01,\1\s0新しいメールはありません。\w8\w8\0\s0新しい%mzもありません。
495,0x7D728,22,01,メールサーバに接続〜。
496,0x7D748,22,01,メールサーバに接続っ。
497,0x7D780,25,01,\0\s0インストール開始。\e
498,0x7D7DC,26,01,\0\s0\1\s0\0ゴースト\n\n「
499,0x7D800,4,01,」\n
500,0x7D81C,6,01,」\n\n
501,0x7D82C,22,01,インストール完了っ。\e
502,0x7D84C,26,01,」\n\nインストール完了っ。
503,0x7D880,24,01,\0\s0\1\s0\0シェル\n\n「
504,0x7D8B4,26,01,\0\s0\1\s0\0バルーン\n\n「
505,0x7D8D8,28,01,」\n\nインストール完了っ。\e
506,0x7D910,28,01,\0\s0\1\s0\0プラグイン\n\n「
507,0x7D938,14,01,\0\s0\1\s0\0「
508,0x7DA24,4,01,天気
509,0x7DA60,4,01,検索
510,0x7DAA8,6,01,カード
511,0x7DAE0,4,01,設定
512,0x7DBB0,14,01,os連続起動時間
513,0x7DC08,8,01,本体設定
514,0x7DC68,14,01,エクスプローラ
515,0x7DCB0,8,01,ごみ箱空
516,0x7DCF8,18,01,最近使ったファイル
517,0x7DD14,6,01,クリア
518,0x7DD5C,22,01,アイコンキャッシュ破棄
519,0x7DDC0,10,01,ipアドレス
520,0x7DE98,8,01,サイコロ
521,0x7DED4,15,01,\0\s4‥‥\w8\w8
522,0x7DEF8,11,01,\0\s4‥‥？
523,0x7DF20,19,01,\0\s1‥‥\w8\w8む。
524,0x7DF3C,6,01,いたる
525,0x7DF4C,58,01,\0\s4‥‥\w8\w8いや、止めようよ、いたるは。\w8\w8\1\s0‥‥
526,0x7DFAC,14,01,‥‥\w8\w8と。
527,0x7DFC4,33,01,‥‥\w8\w8と。\1\s0間違ってるぞ。
528,0x7DFF0,39,01,地蔵‥‥\w8\w8と。\1\s0‥‥\w8\w8地蔵？
529,0x7E094,76,01,\0\s0む。\w8\w8\n\n\s5メモリリフレッシュの時間がやって参りました！\w8\w8\n\n
530,0x7E0EC,37,01,\1\s0マシン落ちんとええけどな。\w8\w8
531,0x7E11C,60,01,\0\s5そこはそれ、適当に神様とかに祈りましょう！\w8\w8\w8\n\n
532,0x7E164,54,01,"\s0じゃ、行くよー。\x\![raise,On_RefreshMemoryExecute]"
533,0x7E1C4,71,01,\0\s[20]‥‥\w8\w8っと。\w8\w8\n\n\s5メモリリフレッシュ完了！\w8\w8\n\n
534,0x7E214,41,01,\1\s0よかったなマシン落ちんで。\w8\w8\n\n
535,0x7E248,52,01,\0これでマシンの動作が軽くなったかもです！\w8\w8\n\n
536,0x7E288,39,01,\1\s0気のせいやと思うけどな。\w8\w8\n\n
537,0x7E2B8,34,01,\0うにゅうは余計なこと言わないっ！
538,0x7E2F4,109,01,"\0\s[20]IPアドレス取得中‥‥\w8\w8\n\n\![execute,http-get,""http://usada.sakura.vg/ip.php""]\![raise,On_IP_got]"
539,0x7E394,25,01,\0\s0取得完了。\w8\w8\n\n
540,0x7E3C8,16,01,だよ。\w8\w8\n\n
541,0x7E3E4,32,01,クリップボードにコピーする？\n\n
542,0x7E410,36,01,"\![*]\q[する,executecopyipaddress]\n"
543,0x7E440,24,01,"\![*]\q[しない,cancel]\n"
544,0x7E464,42,01,\0\s4‥‥\w8\w8取得失敗。\w8\w8\1\s1むう。
545,0x7E4C8,29,01,\0‥‥\w8\w8\s1気をつけてね。
546,0x7E4F0,29,01,\0‥‥\w8\w8\s4気をつけてね。
547,0x7E52C,42,01,\0\s0ん。\w8\w8\n\n\s5全然大丈夫ですよっ。
548,0x7E560,46,01,\0\s0ん。\w8\w8\n\n\s5ちょっと疲れてるかも‥‥
549,0x7E598,68,01,\0\s0‥‥\w8\w8\w8\w8\s5できれば少し寝かせてくれると嬉しいかもです。
550,0x7E5E8,118,01,"\1\s0‥‥ええんか？\w8\w8\w8\w8\n\nなら、そうさせてもらうわ。\w8\w8\n\n\s2ほなな‥‥\w8\w8\![set,windowstate,minimize]"
551,0x7E668,45,01,"\1\s3‥‥！\w8\w8\![set,windowstate,minimize]"
552,0x7E6A0,87,01,"\0\s8邪魔にされた‥‥\w8\w8\1\s0‥‥\w8\w8そう言うなよ。\w8\![set,windowstate,minimize]"
553,0x7E700,74,01,"\![set,windowstate,stayontop]\0\s5ん。\w8\w8\n\nじゃ、今から手前に出るね。"
554,0x7E754,90,01,"\![set,windowstate,!stayontop]\0\s8あやや‥‥\w8\w8邪魔ですか。\w8\w8\1\s0切ない話やね‥‥"
555,0x7E7C8,16,01,\1‥‥\w8\w8む。
556,0x7E7E4,19,01,\0‥‥\w8\w8\s1む。
557,0x7E800,19,01,\0‥‥\w8\w8\s0ん？
558,0x7E830,27,01,\0\s4‥‥\w8\w8行かないの？
559,0x7E86C,47,01,\0\s0ん。\w8\w8\n\n\s5じゃ、今から3分数えるね。
560,0x7E8A4,58,01,\0\s1え‥‥\w8\w8っと、\w4\s0じゃ、今から3分数え直しだね。
561,0x7E900,47,01,\0\s0ん。\w8\w8\n\n\s5じゃ、今から4分数えるね。
562,0x7E938,58,01,\0\s1え‥‥\w8\w8っと、\w4\s0じゃ、今から4分数え直しだね。
563,0x7E994,47,01,\0\s0ん。\w8\w8\n\n\s5じゃ、今から5分数えるね。
564,0x7E9CC,58,01,\0\s1え‥‥\w8\w8っと、\w4\s0じゃ、今から5分数え直しだね。
565,0x7EA10,64,01,"\![enter,passivemode]\0\s5設定が終わったら OK ボタンを押してね。"
566,0x7EA78,90,01,"\s[20]ごみ箱を掃除‥‥\w8\w8と。\w8\w8\n\n\![raise,Execute,clearrecyclebin]\s5終わったよ。"
567,0x7EADC,109,01,"\s[20]最近使ったファイルをクリア‥‥\w8\w8と。\w8\w8\n\n\![raise,Execute,clearrecentdirectory]\s5終わったよ。"
568,0x7EC28,23,01,\0\s0Notifyリストです。
569,0x7EC48,19,01,\0\s5転がしてみる？
570,0x7EC84,63,01,\0\s[20]IPアドレスコピー‥‥\w8\w8と。\w8\w8\n\n\s5終わったよ。
571,0x7ECE4,21,01,\0\s0Todoリストです。
572,0x7ED04,101,01,"\s[20]アイコンキャッシュクリア‥‥\w8\w8と。\w8\w8\n\n\![raise,Execute,updateexplorer]\s5終わったよ。"
573,0x7ED74,49,01,\0\s[20]今の OS の連続起動時間は‥‥\w8\w8\n\n\s0
574,0x7EDB0,4,01,時間
575,0x7EDCC,6,01,だよ。
576,0x7EDEC,68,01,\0\s5グロンギ語を知っているとはなかなか通ですな。\w8\w8\1\s1フフフ。
577,0x7EE4C,60,01,\0\s5重力語を知っているとはなかなか厨ですな。\w8\w8\1\s1‥‥
578,0x7EEA8,24,01,\0\s8‥‥\w8\w8\1\s0‥‥
579,0x7EF08,31,01,\s[20]ゲーム‥‥\w8\w8\s0と。\n
580,0x7EF30,58,01,"\![*]\q[さくらタイピング,OnTypinggameEnter]\_q - New!\_q\n"
581,0x7EF74,45,01,"\![*]\q[さくらタイピング,OnTypinggameEnter]\n"
582,0x7EFAC,35,01,"\![*]\q[さくらクイズ,OnQuizEnter]\n"
583,0x7EFD8,34,01,"\![*]\q[さくら視力検査,eyesight]\n"
584,0x7F004,26,01,"\![*]\q[キャンセル,cancel]"
585,0x7F068,17,01,\0\s0どれかな？\n
586,0x7F084,52,01,"\![*]\q[ゴースト使用率 - 合計,rateofusegraphtotal]\n"
587,0x7F0C4,53,01,"\![*]\q[ゴースト使用率 - 個別,rateofusegraphsingle]\n"
588,0x7F104,47,01,"\![*]\q[バルーン使用率,rateofusegraphballoon]\n"
589,0x7F1C0,20,01,\b[2]\0\s0何かな？\n
590,0x7F1E0,22,01,"\![*]\q[検索,google]\n"
591,0x7F200,27,01,"\![*]\q[天気予報,weather]\n"
592,0x7F224,26,01,"\![*]\q[時計合わせ,sntp]\n"
593,0x7F28C,22,01,"\![*]\q[ダイス,dice]\n"
594,0x7F2AC,86,01,"\![*]\q[3分,timer3minutes]／\q[4分,timer4minutes]／\q[5分,timer5minutes]\_qタイマ\_q\n"
595,0x7F30C,31,01,"\![*]\q[グロンギ語変換,jtogg]\n"
596,0x7F334,27,01,"\![*]\q[重力語変換,jtogv]\n"
597,0x7F358,34,01,"\![*]\q[CompJapan機能,compjapan]\n"
598,0x7F384,38,01,"\![*]\q[OSの連続起動時間は？,ostime]\n"
599,0x7F3B4,47,01,"\![*]\q[このマシンのIPアドレスは？,ipaddress]\n"
600,0x7F3EC,43,01,"\![*]\q[ごみ箱を空にする,clearrecyclebin]\n"
601,0x7F420,62,01,"\![*]\q[「最近使ったファイル」をクリア,clearrecentdirectory]\n"
602,0x7F468,52,01,"\![*]\q[アイコンキャッシュをクリア,updateexplorer]\n"
603,0x7F4A8,52,01,"\![*]\q[フォントキャッシュをクリア,clearfontcache]\n"
604,0x7F4E8,46,01,"\![*]\q[メモリリフレッシュ,On_RefreshMemory]\n"
605,0x7F538,69,01,\0\s[20]フォントキャッシュ削除‥‥\w8\w8と。\w8\w8\n\n\s5終わったよ。
606,0x7F59C,29,01,\0\s0検索する単語を入れてね。
607,0x7F5EC,112,01,"\0\s0天気の調査開始〜。\![execute,http-get,""http://tenki.www.infoseek.co.jp/yoho/y4410.html""]\![raise,OnWeather]"
608,0x7F688,37,01,\0\s0いわゆる操作方法とかの解説。\n\n
609,0x7F6B8,30,01,"\![*]\q[基本,tutorial_basic]\n"
610,0x7F6E0,40,01,"\![*]\q[インストール,tutorial_install]\n"
611,0x7F714,37,01,"\![*]\q[ホットキー,tutorial_hotkey]\n"
612,0x7F744,43,01,"\![*]\q[さくら固有の要素,tutorial_sakura]\n"
613,0x7F778,27,01,"\![*]\q[戻る,tutorial_quit]"
614,0x7F7B4,117,01,"\0\s0適当にやれば大体何とかなります。\w8\w8\1\s0‥‥\w8\w8いや、いいのか、それで。\x\![raise,OnChoiceSelect,tutorial]"
615,0x7F84C,35,01,\0\s5私固有の要素についてです。\n\n
616,0x7F878,71,01,"\![*]\q[いくつかの分かりづらい要素について,tutorial_sakura_difficult]\n"
617,0x7F8C8,22,01,"\![*]\q[戻る,tutorial]"
618,0x7F90C,49,01,\0\s0えーと。\w8\w8\n\nまず、w2k 限定の話だけど、
619,0x7F948,94,01,時計とかアナログ時計とか、あの手のは、全部ドラッグして好きな位置に移動させられます。\w8\w8\n\n
620,0x7F9B0,47,01,\1\s0邪魔にならん位置に置くとええわ。\w8\w8\n\n
621,0x7F9E8,90,01,\0\s0あと、ダブルクリックでデフォルト位置に戻ります。\w8\w8\n\n\s5うまく配置してね。\w8\w8
622,0x7FA4C,51,01,\1\s0まあ、どうしても邪魔なら消してもええけどな。\x
623,0x7FAD8,41,01,\0\s[20]インストール‥‥\w8\w8\s0と。\n\n
624,0x7FB38,44,01,"\![*]\q[インストール,tutorial_install_dnd]\n"
625,0x7FBC4,72,01,\0\s[20]nar っていうのは、このプログラム用のデータファイルの名前。\w8\w8
626,0x7FC18,107,01,\n\n\s0基本的に、どんなものでも必ず 1つの nar ファイルにまとまってて、拡張子が .nar になってます。\w8\w8\w8
627,0x7FC8C,184,01,\1\s0どんなゴーストも、シェルも、リリースされるときは必ず nar になる。\w8\w8\n\nユーザさんの倉庫にあたるディレクトリには、nar ファイルがずらーっと並ぶことになる、ちゅーわけやな。\w8\w8
628,0x7FD50,20,01,\0\n\nそういうこと。
629,0x7FDC4,126,01,\0\s[20]えーと‥‥\w8\w8\n\n\s0インストールしたい nar ファイルを私にドラッグ＆ドロップすると、それでインストール終わり。\w8\w8
630,0x7FE4C,15,01,\1\s0簡単やね。
631,0x7FE84,187,01,\0\s0ちょっと特殊で便利な機能として、URL を直接私に DnD すると、そのファイルをサーバからダウンロードして、さらにインストールまでできる、っていうのがあります。\w8\n\nこれが URL DnD。\w8\w8
632,0x7FF48,35,01,\1\s0最近はこっちが主流やな。\w8\w8
633,0x7FF74,195,01,\0\n\nブラウザからリンクをドラッグして持ってくるだけだから、さらに簡単。\w8\w8\n\nちなみに落としたファイルは、デフォルトではホームディレクトリの nar っていうディレクトリの中に保存されます。\w8\w8
634,0x80040,116,01,\1\n\n唯一の弱点は‥‥\w8\w8リジュームとかそういう機能があらへんから、回線が遅いと結構アレやっちゅーところか。\w8\w8
635,0x800C0,35,01,\0\s1\n\nま、それだけちょっとね‥‥
636,0x80104,174,01,"\0\s[20]ホットキー‥‥\w8\w8\s0と。\n\n\![*]\q[CTRL+SHIFT+F12,tutorial_hotkey_f12]\n\![*]\q[CTRL+SHIFT+DEL,tutorial_hotkey_del]\n\![*]\q[CTRL+SHIFT+INS,tutorial_hotkey_ins]\n"
637,0x801D8,143,01,"\0\s0\_qCTRL+SHIFT+F12\_q で、デフォルト位置に戻るよ。\w8\w8\1\s0画面外に吹っ飛んだときは、これやな。\x\![raise,OnChoiceSelect,tutorial_hotkey]"
638,0x8028C,111,01,"\0\s0\_qCTRL+SHIFT+DEL\_q はバルーン消し。\w8\w8\1\s0これは基本やな。\x\![raise,OnChoiceSelect,tutorial_hotkey]"
639,0x80320,130,01,"\0\s0\_qCTRL+SHIFT+INS\_q で SEND Box。\w8\w8\1\s0‥‥\w8\w8ま、デバッグ用やな。これは。\x\![raise,OnChoiceSelect,tutorial_hotkey]"
640,0x803C4,60,01,"\0\s0じゃ、また必要になったらどうぞ〜。\![leave,passivemode]"
641,0x80420,12,01,「よく喋る」
642,0x80438,8,01,「普通」
643,0x8044C,8,01,「黙る」
644,0x80460,23,01,\0\s0む。\w8\w8\n\n今は
645,0x80480,30,01,ってことになってるけど‥‥\n\n
646,0x804A8,33,01,"\![*]\q[よく喋る,talkingrate_0]\n"
647,0x804D4,29,01,"\![*]\q[普通,talkingrate_1]\n"
648,0x804FC,29,01,"\![*]\q[黙る,talkingrate_2]\n"
649,0x80524,32,01,\![*]\q3[quit][やっぱり変えない]
650,0x80568,25,01,\0\s4‥‥\w8\w8飽きるよ？
651,0x805A4,93,01,\0\s[20]‥‥\w8\w8普通とかそういうのが一番大変なんだよね。\w8\w8\1\s0‥‥\w8\w8そう言うなよ。
652,0x80624,44,01,\0\s0‥‥\w8\w8\w8\n\n\s1‥‥\w8\w8\1\s1‥‥
653,0x806A8,57,01,\0\s5もはやニュースじゃないかもしれないニュースです。\n\n
654,0x806EC,56,01,"\![*]\q[やや叩き売りムード,On_Newscore,xbox_tatakiuri]\n"
655,0x80730,59,01,"\![*]\q[ラグナロクとどっちを取る,On_Newscore,shininglore]\n"
656,0x80774,53,01,"\![*]\q[ジャンル：説教,On_Newscore,metalgearsolid2]\n"
657,0x807B4,42,01,"\![*]\q[知らないですう,On_Newscore,klez]\n"
658,0x807E8,49,01,"\![*]\q[「この」ネトゲ,On_Newscore,kono_netoge]\n"
659,0x80824,42,01,"\![*]\q[セントウキ,On_Newscore,sentouki]\n"
660,0x80858,56,01,"\![*]\q[ときめき商法の末裔,On_Newscore,tokimekityping]\n"
661,0x8089C,35,01,"\![*]\q[狂人,On_Newscore,kyoujin]\n"
662,0x808C8,44,01,"\![*]\q[カゲキヨさん,On_Newscore,kagekiyo]\n"
663,0x80900,59,01,"\![*]\q[真贋以前の問題はないのかと,On_Newscore,mandarake]\n"
664,0x80944,49,01,"\![*]\q[リネージュ最大の謎,On_Newscore,lineage]\n"
665,0x80980,53,01,"\![*]\q[ポケモン騒動を検証する,On_Newscore,porigon]\n"
666,0x809C0,45,01,"\![*]\q[デジタルさん,On_Newscore,digitaltv]\n"
667,0x809F8,49,01,"\![*]\q[値崩れのひみつ2,On_Newscore,tokimemo32]\n"
668,0x80A34,43,01,"\![*]\q[T-ZONEマジック,On_Newscore,tzone]\n"
669,0x80A68,46,01,"\![*]\q[ドナルドマジック,On_Newscore,donald]\n"
670,0x80AA0,39,01,"\![*]\q[キスユー,On_Newscore,kissyou]\n"
671,0x80AD0,34,01,"\![*]\q[良雄,On_Newscore,yoshio]\n"
672,0x80AFC,43,01,"\![*]\q[バーニィさん,On_Newscore,ba-nili]\n"
673,0x80B30,59,01,"\![*]\q[青少年有害社会環対策基本法その2,On_Newscore,war1]\n"
674,0x80B74,32,01,"\![*]\q[ロリ,On_Newscore,loli]\n"
675,0x80BA0,45,01,"\![*]\q[晒し上げ,On_Newscore,tbssarashiage]\n"
676,0x80BD8,39,01,"\![*]\q[.hack さん,On_Newscore,.hack]\n"
677,0x80C08,39,01,"\![*]\q[デジタル,On_Newscore,digital]\n"
678,0x80C38,47,01,"\![*]\q[値崩れのひみつ,On_Newscore,tokimemo3]\n"
679,0x80C70,44,01,"\![*]\q[怪物,On_Newscore,matsushimananako]\n"
680,0x80CA8,47,01,"\![*]\q[責任転嫁母さん,On_Newscore,everquest]\n"
681,0x80D08,40,01,"\![*]\q[戸土野,On_Newscore,todonogari]\n"
682,0x80D3C,57,01,"\![*]\q[あずまんがWeb大王,On_Newscore,azumangawebdaiou]\n"
683,0x80DAC,45,01,"\![*]\q[エイベックス地獄,On_Newscore,avex0]\n"
684,0x80DE4,45,01,"\![*]\q[萌え焼肉屋,On_Newscore,moeyakiniku]\n"
685,0x80E1C,47,01,"\![*]\q[PSO アナログモデム,On_Newscore,psogc]\n"
686,0x80E54,54,01,"\![*]\q[青少年有害社会環対策基本法,On_Newscore,war0]\n"
687,0x80E94,64,01,"\![*]\q[キューバ、国民へのパソコン販売を禁止,On_Newscore,cuba]\n"
688,0x80EE0,47,01,"\![*]\q[ときめき,On_Newscore,tokimekibusaiku]\n"
689,0x80F18,83,01,"\![*]\q[PS版真2のバグはもはや尋常じゃないドミネーター,On_Newscore,shinmegaten2ps]\n"
690,0x80F74,52,01,"\![*]\q[でじこ in カメハウス,On_Newscore,dejikame]\n"
691,0x80FD8,180,01,\0\s0.hack は誰にとって面白いんだろうね。\w8\w8\w8\1\s0‥‥\w8\w8あの調子では、ラグナロクやってるような奴からも馬鹿にされるやろしな。\w8\w8\w8\0\s[20]\n\n‥‥\w8\w8\w8\1\s1\n\n‥‥
692,0x810F8,26,01,\1\s1‥‥！\w8\w8\0\s8‥‥
693,0x8117C,89,01,\1\s0‥‥\w8\w8\0\s0‥‥\w8\w8ま、\w8\n\n例によってゲーム性には期待できなさそうだけどね。
694,0x81244,202,01,\1\s1風呂敷を広げすぎて収拾がつかないシナリオ\w8\n説教臭い\w8\nプラント編でのラブコメ\w8\n突拍子もないオカルト路線\w8\nイベント三昧\w8\n説明長すぎ\0\s7このゲームやったことないけど凄いありそう！\w8納得！
695,0x81368,64,01,\0\s0何ていうかお前は from なんか信じてる場合かと。\1\s1まあな。
696,0x8140C,70,01,\0\s0‥‥\w8\w8\1\s1‥‥\w8\w8\w8\w8\0\n\nま、結局そういうことだよね。
697,0x814A8,26,01,\0\s0‥‥\w8\w8\1\s1‥‥！
698,0x81530,68,01,\0\s0‥‥\w8\w8客はちゃんといるのかな。\w8\w8\1\s1‥‥\w8\w8さあな。
699,0x815DC,24,01,\0\s0‥‥\w8\w8\1\s1‥‥
700,0x8165C,63,01,\0\s0‥‥\w8\w8\1\s1‥‥\w8\w8\w8\w8\0\n\nカゲキヨって、\w8何。
701,0x81700,24,01,\0\s8‥‥\w8\w8\1\s1‥‥
702,0x81778,24,01,\0\s4‥‥\w8\w8\1\s1‥‥
703,0x81BA0,198,01,\0\s8“我々（ゲストなど）が昔にやっていた外の遊びの方が面白い”\w8“ポケモンなんかやってないで、外で遊んだ方が良い”\w8のようなお粗末でお決まりのコメントしか言えないのです。\w8\w8\1\s1アホやからな。
704,0x81CC8,109,01,\0\s0‥‥\w8\w8ていうか逆で、売れたらびっくりなんだけど。\w8\w8\w8\n\n\s\1\s0売れる理由が全くあらへんからな。
705,0x81D8C,54,01,\0\s8‥‥\w8\w8\1\s0‥‥\w8\w8\w8\w8\0\n\n無理しすぎ。
706,0x81E24,78,01,\0\s[20]‥‥\w8\w8\1\s0‥‥\w8\w8\w8\w8\s1ドナルドマジック。\0\n\nうるさいよ。
707,0x81EB8,50,01,\0\s[20]‥‥\w8\w8\1\s0‥‥\w8\w8\w8\w8\s1すげえ。
708,0x81F50,27,01,\0\s[20]‥‥\w8\w8\1\s0‥‥
709,0x81F84,164,01,\0\s[20]なんか話によると、\w8スーパーロボット大戦でバーニィがかなり強いらしいんだよね‥‥\w8\w8\1\s0‥‥\w8\w8\w8\w8\0\n\n‥‥\w8\w8強くちゃまずいと思うんだけど‥‥
710,0x8208C,163,01,\0\s[20]下手にこういう形で何となく危機が去ってしまうと、\w4次も\w8「まあほっといても何とかなるだろう」\w8\w8で済まされそうで、ちょっとアレだよね‥‥\w8\w8\1\s1‥‥
711,0x82184,27,01,\0\s[20]‥‥\w8\w8\1\s1‥‥
712,0x82204,126,01,\0\s0ここには、シュガーの抽選プレゼントのテレカをヤフオクに上げた人が、晒し上げられていました。\w8\w8\1\s1今は消えとるけどな。
713,0x822D8,103,01,\w8\w8\w8\w8\1\s1高画質とか双方向とか、そんな妄想であんなクソ高いテレビが売れるなら苦労はあらへんで‥‥
714,0x82394,65,01,\0\s0‥‥\w8\w8\1\s1‥‥\w8\w8\w8\w8\w8\w8\0\n\n50本って、\w8何。
715,0x824F0,87,01,\0\s0‥‥\w8\w8\w8\w8\1\s0‥‥\w8\w8\0\s0\n\n‥‥\w8\w8コメントできないニュース多すぎ。
716,0x8256C,131,01,\0\s0‥‥\w8\w8あずまんがWeb大王は、なかったことになってるのかな。\w8\w8\w8\w8\1\s0‥‥\w8\w8伝説になってもいい内容やと思うけどな。
717,0x82648,59,01,\0\s0‥‥\w8\w8\w8\w8\1\s0‥‥\w8\w8\0\s0\n\n‥‥\w8\w8誰？
718,0x826EC,44,01,\0\s8‥‥\w8\w8\w8\w8\1\s0‥‥\w8\w8すげえ。
719,0x82768,74,01,\1\s0萌え焼肉屋。\w8\w8\0\s0‥‥\w8\w8\w8\w8\1\n\n‥‥\w8\w8萌え萌えやね。
720,0x827F4,181,01,\0\s8‥‥\w8\w8アナログモデムだって。\w8\w8\1\s0‥‥\w8\w8アナログモデムか。\w8\w8\0\n\nうん。\w8\w8\n\nアナログモデム。\w8\w8\w8\w8\1\s1\n\n‥‥\w8\w8何年前の商売しとんねん、これ。
721,0x828C8,165,01,\j[http://village.infoweb.ne.jp/~fwnw7883/notions.html]\v\0\s[20]なんていうのかな‥‥\w8\w8\w8\w8\n\n\s0隠れ番長みたいな。\w8\w8\1\s0‥‥\w8\w8まあ、そんな感じやな。
722,0x829D4,52,01,\0\s8‥‥\w8\w8\w8\w8\1\s0‥‥\w8\w8アタックナイフ。
723,0x82A74,70,01,\0\s8‥‥\w8\w8\1\s0‥‥\w8\w8\w8\w8\0\n\nどうしよう。\1\n\n知らんわ。
724,0x82B28,76,01,\0\s0‥‥\w8\w8ゴリ押しの国はやることが違うね‥‥\w8\w8\1\s0‥‥\w8\w8ああ。
725,0x82BD4,120,01,\0\s0「知らなかった」\w8とか「どうでもいい」\w8で済まされても困るんで。\w8\w8\1\s0これは戦争や。\w8\w8\n\n分かっとるか？
726,0x82CB0,14,01,\0\s[25]‥‥！
727,0x82CC8,76,01,\0\s[25]‥‥っ！\w8\w8\n\nい‥‥\w8\w8いやです。\w8\w8\n\nやめて下さい‥‥！
728,0x82D20,54,01,\t\0\s[25]‥‥っ！\w8\w8\w8\w8\s[-1]\b[-1]\w8\w8\w8\w8
729,0x82D60,60,01,\1\s0‥‥\w8\w8気まずい雰囲気、っちゅう奴やな。\w8\w8\w8\n\n
730,0x82DA8,99,01,\1\s0大して親しくもない相手の乳いきなり揉んだら、アホやと思われてもしゃあないで‥‥\w8\w8\w8\w8\n\n
731,0x82E14,181,01,‥‥\w8\w8世の中には揉んでええ乳と、揉んだらアカン乳がある。\w8\w8\w8乳はちゃんと揉んでもええ状態にしてから揉むもんや。\w8\w8\w8\w8\w8\n\n「心開けば自ずと胸も揉み放題」\w8\w8\w8\n\n
732,0x82ED4,56,01,\s1これ、うにゅうさんからのアドバイスやで‥‥\w8\w8\w8\-
733,0x82F48,66,01,\t\0\s[23]ん‥‥‥‥\w8\w8\w8\w8\n\nあ。\w8\w8\c\b[-1]\s[-1]\w8\w8
734,0x82F94,54,01,\0\s5な、何かな？\1\s0‥‥\w8\w8よだれ拭きや、よだれ。
735,0x82FD4,21,01,\1\s0‥‥\w8\w8\w8\w8
736,0x82FF4,56,01,\0\s5な、何かな？\1\s0\n\n‥‥\w8\w8大変やね、さくらも。
737,0x8305C,16,01,\0\s[22]んー‥‥
738,0x83078,16,01,\0\s[22]むー‥‥
739,0x83094,18,01,\0\s[22]うーん‥‥
740,0x830B0,16,01,\0\s[22]あ‥‥‥
741,0x830CC,16,01,\0\s[22]ん‥‥‥
742,0x830E8,18,01,\0\s[22]んん‥‥‥
743,0x83104,66,01,\0\s[20]‥‥！\w8\w8\w8\s5ね、\w4寝てないですよっ！\w8\w8\1\s1‥‥
744,0x83150,67,01,\1\s3とくにあやしいところはない。\w8\w8\n\nただのかんばんのようだ。
745,0x8319C,49,01,\0\s0ん。\w8\w8\n\n\s5まだ何か用？\w8\w8\1\s1‥‥
746,0x831E8,42,01,\0\s7顔を突くなっ！\1\s1落ち着けっ！\0\n\n
747,0x8321C,20,01,\0\s1\1\s0\0‥‥\n\n
748,0x8323C,20,01,\0\s0\1\s0\0ん？\n\n
749,0x8325C,20,01,\0\s0\1\s0\0ん。\n\n
750,0x8327C,30,01,"\![*]\q[用事,commandbymouse]\n"
751,0x832A4,35,01,"\![*]\q[ゲーム,game]\_q - New!\_q\n"
752,0x832D0,22,01,"\![*]\q[ゲーム,game]\n"
753,0x832F0,40,01,"\![*]\q[ニュース,On_News]\_q - New!\_q\n"
754,0x83324,27,01,"\![*]\q[ニュース,On_News]\n"
755,0x83348,56,01,"\![*]\q[おすすめ,On_Recommend]／\q[お役立ち,On_Portal]\n"
756,0x8338C,34,01,"\![*]\q[チュートリアル,tutorial]\n"
757,0x833B8,29,01,"\![*]\q[設定,configuration]\n"
758,0x833E0,37,01,"\![*]\q[ネットワーク更新,On_Update]\n"
759,0x83410,41,01,"\![*]\q[ネットワーク更新,On_Update]\_q - "
760,0x83444,39,01,"\![*]\q[本体設定,configurationdialog]\n"
761,0x83474,39,01,"\![*]\q[ゴーストの変更,ghostexplorer]\n"
762,0x834A4,37,01,"\![*]\q[シェルの変更,shellexplorer]\n"
763,0x834D4,41,01,"\![*]\q[バルーンの変更,balloonexplorer]\n"
764,0x83508,56,01,"\![*]\q[ヘッドラインセンサ一覧,headlinesensorexplorer]\n"
765,0x8354C,33,01,"\![*]\q[メールチェック,On_BIFF]\n"
766,0x83578,38,01,"\![*]\q[使用率グラフ,rateofusegraph]\n"
767,0x835A8,100,01,"\![*]\q[手前に,stayontop]／\q[普通に,!stayontop]\_l[189,-]\![*]\q[Windows 再起動,On_rebootwindows]\n"
768,0x83618,72,01,"\![*]\q[どいて,minimize]\_l[202,-]\![*]\q[Windows 終了,On_exitwindows]\n"
769,0x8366C,35,01,"\![*]\q[疲れてない？,sleepylevel]\n"
770,0x83698,28,01,"\![*]\q[デバッグ,On_debug]\n"
771,0x836C0,59,01,"\![*]\q[キャンセル,cancel]\_l[250,-]\![*]\q[終了,terminate]"
772,0x83704,30,01,\1\b[2]\s0‥‥\w8\w8何や？\n\n
773,0x8372C,44,01,"\![*]\q[部屋で寝かせてあげたら？,minimize]\n"
774,0x83764,30,01,\1\b[2]\s3‥‥\w8\w8何や？\n\n
775,0x8378C,24,01,"\![*]\q[邪魔,minimize]\n"
776,0x837B0,62,01,\1\s0あー。\w8\nわいはやる気ないから、つついても無駄やで‥‥\e
777,0x837F8,13,01,\1\s0突くなら
778,0x83810,12,01,を突きや‥‥
779,0x83828,21,01,\1\s0だーかーらー。\e
780,0x83848,80,01,\0\s3ああー。\w8\n\nうにゅうは危険だからあんまりつつかない方が‥‥\w8\1\s1‥‥\e
781,0x838A4,49,01,\1\s1はじめまして。\w8\nちよの父です。\0\s3‥‥\e
782,0x838E0,11,01,\1\s1‥‥\e
783,0x838F4,79,01,\1\s1はじめまして。\w8\n\nBKA（ドイツ連邦捜査局）のルンゲ警部です。\w8\0\s3‥‥
784,0x83960,31,01,\0\s0デバッグメニューです。\n\n
785,0x83988,52,01,"\![*]\q[サーフィス再ロード,On_debug_reloadsurface]\n"
786,0x839C8,31,01,"\![*]\q[風呂へ,On_debug_furo]\n"
787,0x839F0,47,01,"\![*]\q[放置カウント1200,On_debug_houchi1200]\n"
788,0x83A28,45,01,"\![*]\q[最も眠い状態になる,On_debug_nemuku]\n"
789,0x83A60,52,01,"\![*]\q[最も眠くない状態になる,On_debug_nemukunai]\n"
790,0x83AF8,29,01,\0\s0放置カウントプラス1200。
791,0x83B50,169,01,\0\s6‥‥\w8\w8と。\w8\w8\w8\w8\n\n\s0だいぶ疲れてきたよ‥‥\w8\w8\w8\w8\n\n何回やっても慣れないね、これは。\w8\w8\1\s0まあ、無理矢理データだけ書き換えとるわけやからな。
792,0x83C20,173,01,\0\s6‥‥\w8\w8と。\w8\w8\w8\w8\n\n\s0急に元気になってきたよ‥‥\w8\w8\w8\w8\n\n何回やっても慣れないね、これは。\w8\w8\1\s0まあ、無理矢理データだけ書き換えとるわけやからな。
793,0x83CF0,31,01,\0\s0本当に終了しちゃうよ？\n\n
794,0x83D18,36,01,"\![*]\q[どうぞ,On_exitwindows_yes]\n"
795,0x83D48,28,01,"\![*]\q[やっぱやめ,cancel]\n"
796,0x83DA8,33,01,\0\s0本当に再起動しちゃうよ？\n\n
797,0x83DD4,38,01,"\![*]\q[どうぞ,On_rebootwindows_yes]\n"
798,0x83E38,32,01,\b[2]\0\s5お役立ちサイトです。\n
799,0x83E64,50,01,"\![*]\q[さくらナビ,On_PortalSelected,sakuranavi]\n"
800,0x83F4C,53,01,"\![*]\q[何かゴーストセンター,On_PortalSelected,ngc]\n"
801,0x83F8C,44,01,"\![*]\q[さいもえ,On_PortalSelected,saimoe]\n"
802,0x841B4,34,01,\b[0]\0\s5おすすめのサイトです。\n
803,0x841E0,53,01,"\![*]\q[愛理 - versus NP,On_RecommendSelected,airi]\n"
804,0x84220,58,01,"\![*]\q[美耳 - pink revolution,On_RecommendSelected,333]\n"
805,0x84264,43,01,"\![*]\q[実家,On_RecommendSelected,sakura]\n"
806,0x84380,16,01,に切り替えたよ。
807,0x843D4,147,01,\t\0\s1\1\s0\0‥‥\w8\w8データファイルいじったでしょ。\w8\w8\1\s0‥‥\w8\w8\0\n\n‥‥\w8\w8\w8\w8\n\nそういうことしてると、ほんとに怒っちゃうよ‥‥
808,0x84470,102,01,\t\0\s1\1\s0\0‥‥\w8\w8私は、その‥‥\w8\w8\w8\w8\n\n‥‥\w8\w8いやなので、ああいうのは。\w8\w8\w8\w8
809,0x844E0,104,01,\1\s0‥‥\w8\w8ま、ユーザさんも気使てやってや。\w8\w8な。\w8\w8\w8\w8\n\nさくらも気い取り直し？\w8\w8\w8
810,0x84554,43,01,\0\n\n‥‥\w8\w8うん。\w8\w8\s0そうだね‥‥
811,0x84588,58,01,\0\s0\1\s0\0よっ。\w8\w8\1よっ。\w8\w8\w8\w8\0\c\1\c\b[-1]
812,0x845E4,30,01,は2chへ帰れ！\1\s1落ち着けっ！
813,0x8460C,80,01,\0\s3\1\s0\0むぅー。\w8\n\n%msが金属バットを持ってこっちの方に‥‥\w8\1\s0‥‥\e
814,0x84668,59,01,\0\s3\1\s0\0むぅー。\w8\n\nセコムしやがれ‥‥\w8\1\s0‥‥\e
815,0x846AC,27,01,\0\s3\1\s0\0むぅー。\w8\n\n
816,0x846DC,29,01,の腕を食ってる‥‥\w8\1‥‥\e
817,0x84704,25,01,を食ってる‥‥\w8\1‥‥\e
818,0x84728,41,01,のふくらみかけた胸の先端を‥‥\w8\1‥‥\e
819,0x8475C,27,01,の心の闇‥‥！？\w8\1‥‥\e
820,0x84780,45,01,\0\s3\1\s0\0‥‥\w8\w8モンプチ‥‥\w8\1‥‥\e
821,0x847B8,67,01,\0\s3\1\s0\0‥‥\w8\w8犯人、分かっちゃったんですけど‥‥\w8\1‥‥\e
822,0x84804,47,01,\0\s7\1\s0\0間に合ってます！\1\s1落ち着けっ！\e
823,0x8483C,27,01,\0\s3\1\s0\0‥‥\1\s0‥‥\e
824,0x84860,112,01,\0\s3\1\s0\0‥‥\w8\w8\1‥‥\w8\w8おい。\w8\w8\0あー‥‥\w8\w8\w8\w8%mz。\w8\w8\1\s0\n\nいや、意味分からんぞ‥‥
825,0x848DC,45,01,\0\s7\1\s0\0黙って寝てろっ！\1\s1落ち着けっ！
826,0x84914,59,01,\0\s0\1\s0\0あーさー。\w8\1‥‥\w8\w8\0\n\nあーさーだー。\e
827,0x84958,105,01,\0\s0\1\s0\0ゆーうーがーたー。\w8\1‥‥\w8\w8\0\n\nゆーうーがーたーだー。\w8\1\n\n‥‥\w8語呂が悪いぞ。\e
828,0x849CC,59,01,\0\s0\1\s0\0よーるー。\w8\1‥‥\w8\w8\0\n\nよーるーだー。\e
829,0x84A10,59,01,\0\s0\1\s0\0ひーるー。\w8\1‥‥\w8\w8\0\n\nひーるーだー。\e
830,0x84A54,38,01,\0\s0\1\s0\0あ。\w8\w8\n\n元気でしたか
831,0x84A84,20,01,。\w8\w8\1‥‥\w8\w8
832,0x84AA4,12,01,\0\n\n今日、
833,0x84ABC,29,01,日のスケジュールです。\w8\n\n
834,0x84AE4,30,01,早朝：\w4一分でも多く睡眠\w8\n
835,0x84B0C,32,01,朝　：\w4今日も通勤ラッシュ\w8\n
836,0x84B38,32,01,昼　：\w4働く気力が起きない\w8\n
837,0x84B64,22,01,夕方：\w4辞めたい\w8\n
838,0x84B84,42,01,深夜：\w4明日も早いから早く寝なきゃ‥‥\w8
839,0x84BB8,26,01,早朝：\w4延々とコピー\w8\n
840,0x84BDC,26,01,朝　：\w4直前まで折り\w8\n
841,0x84C00,32,01,昼　：\w4半分寝ながら売り子\w8\n
842,0x84C2C,34,01,夕方：\w4半分寝ながら打ち上げ\w8\n
843,0x84C58,16,01,深夜：\w4‥‥\w8
844,0x84C74,29,01,早朝：\w42chで時間を浪費\w8\n
845,0x84C9C,18,01,朝　：\w4就寝\w8\n
846,0x84CB8,18,01,昼　：\w4起床\w8\n
847,0x84CD4,29,01,夕方：\w42chで時間を浪費\w8\n
848,0x84CFC,27,01,深夜：\w42chで時間を浪費\w8
849,0x84D20,32,01,早朝：\w4ネトゲで時間を浪費\w8\n
850,0x84D4C,32,01,夕方：\w4ネトゲで時間を浪費\w8\n
851,0x84D78,30,01,深夜：\w4ネトゲで時間を浪費\w8
852,0x84DA0,28,01,早朝：\w4というか、徹夜\w8\n
853,0x84DC8,21,01,早朝：\w4%mz体操\w8\n
854,0x84DE8,52,01,早朝：\w4早朝マラソンしてる老人を追跡してパンチ\w8\n
855,0x84E28,54,01,早朝：\w4早朝マラソンしてる老人を追跡してチョップ\w8\n
856,0x84E68,40,01,早朝：\w4泣けばいいと思っているのか\w8\n
857,0x84E9C,22,01,早朝：\w4牛乳泥棒\w8\n
858,0x84EBC,22,01,早朝：\w4先物取引\w8\n
859,0x84EDC,20,01,朝　：\w4朝帰り\w8\n
860,0x84EFC,20,01,朝　：\w4迎え酒\w8\n
861,0x84F1C,52,01,朝　：\w4死んだ魚のような目でワイドショーを鑑賞\w8\n
862,0x84F5C,36,01,朝　：\w4全く起きる気になれない\w8\n
863,0x84F8C,42,01,朝　：\w4目覚まし時計をチョップで破壊\w8\n
864,0x84FC0,26,01,朝　：\w4うどんを食う\w8\n
865,0x84FE4,54,01,昼　：\w4死んだ魚のような目で笑っていいともを鑑賞\w8\n
866,0x85024,40,01,昼　：\w4昼間からネトゲで時間を浪費\w8\n
867,0x85058,24,01,昼　：\w4昼間から酒\w8\n
868,0x8507C,18,01,昼　：\w4就寝\w8\n
869,0x85098,68,01,昼　：\w4山岡士郎と飯を食いに行ったがためにまたあんなことに‥‥\w8\n
870,0x850E8,26,01,昼　：\w4うどんを食う\w8\n
871,0x8510C,24,01,早朝：\w4土地転がし\w8\n
872,0x85130,52,01,夕方：\w4死んだ魚のような目でテレ東アニメを鑑賞\w8\n
873,0x85170,19,01,夕方：\w4ゲーセンで
874,0x8518C,9,01,連敗\w8\n
875,0x851A0,20,01,夕方：\w4切ない\w8\n
876,0x851C0,26,01,夕方：\w4うどんを食う\w8\n
877,0x851E4,109,01,深夜：\w8%msのことを考えると切なくて‥‥\w8寝付けなくて‥‥\w8\w8床をゴロゴロ転がって‥‥\w8\w8でも好きで‥‥
878,0x8525C,27,01,深夜：\w4ネトゲで時間を浪費
879,0x85280,42,01,深夜：\w4%msとあんなことやこんなことを‥‥
880,0x852B4,13,01,深夜：\w4妄想
881,0x852CC,21,01,深夜：\w4うどんを食う
882,0x852EC,147,01,\0\s[44]\1\s0\0よっ。\w8\w8\1\s1‥‥！\w8\w8\w8\w8\0\n\n‥‥\w8\w8あ。\w8\w8\w8\s[-1]\w8\w8\w8\w8\s8いや、ついクセでね‥‥\1\s1\n\nそういう問題か。
883,0x85398,32,01,\0\s1\1\s0\0‥‥\w8\w8落ちた‥‥
884,0x853C4,57,01,\0\s7\1\s0\0ヘボいプログラムを作るなー！\1\s0落ち着けっ！
885,0x85408,22,01,\0\s0\1\s0\0‥‥\w8\w8
886,0x85428,50,01,はお亡くなりになりました。\w8\w8\1\s0南ー\w4無ー。
887,0x85464,46,01,はお星様になりました。\w8\w8\1\s0南ー\w4無ー。
888,0x854AC,116,01,\1\s0‥‥\w8\w8ちょっとかわいそうやけど、しゃあないな。\w8\w8\w8\w8\n\nまた今度やな。\w8\w8\n\n\s2ほなな‥‥\w8\w8\-
889,0x8552C,71,01,\1風呂行っとる間に終了か‥‥\w8\w8\w8\w8\w8\w8\n\n\s1ええんか？\w8\w8\-
890,0x8557C,30,01,\0\s0じゃ。\w8\1\s0また。\w8\-
891,0x855A4,115,01,\0\s0ん。\w8\w8\n\nじゃ、またね。\w8\w8\s[-1]\b[-1]\1\s1‥‥\w8\w8それが、\w4さくらの声を聞いた\w4最後だった。\w8\-
892,0x85620,77,01,\0\s7この数分のために呼び出される方の気持ちも考えろっ！\1\s1落ち着けっ！\w8\-
893,0x8568C,52,01,\0\s0‥\w4‥\w4‥\w4‥\w8\w8\s0はいはい‥‥\w8と。\e
894,0x856E4,43,01,\0\s4見られて、\w8ない！\w8\1切なさ炸裂！\e
895,0x85718,6,01,\1‥‥
896,0x85750,56,01,\1\s0元気出しや‥‥\w8\0‥‥\w8\w8\1\n\n出さんのかい。\e
897,0x857B8,52,01,\0\s0‥‥\w8\w8目、乾くよ？\w8\w8\1‥‥\w8\w8\s0‥‥
898,0x85804,62,01,\0\s0‥‥\w8\w8いつまで手上げてるの？\w8\w8\1‥‥\w8\w8\s0‥‥
899,0x858B0,19,01,\0\s0かべがみー。\e
900,0x858E4,25,01,\0\s0あ。\w8\w8\n\nこれは
901,0x85908,39,01,に直接渡して。\w8\w8\1\s0勝手に開けると
902,0x85938,8,01,がキレて
903,0x8594C,21,01,HDDを飛ばすからな。\e
904,0x8596C,36,01,密かにユーザ情報を送信するからな。\e
905,0x859C8,87,01,\h\s3‥‥\w8って、なんか unlha32 死んでるっぽんですけど。\w8\u\s0初歩的な問題やなー。\e
906,0x85A38,87,01,\h\s3‥‥\w8って、なんか unzip32 死んでるっぽんですけど。\w8\u\s0初歩的な問題やなー。\e
907,0x85A98,68,01,\h\s3‥‥\w8って、ダメじゃんこのファイル。\w8\u\s0古いんちゃうか？\e
908,0x85AFC,221,01,\0\s[44]\1\s0\0よっ。\w8\w8\1\s1‥‥！\w8\w8\w8\w8\0\n\n‥‥\w8\w8あ。\w8\w8\s[-1]\b[-1]\w8\w8\w8\w8\w8\s8まちがいまちがい。\w8\w8\w8\w8\n\nいや、ついクセでね。\1\s1\n\n間違いすぎやろ、お前。\w8\w8\w8\w8\n\n\0\c\1\c\b[-1]
909,0x85BE4,73,01,\0\s0さて。\w8\w8\s5インストールしてくれてどうもありがとね。\w8\w8\w8\n\n
910,0x85C38,34,01,\s0私の名前は、さくら。\w8\w8\w8\n
911,0x85C64,137,01,付き合いが長くなるか短くなるかは分からないけど、とりあえず、よろしく。\w8\w8\1\s0‥‥\w8\w8何事もなかったように始めよったな。\w8\w8\w8\w8
912,0x85CF8,133,01,\0\s0\n\nあ。\w8こっちの青い生き物は、うにゅう。\w8\w8\w8\n何ていうか‥‥\w8\w8\w8\w8\s8化け物だね。\1\n\n\s1‥‥！\w8\w8\w8\w8\w8\w8
913,0x85D88,104,01,\0\c\1\c\b[-1]\0\s0このソフトを使う上で一つだけ条件があります。\w8\w8\nそれは、広めること。\w8\w8\w8\n\n
914,0x85DFC,96,01,マテリアライズでは、たくさんのデスクトップに住みつくことが、とても大事なことなのです。\w8\w8\n\n
915,0x85E68,222,01,\s5お友達にも紹介して、\nお友達も綺麗にしてあげましょう！\w8\w8\1\s0また、古いな。\w8\w8\w8\w8\0\s8\n\nというか、\w8広めないと、\w8燃えるよ。\w8\w8\1\s0\n\n‥‥\w8\w8何や。何が燃えるんや‥‥\w8\w8\w8\w8\w8\w8\0\c\1\c\b[-1]
916,0x85F50,131,01,\1\b[-1]\0\s[20]‥‥\w8\w8と、いったところで。\w8\w8\n\n\s5私はずっとここにいるから、用事があるときは、適当にクリックして呼んでね。
917,0x8601C,4,01,陽子
918,0x8602C,32,01,\0\s0\1\s0\_sわしづかみ終了。\_s
919,0x86058,67,01,\0\s0\1\s0\0‥‥\w8\w8\w8\w8あいつ、絶対犬じゃないよね。\1\s1‥‥！
920,0x860A4,6,01,あると
921,0x860B4,74,01,\0\s0\1\s0\_sカレー終了。\_s\w8\w8\1\n\n‥‥\w8\w8いや、いいのか、それで。
922,0x86108,8,01,花ちゃん
923,0x8611C,74,01,\0\s0\1\s0\_sうどん終了。\_s\w8\w8\1\n\n‥‥\w8\w8いや、いいのか、それで。
924,0x86170,4,01,毒子
925,0x86180,104,01,\0\s0\1\s0\_sローパフォーマンスマシン殺し終了。\_s\w8\w8\1\n\n‥‥\w8\w8キング・オブ・リソース食いやね。
926,0x861F4,81,01,\0\s[20]\1\s0\0‥‥\w8\w8太ったの？\w8\w8\w8\w8\1\s0‥‥\w8\w8\w8\w8\0\s0\n\n‥‥
927,0x86250,20,01,\0\s0\1\s0\0むー‥‥
928,0x86270,14,01,サンバーレイン
929,0x86288,136,01,\0\s[20]\1\s0\0あの人も変わったよね‥‥\w8\w8\1\s0ああ。\w8\w8\n\n昔はビームとか撃ってたのにな。\w8\w8\w8\0\s0\n\n‥‥\w8\w8そうだっけ。
930,0x8631C,6,01,ヒルデ
931,0x8632C,43,01,\0\s7\1\s0\0また赤字かっ！\1\s1落ち着けっ！
932,0x86360,61,01,\0\s7\1\s0\0イレギュラーなんだよ、お前はっ！\1\s1落ち着けっ！
933,0x863A8,55,01,\0\s7\1\s0\0カラサワばっかり使うなー！\1\s1落ち着けっ！
934,0x863E8,63,01,\0\s0\1\s0\1%mpか‥‥\w8\w8何もかも懐かしい。\w8\w8\0\s[20]‥‥
935,0x86430,46,01,\0\s4\1\s0\0何バタバタ切り替えてるのかなぁ‥‥
936,0x86468,69,01,\0\s7\1\s0\0あーもうバタバタ切り替えるんじゃないっ！\1\s1落ち着けっ！
937,0x864C4,34,01,\0\s0\1\s0\0‥‥\w8\w8黒くないよ？
938,0x86508,10,01,へたさくら
939,0x8651C,27,01,\0\s0\1\s0\_sへたー。\_s\w8
940,0x86540,14,01,でこさくら冬服
941,0x86558,14,01,でこさくら夏服
942,0x86570,10,01,でこさくら
943,0x86584,27,01,\0\s0\1\s0\_sでこー。\_s\w8
944,0x865A8,45,01,\0\s0\1\s0\0‥‥\w8っと。\w8\w8\n\nどうかな？
945,0x86638,39,01,\0\s[22]\1\s0‥‥\w8\w8よう寝とるで‥‥
946,0x86668,35,01,\0\s[22]\1\s0なんや、バタバタと‥‥
947,0x86694,23,01,\0\s[21]\1\s0\0むー‥‥
948,0x866B4,41,01,\0\s[26]\1\s3‥‥\w8\w8結構重いで、これ。
949,0x866E8,61,01,\0\s[22]\1\s0‥‥\w8\w8\w8\w8ほっとかれて、寂しそうやったで。
950,0x86748,151,01,\0\s0‥‥\w8\w8あれは、イタール病という病気なんだよ。\w8\w8\w8\n\nイタール病にかかると、顔面のパーツをまともに配置することができなく‥‥\n\n\1\s1‥‥！
951,0x867E8,8,01,木野さん
952,0x867FC,44,01,\1\s1木野さんは俺一人でいい。\w8\w8\0\s0‥‥
953,0x86834,10,01,ガッツ石松
954,0x86848,72,01,\0\s1‥‥\w8\w8ガッツにはあまり関わらない方が‥‥\w8\w8\1\s0危険すぎる。
955,0x868AC,74,01,\0\s8‥‥\w8\w8あんな鉄犬要らない。\w8\w8\1\s0‥‥\w8\w8いつか刺されるで。
956,0x86910,113,01,\0\s[20]持ってる奴はたぶん全員自分が有能でおしゃれだと勘違いしてるよね。\w8\w8\1\s0‥‥\w8\w8それは偏見やないか。
957,0x8698C,8,01,あかほり
958,0x869A0,10,01,ラグナロク
959,0x869B4,35,01,\0\s0‥‥\w8\w8\n\nノーコメントで。
960,0x869E0,8,01,海原雄山
961,0x869F4,159,01,\0\s0最初はただの馬鹿グルメ親父だったのにね。\w8\w8\1\s0いつの間にか聖人みたいになってるな。\w8\w8\0\s8\n\nあのマンガの中で一番成長してるのは奴のような気が‥‥
962,0x86A9C,22,01,\0\s0‥‥\w8\w8\s4ん？
963,0x86B6C,33,01,Value: \0\s8‥‥\w8\w8\1\s0‥‥\e
964,0x86FC8,6,01,等身大
965,0x86FD8,10,01,フィギュア
966,0x86FEC,10,01,といっしょ
967,0x87000,10,01,抱きまくら
968,0x87014,18,01,で発見！たまごっち
969,0x87170,6,01,製作所
970,0x87180,6,01,倶楽部
971,0x87458,6,01,新世紀
972,0x87468,8,01,ライダー
973,0x8747C,8,01,鋼鉄天使
974,0x87490,8,01,とっとこ
975,0x874A4,4,01,太郎
976,0x874B4,8,01,デ・ジ・
977,0x874C8,4,01,行殺
978,0x874E4,10,01,しちゃうぞ
979,0x874F8,6,01,ああっ
980,0x87508,6,01,さまっ
981,0x87518,8,01,ちょびっ
982,0x8752C,10,01,あずまんが
983,0x87540,14,01,エンジェリック
984,0x87558,8,01,レイヤー
985,0x8756C,16,01,カードキャプター
986,0x875A4,10,01,超時空要塞
987,0x875B8,8,01,機動戦士
988,0x8DDD4,64,01,\1\s1少佐、奴にはビーム兵器が効きません！\w8\n\nビーム主体のその
989,0x8DE20,25,01,では‥‥\0\s1うるさいよ。
990,0x8DE6C,44,01,だけじゃ、生きていけないこともあるんだよ‥‥
991,0x8DEC0,19,01,\0\s0うにゅうは\n\n
992,0x8DEDC,11,01,\w4「急がば
993,0x8DEF0,5,01,」\w4
994,0x8DF00,5,01,\w4「
995,0x8DF10,10,01,を笑う者は
996,0x8DF24,11,01,に泣く」\w4
997,0x8DF38,19,01,\w4「人間万事塞翁が
998,0x8DF54,23,01,\w4「壁に耳あり、障子に
999,0x8DF74,15,01,\w4「笑う門には
1000,0x8DF8C,13,01,\w4「焼け石に
1001,0x8DFA4,8,01,は死んで
1002,0x8DFB8,11,01,を残す」\w4
1003,0x8DFCC,59,01,\n\nってことわざ、知ってる？\w8\w8\1\s0‥‥\w8\w8初耳やな。
1004,0x8E010,11,01,\1\s1行け、
1005,0x8E024,56,01,！\w8フルバーニアンなら行ける！\w8\w8\0\s1‥‥\w8\w8ん。
1006,0x8E068,23,01,\0\s1死せる孔明、生ける
1007,0x8E088,39,01,の尻に棒をねじ込む。\1\s0ねじこむなよ。
1008,0x8E0B8,9,01,\0\s1合成
1009,0x8E0CC,69,01,って、やっぱりいまいちだよね。\w8\w8\1\s0まあ、天然物に比べるとな‥‥
1010,0x8E11C,83,01,\0\s[20]最近の仮面ライダーは、カードで勝負するらしいよ。\w8\w8\1\s0‥‥\w8\w8むう。
1011,0x8E178,44,01,\0\s7ザクレロを舐めるなっ！\1\s1落ち着けっ！
1012,0x8E1C8,7,01,\0\s1「
1013,0x8E1D8,71,01,は風邪ひかない」って、本当かな。\w8\w8\1\s0‥‥\w8\w8微妙なところやな。
1014,0x8E23C,16,01,の将来の夢って、
1015,0x8E258,46,01,100人斬りらしいよ。\w8\w8\1\s0‥‥\w8\w8むう。
1016,0x8E290,46,01,\1\s0おー\w8お\w2きくなれよー。\w8\w8\0\s1‥‥
1017,0x8E2C8,9,01,って、1日
1018,0x8E2DC,77,01,時間以上眠らないと目から血が出るらしいよ。\w8\w8\1\s0‥‥\w8\w8また、弱いな。
1019,0x8E334,58,01,\0\s7エッチでなければいけないと思います！\1\s1落ち着けっ！
1020,0x8E394,49,01,\0\s[20]最近\w4「片思いの相手に自分の名前を付けた
1021,0x8E3DC,22,01,贈ると両思いになれる」
1022,0x8E3FC,19,01,贈ると2人とも即死」
1023,0x8E418,22,01,贈ると脳死状態になる」
1024,0x8E438,16,01,贈ると首都殲滅」
1025,0x8E454,26,01,贈るとセカンドインパクト」
1026,0x8E478,32,01,って噂が流れてるらしいよ。\w8\w8
1027,0x8E4A4,31,01,\1\s0‥‥\w8\w8またウソ臭いな。
1028,0x8E4FC,22,01,贈るのはどうかと思う」
1029,0x8E51C,47,01,\1\s0‥‥\w8\w8いや、確かにどうかと思うけどな。
1030,0x8E554,64,01,\1\s0仮面\w8ライ\w2ダー\w8アー\w4ギー\w4トー。\w8\w8\0\s[20]‥‥
1031,0x8E5A0,126,01,\s0マーベットさん、\w8\s1マーベットさん、\w8\s0マーベットさん、\w8\s1マーベットさん、\w8\s7マーベットさーん！\1\s1落ち着けっ！
1032,0x8E628,56,01,\1\s0ザクとは違うのだよ、ザクとは。\w8\w8\0\s0青いしね。
1033,0x8E66C,57,01,をセンターに入れて\w8\_sスイッチ。\_s\w8\w8\0\n\n\1\n\n\0
1034,0x8E6B0,37,01,をセンターに入れて\w8\_sスイッチ。\_s
1035,0x8E6E0,56,01,\1\s1事情聴取は厄介なので、これで失礼しますね。\0\s4‥‥
1036,0x8E724,119,01,\0\s1\w8\w8「元ワンギャル」\w8って肩書き、わりと拷問みたいなものだと思うんだよね‥‥\w8\w8\1\s0‥‥\w8\w8そう言うなよ。
1037,0x8E7A4,7,01,\0\s4「
1038,0x8E7B4,4,01,」が
1039,0x8E7C4,79,01,円で叩き売りされてたよ。\n\n\w8\w8\1\s0‥‥\w8\w8ブームってのは諸行無常なんや。
1040,0x8E82C,38,01,\0\s[20]少年犯罪が多発している原因は、
1041,0x8E85C,43,01,にあるらしいよ。\w8\w8\1\s0‥‥\w8\w8むう。
1042,0x8E890,82,01,\1\s0ガンダムは空飛んでるわけやないで‥‥\w8\w8\0\s0ジャンプしてるだけなんだよ‥‥
1043,0x8E8EC,145,01,に刺されて死ぬ人生って、どうなんだろ。\w8\w8\1\s0‥‥\w8\w8人によっては、それもまた幸せの一つや。\w8\w8\w8\w8\0\n\n‥‥\w8\w8大人だね、うにゅう。
1044,0x8E988,58,01,\0\s0秋といえばもみじ狩り。\w8\w8\w8\w8\n\n冬といえば、\w4
1045,0x8E9CC,49,01,狩りだね。\w8\w8\1\s0‥‥\w8\w8いや、意味がよく。
1046,0x8EA18,18,01,\0\s1‥‥\w8最近、
1047,0x8EA34,41,01,って挙動不審だよね。\w8\w8\1\s0‥‥\w8\w8
1048,0x8EA68,82,01,と揉めた、って噂もあるみたいやけど。\w8\w8\0\n\n‥‥\w8\w8圧力かけられてるのかな。
1049,0x8EAC4,21,01,\0\s0今日もメイっぱい
1050,0x8EAE4,6,01,るゾ！
1051,0x8EAF4,4,01,ゾ！
1052,0x8EB04,12,01,借金するゾ！
1053,0x8EB1C,12,01,減反するゾ！
1054,0x8EB34,16,01,先物取引するゾ！
1055,0x8EB50,16,01,農薬散布するゾ！
1056,0x8EB84,82,01,を食べ過ぎたせいで死んだらしいよ。\w8\w8\1\s0‥‥\w8\w8贅沢病、\w8っちゅう奴やな。
1057,0x8EBEC,108,01,って、仲良さそうでいいよね。\w8\w8\1\s0‥‥\w8\w8\n\nまあ、見かけだけやけどな。\w8\w8\0\s1\n\n‥‥\w8\w8ん？
1058,0x8EC64,26,01,が人気あるのって、やっぱり
1059,0x8EC94,45,01,からかな。\w8\w8\1\s0‥‥\w8\w8どうなんやろ。
1060,0x8ECF0,37,01,。\w8\w8\1\s0‥‥\w8\w8継承不能やね。
1061,0x8ED20,10,01,は、1日1回
1062,0x8ED34,56,01,抱きまくらでオナニーしないと気が済まないらしいよ。\w8\w8
1063,0x8ED78,30,01,と気が済まないらしいよ。\w8\w8
1064,0x8EDA0,35,01,\1\s0‥‥\w8\w8あいつは、病気や‥‥
1065,0x8EDDC,12,01,よ、あの壺を
1066,0x8EDF4,88,01,様の元に届けてくれよ‥‥\w8\w8\n\nあの壺は‥‥\w8いいも\w2の\w2‥‥\w8だっ！\0\s[20]‥‥
1067,0x8EE58,18,01,をダメにしたのは、
1068,0x8EE74,18,01,かもしれないよ‥‥
1069,0x8EE9C,63,01,ってリバーシブルだよね。\w8\w8\1\s0‥‥\w8\w8いや、意味がよく。
1070,0x8EEE4,8,01,高橋名人
1071,0x8EEF8,8,01,毛利名人
1072,0x8EF0C,55,01,\0\s0ゆでたまごの殻を剥くのって、結構大変だよね。\w8\w8
1073,0x8EF4C,21,01,\1\s0んー。\w8\w8\n\n
1074,0x8EF6C,14,01,に頼めば、秒間
1075,0x8EF84,40,01,個のペースで剥いてくれるらしいで。\w8\w8
1076,0x8EFB8,38,01,\0\s[20]\n\n‥‥\w8\w8頼んでみるか‥‥
1077,0x8EFE8,95,01,に貸したCDは必ず傷だらけになって戻ってくるらしいよ。\w8\w8\1\s0‥‥\w8\w8友達なくすタイプやな。
1078,0x8F050,4,01,よ、
1079,0x8F060,8,01,様にあの
1080,0x8F074,32,01,を渡してくれよ‥‥\w8\w8\n\nあの
1081,0x8F0A0,45,01,は‥‥\w8いいもの\w4だ‥‥っ！\w8\w8\0\s0‥‥
1082,0x8F0D8,51,01,\1\s0むかしむかし、\w4あるところに、\w4おじいさんと
1083,0x8F114,70,01,が住んでいました。\w8\w8\w8\w8\0\s1‥‥\w8\w8え？\w8\n\n[half]終わり？
1084,0x8F164,14,01,って、ホントに
1085,0x8F17C,22,01,のが好きだよね。\w8\w8
1086,0x8F19C,49,01,\1\s0‥‥\w8\w8あれはトラウマが原因なんや。\w8\w8
1087,0x8F1D8,26,01,\0\n\n‥‥\w8\w8トラウマ？
1088,0x8F1FC,77,01,って、家では基本的にジャージらしいよ。\w8\w8\1\s0‥‥\w8\w8夢も希望もないな。
1089,0x8F254,73,01,って、クウガで言えば紫だよね。\w8\w8\1\s0‥‥\w8\w8動きが重苦しいからな。
1090,0x8F2A8,65,01,って、クウガで言えば青だよね。\w8\w8\1\s0‥‥\w8\w8棒好きだしな。
1091,0x8F2F4,67,01,って、クウガで言えば緑だよね。\w8\w8\1\s0‥‥\w8\w8すぐ疲れるしな。
1092,0x8F340,77,01,って、クウガで言えば赤だよね。\w8\w8\1\s0‥‥\w8\w8いや、そう言われてもな‥‥
1093,0x8F398,67,01,って、クウガで言えば黒だよね。\w8\w8\1\s0‥‥\w8\w8出番少ないしな。
1094,0x8F3E4,71,01,\0\s[20]最近の掃除機は片手で持てるらしいよ。\w8\w8\1\s0‥‥\w8\w8むう。
1095,0x8F434,77,01,が車に乗ると、瞬時にガラスが曇るらしいよ。\w8\w8\1\s0‥‥\w8\w8いやな話やな。
1096,0x8F48C,22,01,界で頂点を極めた後も「
1097,0x8F4AC,65,01,」って言って、生涯修行を怠らなかったんだって。\n\n\w8\w8\1\s0‥‥
1098,0x8F504,24,01,攻略のためには、やっぱり
1099,0x8F528,53,01,が重要だと思うんだよね‥‥\w8\w8\1\s0‥‥\w8\w8むう。
1100,0x8F574,11,01,\0\s0今度、
1101,0x8F588,16,01,が「The King of 
1102,0x8F5A4,34,01,」ってゲームを出すんだって。\w8\w8
1103,0x8F5D0,4,01,が「
1104,0x8F5F0,15,01,\1\s0‥‥\w8\w8
1105,0x8F608,17,01,\0\s0\n\nデモでは
1106,0x8F630,16,01,チームと、\w8\w8
1107,0x8F64C,40,01,チームが対戦してたんだけど‥‥\w8\w8\n\n
1108,0x8F680,14,01,火を吹いたり、
1109,0x8F698,18,01,毒ガスを吐いたり、
1110,0x8F6B4,32,01,青いゲル状の液体を吐き出したり、
1111,0x8F6E0,6,01,素手で
1112,0x8F6F0,16,01,の首をはねたり、
1113,0x8F70C,16,01,で人を殺したり、
1114,0x8F728,38,01,青白い液体を撒き散らしながら死んだり、
1115,0x8F758,36,01,内蔵撒き散らして粉々に吹き飛んだり、
1116,0x8F788,28,01,服を破られて半裸になったり、
1117,0x8F7B0,34,01,メガ粒子砲を気合いで跳ね返したり、
1118,0x8F7DC,28,01,地球にコロニーを落としたり、
1119,0x8F804,24,01,なんか凄い感じだったよ。
1120,0x8F828,34,01,\1\n\n‥‥\w8\w8いいのか、それで。
1121,0x8F854,36,01,\0\s4\1\s1\0\_sはっ！\_s\w8\w8\0\n\n
1122,0x8F884,8,01,現象‥‥
1123,0x8F898,108,01,\0\s0うにゅう。\w8\w8\1\s0ん？\w8\w8\w8\w8\0\n\nリソース無駄遣いするなよ。\w8\w8\1\n\n‥‥\w8\w8うるさいよ。
1124,0x8F910,93,01,って、ミネラルウォーターと水道水の区別が付かないらしいよ。\w8\w8\1\s0‥‥\w8\w8安上がりやね。
1125,0x8F998,25,01,\0\s0今週のラッキー星座は
1126,0x8F9BC,34,01,座っ。\w8\w8\n\n「街を歩いていると
1127,0x8F9E8,37,01,との素敵な出会いが！」\w8なんだって。
1128,0x8FA18,45,01,\1\s0‥‥\w8\w8ホントにラッキーなのか、それ。
1129,0x8FA50,9,01,\1\s0‥‥
1130,0x8FA64,26,01,\0\s[20]バファリンの半分は
1131,0x8FA88,47,01,でできてるらしいよ。\w8\w8\1\s0‥‥\w8\w8むう。
1132,0x8FAC0,81,01,\0\s[20]バファリンの半分は忌々しさでできてるらしいよ。\w8\w8\1\s0‥‥\w8\w8むう。
1133,0x8FB1C,28,01,\0\s[20]バファリンは半分以上
1134,0x8FB44,106,01,って、海に行ったら砂の城作っては壊し\w4砂の城作っては壊しの毎日らしいよ。\w8\w8\1\s0‥‥\w8\w8病んでるな。
1135,0x8FBB8,32,01,\1\s1ファイナルベント。\0\s4‥‥
1136,0x8FBE4,18,01,\1\1さくら、それは
1137,0x8FC00,32,01,のカードや！\0\s[20]うるさいよ。
1138,0x8FC2C,111,01,の自動ドアって、腕とか挟んだらそのままねじ切るくらいのパワーがあるらしいよ。\w8\w8\1\s0‥‥\w8\w8設計ミスやね。
1139,0x8FCC4,39,01,は神戸の山奥へ帰れっ！\1\s1落ち着けっ！
1140,0x8FCF4,35,01,って何をするカードなの？\w8\w8\1\s0
1141,0x8FD20,28,01,、ちゅうんはな‥‥\w8\w8\n\n
1142,0x8FD48,51,01,に挿入するカードや。\w8\w8\0\s0\n\n‥‥\w8\w8挿入？
1143,0x8FD84,10,01,\0\s[20]「
1144,0x8FD98,26,01,」の初回特典って‥‥\w8\w8
1145,0x8FDBC,15,01,\1\s0なんでも「
1146,0x8FDD4,28,01,A3ポスター」らしいぞ。\w8\w8
1147,0x8FDFC,30,01,目覚まし時計」らしいぞ。\w8\w8
1148,0x8FE24,28,01,麦わら帽子」らしいぞ。\w8\w8
1149,0x8FE4C,21,01,\1\s0なんでも「安CD-R
1150,0x8FE6C,28,01,枚組セット」らしいぞ。\w8\w8
1151,0x8FE94,43,01,\1\s0なんでも「牛乳一年分」らしいぞ。\w8\w8
1152,0x8FEC8,31,01,\0\s4\n\n‥‥\w8\w8要らない‥‥
1153,0x8FEF0,15,01,\0\s0‥‥\w8\w8
1154,0x8FF08,61,01,って、八方美人で信用できないよね。\w8\w8\1\s0‥‥\w8\w8ああ。
1155,0x8FF5C,28,01,ってどういうことかな。\w8\w8
1156,0x8FF84,19,01,\1\s0まあ‥‥\w8\w8
1157,0x8FFA0,6,01,とか、
1158,0x8FFB0,32,01,みたいっちゅうことやろな。\w8\w8
1159,0x8FFDC,40,01,\0\n\n‥‥\w8\w8よく分からないんだけど。
1160,0x90010,15,01,\0\s0うにゅうは
1161,0x90028,119,01,好き？\w8\w8\1\s0まあ、好きやな。\w8\w8\0\n\n‥‥\w8\w8ふーん。\w8\w8\w8\w8\1\n\n‥‥\w8\w8何や、このオチのない会話は。
1162,0x900A8,117,01,好き？\w8\w8\1\s0キライや。\w8\w8\0\n\nどうして？\w8\w8\w8\w8\1\n\n‥‥\w8\w8目が怖くてな。\w8\w8\0\n\n‥‥\w8\w8目？
1163,0x9013C,4,01,パン
1164,0x9014C,6,01,うどん
1165,0x9015C,4,01,そば
1166,0x9016C,51,01,\0\s0うにゅうは、子供の頃どんなもの食べてた？\w8\w8
1167,0x901A8,19,01,\1\s0ん‥‥\w8\w8\n
1168,0x901C4,28,01,とか、よく食ったなー。\w8\w8
1169,0x901EC,19,01,\0\n\n‥‥\w8\w8\s1
1170,0x90214,84,01,\1\s0わいにそんな時代は、\w8\w8ないで‥‥\w8\w8\0\s1\n\n‥‥\w8\w8化け物だもんね‥‥
1171,0x90274,25,01,\1\s0腹減ったな‥‥\w8\w8
1172,0x90298,44,01,\0\s0ん。\w8\w8\nうにゅう、何が食べたい？\w8
1173,0x902E0,8,01,。\w8\w8
1174,0x902F4,43,01,\0\s4\n\n‥‥\w8\w8それは食べ物じゃないよ。
1175,0x90340,87,01,に霊が見えます。\w8\w8\1\s0‥‥\w8\w8\w8\w8\0\s7\n\n気をつけてっ！\1\s1\n\n落ち着けっ！
1176,0x903A0,64,01,\0\s1‥‥\w8\w8家政婦は見たらしいよ。\w8\w8\1\s0‥‥\w8\w8むう。
1177,0x90404,90,01,をヤフオクで転売して、全治3ヶ月の重傷らしいよ。\w8\w8\1\s0‥‥\w8\w8なんでケガしとんねん。
1178,0x90468,29,01,\0\s0携帯電話に対抗して、携帯
1179,0x90490,63,01,ってのはどうかな？\w8\w8\1\s0‥‥\w8\w8対抗できとるんか、それ。
1180,0x904D8,40,01,\1\s1\_qはあ (*´Д｀*) はあ\_q\0\s4‥‥
1181,0x90524,116,01,\1\s0さくらは料理とかできるんか？\w8\w8\0う、\w4\s1うん‥‥\w8\w8できるよ。\w8\w8\1例えば？\w8\w8\0\n\nんーと‥‥\w8
1182,0x905A4,22,01,焼きとか。\w8\w8\w8\w8
1183,0x905C4,22,01,漬けとか。\w8\w8\w8\w8
1184,0x905E4,24,01,カレーとか。\w8\w8\w8\w8
1185,0x90608,24,01,ごはんとか。\w8\w8\w8\w8
1186,0x9062C,28,01,\1\n\n‥‥\w8\w8何だ、それ。
1187,0x90654,49,01,\0\s0うにゅうはアルバイトとかしたことある？\w8\w8
1188,0x90690,6,01,燃やし
1189,0x906A0,4,01,駆除
1190,0x906B0,4,01,狩り
1191,0x906C0,10,01,の叩き売り
1192,0x906D4,4,01,配達
1193,0x906E4,6,01,転がし
1194,0x906F4,30,01,\1\s0ん。\w8\nせやなー、\w8\w8
1195,0x9071C,26,01,とか、よくやったで。\w8\w8
1196,0x90740,16,01,\0\n\n‥‥\w8\w8
1197,0x9075C,30,01,屋台とか、よく引いたで。\w8\w8
1198,0x90784,88,01,\1\s0ん。\w8\nせやなー、\w8\n可愛い娘っ子と生殖活動とか、よくやったで。\0\s7\n\n帰れっ！
1199,0x907E8,45,01,って、むねきゅん？\w8\w8\1\s0むねきゅんやね。
1200,0x90834,78,01,\0\s0振動コントローラってあるよね。\w8\w8\1\s0ああ。\w8\w8\0\n\nそれ系で、振動
1201,0x9088C,81,01,っていうのはどうかな？\w8\w8\1\n\n‥‥\w8\w8いや、\w8どうかなって言われてもな‥‥
1202,0x908E8,34,01,が、グレーターデーモン養殖の要領で
1203,0x90914,103,01,養殖をやろうとしたらしいんだけどね。\w8\w8\1\s0ああ。\w8\w8\0\n\n今、壊滅状態らしいよ。\w8\w8\1\n\n‥‥
1204,0x90984,55,01,\1\1さくら、それは萎えるクロウカードの仕業や！\0\s4‥‥
1205,0x909C4,31,01,クロウカードの仕業や！\0\s4‥‥
1206,0x909EC,136,01,\0\s0アルミホイルを電子レンジに入れると面白いよね。\w8\w8\1\s0‥‥\w8\w8\w8\w8\w8\w8\0\s1\n\nばりばりばりばりー。\1\n\n\s1面白くないっ！
1207,0x90A80,77,01,は、日曜日は基本的に膣いじりをしてるらしいよ。\w8\w8\1\s0‥‥\w8\w8最悪やね。
1208,0x90AD8,106,01,\0\s0お米にカレーをかけるとカレーライス、\w8\nうどんにカレーをかけるとカレーうどん。\w8\w8\w8\w8\n\nじゃ、
1209,0x90B4C,24,01,にカレーをかけたらカレー
1210,0x90B70,15,01,\1\s1かけるな。
1211,0x90B98,90,01,\0\s1ドナルドが、幼女をさらって更迭されたらしいよ。\w8\w8\1\s0‥‥\w8\w8夢も希望もないな。
1212,0x90BFC,56,01,\1\s0でも、飛行機だけは勘弁な。\w8\w8\0‥‥\w8\w8\s1ん？
1213,0x90C40,44,01,が家宝の壺を鑑定士に見せたら大笑いされて、今
1214,0x90C78,91,01,付近を死んだ魚のような目をしてフラフラ歩いてるらしいよ。\w8\w8\1\s0‥‥\w8\w8切ない話やね。
1215,0x90CDC,33,01,は即刻退去せよ！\1\s1落ち着けっ！
1216,0x90D08,70,01,\1\s1た、助けてくださいシャア少佐！\w8\w8家賃が払えません！\0\s0帰れ。
1217,0x90D58,34,01,から手作り弁当が届きました。\w8\w8
1218,0x90D84,10,01,から手作り
1219,0x90D98,20,01,が届きました。\w8\w8
1220,0x90DB8,23,01,\1\s0‥‥\w8\w8何だよ。
1221,0x90DD8,19,01,\0\s0なんか、最近「
1222,0x90DF4,88,01,アクションフィギュア」\w4っていうのが人気あるらしいよ。\w8\w8\1\s0‥‥\w8\w8何だ、それ。
1223,0x90E68,14,01,\0\s[20]野生の
1224,0x90E80,35,01,って、まだいるのかなー。\w8\w8\1\s0
1225,0x90EAC,93,01,ビルの裏あたりで見かけた奴もいるって話やけど。\w8\w8\w8\w8\0\n\n‥‥\w8\w8\s0行ってみるか‥‥
1226,0x90F14,58,01,\0\s7モビルスーツの壁越しに殺気を感じろ！\1\s1落ち着けっ！
1227,0x90F58,6,01,って、
1228,0x90F68,56,01,破壊技師2級の免許持ってるらしいよ。\w8\w8\1\s0‥‥\w8\w8
1229,0x90FAC,64,01,\0\s7胸きゅんとか何とかいつまでもボケボケとっ！\1\s1落ち着けっ！
1230,0x90FF8,77,01,がクレジットカードの審査に落ちたらしいよ。\w8\w8\1\s0‥‥\w8\w8切ない話やね。
1231,0x91060,7,01,\0\s0「
1232,0x91070,123,01,お断り」っていうマンションとかあるよね。\w8\w8\1\s0ああ。\w8\w8\0\n\nなんで断るの？\w8\w8\1\n\n‥‥\w8\w8近所迷惑やからな。
1233,0x910F4,163,01,\0\s3よく\w8「何も悪いことしてないのに」\w8とかって言う人がいるけどさ。\w8\w8\1\s0ああ。\w8\w8\0\n\n別にいいこともしてないんだよね。\w8\w8\1\s0\n\n‥‥\w8\w8むう。
1234,0x911A0,67,01,で人は殺せるかな？\w8\w8\1\s0‥‥\w8\w8まあ、やり方次第やと思うわ。
1235,0x911FC,14,01,\0\s[20]来月の
1236,0x91214,8,01,日から、
1237,0x91234,20,01,祭りらしいよ。\w8\w8
1238,0x91254,22,01,ケットらしいよ。\w8\w8
1239,0x91274,41,01,\1\s0‥‥\w8\w8得体の知れんイベントやな。
1240,0x912B8,107,01,さえあれば、生きていける。\w8\w8\n\nそんな気がしたんや。\w8\w8\0\s0‥‥\w8\w8それが、悲劇の始まりだったね。
1241,0x9132C,61,01,\1\s0君はいい友人であった‥‥\w8\w8\w8\w8\n\n\s1だが、君の\w4
1242,0x91374,35,01,がいけないのだよ！\0\s0うるさいよ。
1243,0x913A0,53,01,の友達ごっこもいい加減ウンザリだよね。\w8\w8\1\s0‥‥
1244,0x913E0,9,01,\0\s0今度
1245,0x913F4,114,01,カード」っていうポイントカードサービスを始めるらしいよ。\w8\w8\1\s0ん。\w8\n\n集めると何かいいことあるんか？\w8\w8
1246,0x91470,43,01,\0\n\n\s[20]えーと‥‥\w8\n\n50ポイントで「
1247,0x914A4,74,01,目覚まし時計」だって。\w8\w8\w8\w8\1\n\n‥‥\w8\w8本当に時計なのか、それ。
1248,0x914F8,44,01,\0\n\n\s[20]えーと‥‥\w8\n\n100ポイントで「
1249,0x91530,74,01,抱きまくら」だって。\w8\w8\w8\w8\1\n\n‥‥\w8\w8本当にまくらなのか、それ。
1250,0x91584,61,01,は虫歯の原因となる酸を作りません。\w8\w8\1\s0‥‥\w8\w8むう。
1251,0x915E0,30,01,\0\s1幽霊の\w8正体見たり\w8\s7
1252,0x91608,14,01,っ！\1\s02点。
1253,0x91620,57,01,\1\s1えっちなのはいけないと思います。\0\s[20]うるさいよ。
1254,0x91664,81,01,って、電車に乗っても絶対吊り革につかまらないらしいよ。\w8\w8\1\s0‥‥\w8\w8むう。
1255,0x916C0,67,01,って、基本的に鼻では呼吸しないらしいよ。\w8\w8\1\s0‥‥\w8\w8むう。
1256,0x91748,22,01,\0\s[20]うにゅう、完全
1257,0x91768,101,01,マニュアルって本、知ってる？\w8\w8\1\s0‥‥\w8\w8いや。\w8\w8\0\n\nちょっと、読んでみたいんだよね‥‥
1258,0x917D8,13,01,\0\s4やっぱり
1259,0x917F0,30,01,路線の方がいいのかなー。\w8\w8
1260,0x91818,23,01,の最後の言葉って、\w8「
1261,0x91838,27,01,」\w8だったらしいよ。\w8\w8
1262,0x9185C,33,01,\1\s0‥‥\w8\w8いやな死に方やな。
1263,0x91888,89,01,\0\s[20]こないだ、縁日に行ってきたんだけどね。\w8\w8\1\s0ああ。\w8\w8\0\s3\n\nなんか\w8「
1264,0x918EC,93,01,すくい」\w8ってお店があってね‥‥\w8\w8\1\n\n‥‥\w8\w8\0\n\nやばそうだったから、逃げてきた。
1265,0x91954,42,01,\0\s7生きたまま腸に届く！\1\s1落ち着けっ！
1266,0x91988,30,01,\0\s[20]天気予報によると、明日
1267,0x919B0,6,01,確率、
1268,0x919C0,39,01,% らしいよ。\w8\w8\1\s0‥‥\w8\w8むう。
1269,0x919F0,24,01,\1\s0そうか‥‥\w8私は今
1270,0x91A14,155,01,がただものじゃないと言った‥‥\w8\w8この分かり方が無意識のうちに反感になる‥‥\n\n\w8\w8これが‥‥\w8\s1オールドタイプということなのか！？\0\s0うるさいよ。
1271,0x91AB8,6,01,「ウソ
1272,0x91AD4,8,01,大将軍」
1273,0x91AE8,12,01,暗黒大僧正」
1274,0x91B00,8,01,「裏千家
1275,0x91B14,14,01,の肩書きって、
1276,0x91B2C,37,01,らしいよ。\w8\w8\1\s0‥‥\w8\w8むう。
1277,0x91B5C,50,01,\1\s1わいは封印の獣ケルベロスや！\0\s0うるさいよ。
1278,0x91B98,31,01,\0\s0うにゅうは「恋はいつだって
1279,0x91BC0,86,01,」って本、知ってる？\w8\w8\1\s0‥‥\w8\w8「唐突だ」やないんか？\w8\w8\0\[20]\n\nいや、
1280,0x91C20,28,01,のほう。\w8\w8\1\n\nいや、「
1281,0x91C48,28,01,のほう」じゃねえだろお前‥‥
1282,0x91C70,81,01,はパブリックエネミーだ！\w8\w8\1\s1見つけたらボコれ！\w8\w8\0\n\n集団なら勝てる！
1283,0x91CCC,14,01,のコスプレした
1284,0x91CE4,32,01,って、かなり不評らしいぞ。\w8\w8
1285,0x91D10,49,01,\0\s0‥‥\w8\w8やる前から分かりそうなもんだけど。
1286,0x91D88,4,01,っ！
1287,0x91D98,39,01,ごっこしよう。\w8\w8\1\s0ええよ。\w8\w8
1288,0x91DEC,55,01,\w8\w8\w8\w8\0\s0\n\n‥‥\w8\w8腕を上げたな、うにゅう。
1289,0x91E2C,52,01,\0\s7そんな大人、私が修正してやる！\1\s1落ち着けっ！
1290,0x91E6C,62,01,\0\s7エロアニメだからって手を抜いて作るなー！\1\s1落ち着けっ！
1291,0x91EB4,124,01,\0\s[20]東京ディズニーランドの地下には、%mh本部があるらしいよ。\w8\w8\1\s1‥‥\w8\w8ミッキーはガーディアンというわけか‥‥！
1292,0x91F3C,52,01,\0\s7後付けで偉そうに解説するなー！\1\s1落ち着けっ！
1293,0x91F7C,101,01,って、何聞かれても基本的に「オマエモナー」としか言わないらしいよ。\w8\w8\1\s0‥‥\w8\w8頭悪そうやな。
1294,0x91FEC,68,01,\0\s[20]やっぱり、雷が鳴ってるときは電源切った方がいいのかな。\w8\w8
1295,0x9203C,27,01,\1\s0本体とコンセントの間に
1296,0x92060,48,01,を挟めば大丈夫、って話もあるみたいやけど。\w8\w8
1297,0x9209C,35,01,\0\s0\n\n‥‥\w8\w8やってみるか‥‥
1298,0x920C8,81,01,って、基本的におつとめ品しか買わないらしいよ。\w8\w8\1\s0‥‥\w8\w8節約上手やね。
1299,0x92124,79,01,がデュアルショックの振動で骨折したらしいよ。\w8\w8\1\s0‥‥\w8\w8また、弱いな。
1300,0x9217C,78,01,も、いつまでもタダ飯食らいってわけには行かないよね。\w8\w8\1‥‥\w8\w8まあな。
1301,0x921D4,67,01,が携帯の着信で骨折したらしいよ。\w8\w8\1\s0‥‥\w8\w8また、弱いな。
1302,0x92220,18,01,\0\s[20]こないだ、
1303,0x9223C,139,01,が吉野屋の前で入りづらそうにウロウロしてるのを見たんだけど。\w8\w8\1\s0‥‥\w8\w8まあ、ある意味、共食いやからな。\w8\w8\0\n\n‥‥\w8\w8ん？
1304,0x922D0,42,01,がじゃんがららーめんに対抗して「じゃんがら
1305,0x92304,63,01,」ってのを計画してるらしいよ。\w8\w8\1\s0‥‥\w8\w8じゃんがら？
1306,0x9234C,77,01,が電池を舐めてびりとして入院したらしいよ。\w8\w8\1\s0‥‥\w8\w8また、弱いな。
1307,0x923A4,87,01,が自動改札のシャッターに止められて骨折したらしいよ。\w8\w8\1\s0‥‥\w8\w8また、弱いな。
1308,0x92404,14,01,\0\s[20]昨日、
1309,0x9241C,10,01,の家に宅配
1310,0x92430,24,01,個届いたらしいよ。\w8\w8
1311,0x92454,43,01,\1\s0‥‥\w8\w8\n\nあいつも敵が多いからな。
1312,0x92488,54,01,\0\s7浩之ちゃんがそんなに偉いのかっ！\1\s1落ち着けっ！
1313,0x924C8,74,01,\1\s0人を傷つける笑いは笑いじゃないらしいぞ。\w8\w8\0\s0‥‥\w8\w8ふーん。
1314,0x9251C,91,01,\0\s[20]ヤワラちゃんって、ある意味バイオハザードだよね。\w8\w8\1\s0‥‥\w8\w8そう言うなよ。
1315,0x92580,85,01,\0\s[20]ヤワラちゃんって、ある意味 BC 兵器だよね。\w8\w8\1\s0‥‥\w8\w8そう言うなよ。
1316,0x925E0,63,01,が通販で騙されたらしいよ。\w8\w8\1\s0ん？\w8\w8\0\n\nなんでも、
1317,0x92628,16,01,を注文したのに、
1318,0x92644,72,01,が届いたとか‥‥\w8\w8\1\n\n‥‥\w8\w8注文の段階で間違ってへんか、それ。
1319,0x92698,141,01,があの日、\w4オレンジ色のモビルスーツにかじりついて、\w4あのパイロットと出会っていなければ、\w4今日のようなことは起こらなかった。\w8\w8でも、
1320,0x92730,40,01,は全力で危機を乗り越えようとした。\w8\w8
1321,0x92764,37,01,\n\n次回、機動戦士Vガンダム、\w8\w8「
1322,0x92794,53,01,と会った日」。\w8\n\n\s7見てください！\w8\w8\1\s0‥‥
1323,0x927D4,32,01,ビルが年々傾いてて、このままだと
1324,0x92800,12,01,年以内に隣の
1325,0x92818,101,01,ビルに突き刺さるらしいよ。\w8\w8\1\s0‥‥\w8\w8むう。\w8\w8\0\n\nあのビルには気をつけた方がいいかも。
1326,0x92888,4,01,が、
1327,0x92898,8,01,個限定で
1328,0x928AC,42,01,抱きまくらを作ったらしいんだけどね。\w8\w8
1329,0x928E0,17,01,\1\s0ああ。\w8\w8
1330,0x928FC,26,01,\0\n\n製造側のミスで、全部
1331,0x92920,36,01,抱きまくらになってたらしいよ。\w8\w8
1332,0x92950,34,01,\1\n\n‥‥\w8\w8わざとやないんか。
1333,0x9297C,33,01,\0\s[20]Yahooオークションで「宇宙
1334,0x929A8,50,01,」っていうのが毎分高値を更新してるらしいよ。\w8\w8
1335,0x929E4,21,01,\1\s0‥‥\w8\w8むう。
1336,0x92A04,60,01,\1\s0うさだ大爆発。\w8\w8\0\s0内臓と糞尿を撒き散らしながら。
1337,0x92A4C,26,01,の自宅、夜な夜な天井裏から
1338,0x92A70,106,01,のうめき声が聞こえてくるらしいよ。\w8\w8\1\s0‥‥\w8\w8\w8\w8\0\s0\n\n欠陥住宅だね。\1\n\nそういう問題か。
1339,0x92AE4,54,01,\1\s1ここではリントの言葉で話せ‥‥！\0\s0うるさいよ。
1340,0x92B24,22,01,\0\s[20]骨折したときは
1341,0x92B44,93,01,を食べるといいらしいよ。\w8\w8\1\s0‥‥\w8\w8また、みのか？\w8\w8\0\s0\n\nうん。\w8\n\nみの。
1342,0x92BAC,133,01,\0\s[20]骨折したときは折れたところをちょっぷするといいらしいよ。\w8\w8\1\s0‥‥\w8\w8また、みのか？\w8\w8\0\s0\n\nうん。\w8\n\nみの。
1343,0x92C3C,87,01,って、誕生日は暗い家で一人でケーキ食べてるらしいよ。\w8\w8\1\s0‥‥\w8\w8寂しい話やね。
1344,0x92C9C,24,01,\0\s[20]来月から東京都で
1345,0x92CC0,99,01,発電が始まるらしいよ。\w8\w8\1\s0‥‥\w8\w8\0\n\n‥‥\w8\w8\s0もう、\w4人は住むな、ってことかもね。
1346,0x92D2C,18,01,\0\s0「ゲームは1日
1347,0x92D48,65,01,時間」って言ってたの、誰だったっけ？\w8\w8\1\s0んー‥‥\w8\w8\n\n
1348,0x92D94,48,01,名人やなかったかな。\w8\w8\0\n\n‥‥\w8\w8そう？
1349,0x92DD0,109,01,\0\s[20]‥‥\w8\w8ポケモンマスターになって、それからどうするつもりなんだろうね。\w8\w8\1\s0‥‥\w8\w8さあな。
1350,0x92E48,65,01,って、泣けば何とかなると思ってるよね。\w8\w8\1\s0‥‥\w8\w8ああ。
1351,0x92E94,43,01,\1\s1‥‥\w8\w8目血が‥‥\w8\w8\0\s[20]‥‥
1352,0x92EC8,114,01,\0\s[20]AIBO は‥‥\w8\w8そろそろほこり被って部屋の隅にうっちゃられたりしてないかな。\w8\w8\1\s0‥‥\w8\w8さあな。
1353,0x92F44,78,01,\0\s[20]PS2って、なんかゾンビみたいだよね。\w8\w8\1\s0‥‥\w8\w8そう言うなよ。
1354,0x92F9C,32,01,\1\s1ネプトりゅう\w8\w8\0\s0‥‥
1355,0x92FC8,38,01,ﾌﾌﾌﾌﾌﾌﾌﾌﾌﾌ\w8\w8\0\s[20]‥‥\w8\w8ん？
1356,0x92FF8,14,01,\0\s[20]最近、
1357,0x93010,8,01,公園に「
1358,0x93024,52,01,投げおじさん」っていうのが出没してるらしいよ。\w8\w8
1359,0x93064,12,01,\1‥‥\w8\w8
1360,0x9307C,30,01,\0\n\nなんでも、公園内を歩いて
1361,0x930A4,56,01,を見つけては、ちぎっては投げちぎっては投げの毎日とか‥‥
1362,0x930E8,45,01,\0\s[20]こないだ神社に行ったら、御神木に\w8「
1363,0x93120,71,01,」\w8って名前が書かれたワラ人形が大量に打ち付けられてたんだけど。\w8\w8
1364,0x93170,47,01,\1\s0‥‥\w8\w8世の中、恨み辛みでできとるんや。
1365,0x931A8,14,01,の座右の銘、「
1366,0x931C0,39,01,」らしいよ。\w8\w8\1\s0‥‥\w8\w8むう。
1367,0x931F0,8,01,の新刊、
1368,0x93210,18,01,本らしいよ。\w8\w8
1369,0x9322C,27,01,\1\s0‥‥\w8\w8欲しいかも。
1370,0x93250,41,01,\1\s0‥‥\w8\w8恐ろしい本になりそうやな。
1371,0x93284,14,01,\0\s[20]今度、
1372,0x9329C,109,01,が\w4「花とゆめ」\w4に対抗して\w4「挫折と諦め」\w4って本を出すらしいよ。\w8\w8\1\s0‥‥\w8\w8デタラメすぎる。
1373,0x93314,26,01,って、ああ見えて要介護認定
1374,0x93338,16,01,らしいよ。\w8\w8
1375,0x93354,38,01,\1\s1ワインでも調達してみせるぜ‥‥\w8
1376,0x93384,25,01,さんよ！\0\s0うるさいよ。
1377,0x933A8,10,01,金属バット
1378,0x933BC,16,01,ナイフとハンマー
1379,0x933D8,20,01,\0\s[20]ついさっき、
1380,0x933F8,18,01,」って言いながら、
1381,0x93414,8,01,を持って
1382,0x93428,36,01,方面に消えていったんだけど‥‥\w8\w8
1383,0x93458,29,01,\0\s1\n\n‥‥\w8\w8やばいよ。
1384,0x93480,77,01,がデータセンタで凍死したらしいよ。\w8\w8\1\s0‥‥\w8\w8そこまで寒くないだろ。
1385,0x934D8,107,01,にはガンの抑制物質が入ってるらしいよ。\w8\w8\1\s0‥‥\w8\w8また、みのか？\w8\w8\0\s0\n\nうん。\w8\n\nみの。
1386,0x9354C,87,01,が勢いよくはんこを押したショックで骨折したらしいよ。\w8\w8\1\s0‥‥\w8\w8また、弱いな。
1387,0x935AC,67,01,\1\s0俺の‥‥\w8\w8\n\n\s1俺のミスだぁぁぁぁぁぁぁぁぁッ！\0\s4‥‥
1388,0x935F8,87,01,が避妊に失敗して、最近は産婦人科通いの毎日らしいよ。\w8\w8\1\s0‥‥\w8\w8寂しい話やね。
1389,0x93658,73,01,がぎょう虫検査に引っかかったらしいよ。\w8\w8\1\s0‥‥\w8\w8寂しい話やね。
1390,0x936AC,12,01,って、本当に
1391,0x936C4,65,01,が好きだよね。\w8\w8\1\s0好き‥‥\w8\w8\n\nちゅーか、あいつは毎日
1392,0x93710,56,01,を食べんと、死ぬんや。\w8\w8\0\n\n‥‥\w8\w8マジですか。
1393,0x93768,28,01,\0\s0えいえんはあるよ‥‥\w8
1394,0x93790,12,01,にあるよ‥‥
1395,0x937A8,15,01,\1\s0さくらは「
1396,0x937C0,32,01,地蔵」って話、知ってるか？\w8\w8
1397,0x937EC,58,01,\0\s[20]えーと‥‥\w8\w8あれでしょ。\w8\w8\n\n大量の地蔵が
1398,0x93830,64,01,片手に小学校を襲撃して、男は殺して、女だけさらっていく話。\w8\w8
1399,0x9387C,30,01,\1\n\n‥‥\w8\w8なんだ、それ。
1400,0x938A4,30,01,\1\s0さくらは\w4「かわいそうな
1401,0x938CC,31,01,」\w4って話、知ってるか？\w8\w8
1402,0x938F4,46,01,\0\s[20]えーと‥‥\w8\w8あれでしょ。\w8\w8\n\n
1403,0x9392C,44,01,が小豆の先物買いに失敗して自殺する話。\w8\w8
1404,0x93978,18,01,\0\s[20]来年から、
1405,0x93994,14,01,大学に日本初の
1406,0x939AC,28,01,学部ができるらしいよ。\w8\w8
1407,0x939D4,37,01,\1\s0‥‥\w8\w8得体の知れん学部やな。
1408,0x93A04,75,01,って、車運転すると性格変わるらしいよ。\w8\w8\1\s0‥‥\w8\w8どうなるんやろ。
1409,0x93A58,49,01,\0\s7衝撃のッ！\n\n\w8ファーーーーーーーースト\w4
1410,0x93A94,21,01,ッ！\1\s1落ち着けっ！
1411,0x93AB4,42,01,\0\s7撃滅のッ！\n\n\w8セ\w2カ\w2ン\w2ド\w4
1412,0x93AE8,37,01,\0\s7抹殺のッ！\n\n\w8ラ\w2ス\w2ト\w4
1413,0x93B18,33,01,\1\s1来いッ！\w8絶影ッ！\0\s4‥‥
1414,0x93B44,101,01,\0\s[20]ディズニーランドの地下には、ミッキーの巣があるらしいよ。\w8\w8\1\s0‥‥\w8\w8駆除が必要やな。
1415,0x93BB4,24,01,の家の水道から、ゲル状の
1416,0x93BD8,26,01,が出てきたんだって。\w8\w8
1417,0x93BFC,52,01,\0\n\n‥‥\w8\w8そのまま下水に流れていったそうだよ。
1418,0x93C50,18,01,\0\s[20]‥‥\w8\w8
1419,0x93C6C,72,01,汁ってさ‥‥\w8\w8\1\s0ん？\w8\w8\0\n\n‥‥\w8\w8いや。\w8なんでもない。
1420,0x93CC0,55,01,って、どうしていつも同じ服着てるんだろ。\w8\w8\1\s0‥‥
1421,0x93D00,59,01,の前にあったUFOキャッチャーを覗いたら、たくさんの人形の中に
1422,0x93D44,114,01,が埋まってたんだけど。\w8\w8\1\s0‥‥\w8\w8\w8\w8\0\s0\n\nもう脱出する気力はないみたいだった。\1\n\n助けてやれよ。
1423,0x93DC0,49,01,\1\s1ほら、\w4お茶の香りがするでしょう。\0\s4‥‥
1424,0x93DFC,90,01,\0\s[20]バイオハザードの建物って、たぶんバイオハザード起きてない時の方が面白いよね。\w8\w8
1425,0x93E60,49,01,\1\s0‥‥\w8\w8みんな毎日パズルやってんのやろな。
1426,0x93E9C,52,01,\1\s1ぼくのスーパーピンチがぁぁぁぁぁ〜っ。\0\s4‥‥
1427,0x93EDC,21,01,\0\s0そんなこと言う人
1428,0x93EFC,12,01,です。\w8\w8
1429,0x93F14,21,01,\1\s0そんなこと言う人
1430,0x93F34,6,01,です。
1431,0x93F44,43,01,\1\s1これだから素人は困るなァ！\0\s[20]‥‥
1432,0x93F78,22,01,こうか は ばつぐんだ！
1433,0x93F98,32,01,こうか は いまひとつ の ようだ。
1434,0x93FC4,9,01,\0\s4‥‥
1435,0x93FD8,133,01,\0\s0\w4「皆を助けたい」\w4っていうのは、要するに\w4「大事なものとそうでないものの区別も付かない」\w4ってことかな。\w8\w8\w8\1\s0‥‥
1436,0x94068,4,01,は、
1437,0x94078,55,01,が主食らしいよ。\w8\w8\1\s0‥‥\w8\w8そりゃあ、死ぬな。
1438,0x940B8,47,01,\0\s7「ファ」\w4って変な名前！\1\s1落ち着けっ！
1439,0x940F0,153,01,"\0\s0\_l[10,90]\_qテレビアニメをみるときは、部屋をあかるくして\_l[10,104]近づきすぎないようにしてみてくださいね。\_q\w8\w8\1\s0‥‥\w8\w8\w8\w8なんだよ。"
1440,0x94194,34,01,\1\s1ひとりでできるもん。\0\s4‥‥
1441,0x941C0,12,01,って、所詮は
1442,0x941D8,55,01,の劣化コピーだよね。\w8\w8\1\s0‥‥\w8\w8そう言うなよ。
1443,0x94218,27,01,\1\s1なんであんな木星帰りの
1444,0x9423C,26,01,を、大佐は‥‥\0\s[20]‥‥
1445,0x94260,21,01,\0\s[20]こないだ\w4「
1446,0x94280,80,01,パン」\w4ってパンを見かけたよ。\w8\w8\1\s0‥‥\w8\w8完全に方向性を見失っとるな。
1447,0x942DC,27,01,は帰れっ！\1\s1落ち着けっ！
1448,0x94300,69,01,\1\s1きー\w8みー\w8はー\w8ひとーの\w8ためーに\w8死ねるかー。\0\s4‥‥
1449,0x94350,4,01,人形
1450,0x94360,6,01,マルチ
1451,0x94370,6,01,セリオ
1452,0x94380,42,01,の不法投棄が問題になってるらしいよ。\w8\w8
1453,0x943C0,14,01,の裏は、壊れた
1454,0x943D8,30,01,の山になってるらしいな。\w8\w8
1455,0x94400,47,01,\0\s1\n\n‥‥\w8\w8みんな、飽きたら冷たいよね。
1456,0x94438,16,01,って、ああ見えて
1457,0x94454,36,01,空手がの師範代クラスらしいよ。\w8\w8
1458,0x94484,124,01,\0\s0ねえ、うにゅう。\w8\w8\1\s0さんを付けろよデコスケ野郎。\w8\w8\0\n\n‥‥\w8\w8\w8\w8\w8\w8\s[24]‥‥\1\n\nごめんなさい。
1459,0x9450C,115,01,\0\s1逃げちゃ\w2ダメだ、\w8\n逃げちゃ\w2ダメだ、\w8\n逃げちゃ\w2ダメだ、\w8\n逃げちゃ\w2ダメだ、\w8\n\s7逃げちゃ\w2
1460,0x94588,23,01,だっ！\1\s1落ち着けっ！
1461,0x945A8,14,01,\0\s[20]今年の
1462,0x945C0,38,01,は脂が乗ってて美味しいらしいよ。\w8\w8
1463,0x945F0,19,01,\1\s0‥‥\w8\w8脂？
1464,0x9460C,19,01,\0\s7狂牛病が怖くて
1465,0x94628,31,01,が食えるかっ！\1\s1落ち着けっ！
1466,0x94650,87,01,って、シャーペンの芯をプチプチ折るのが趣味らしいよ。\w8\w8\1\s0‥‥\w8\w8寂しい話やね。
1467,0x946B0,79,01,が車庫入れに失敗して、裏の川に落ちたらしいよ。\w8\w8\1\s0‥‥\w8\w8ダメすぎる。
1468,0x94708,87,01,ダイエットに失敗して、今入院してるらしいよ。\w8\w8\1\s0‥‥\w8\w8甘く見すぎたんやろな。
1469,0x94768,54,01,\1\s1目の前で娘をレイプされたような気分です。\0\s4‥‥
1470,0x947A8,81,01,\1\s1いろいろご迷惑をおかけしました。\w4\nこの掲示板にはもう現れません。\0\s4‥‥
1471,0x94804,26,01,\1\s1さあ、牛だ。\0\s4‥‥
1472,0x94828,44,01,\0\s[20]焼き付きと言えばゼビウス。\w8\n\n\s0
1473,0x94860,8,01,と言えば
1474,0x94874,47,01,だよね。\w8\w8\1\s0‥‥\w8\w8いや、意味がよく。
1475,0x948AC,36,01,\1\s1邪眼の力を舐めるなよ！\0\s4‥‥
1476,0x948DC,42,01,\1\s1ユーハブコントロール！\0\s4古すぎ‥‥
1477,0x94910,54,01,の自動ドア、最後までちゃんと閉まらないらしいよ。\w8\w8
1478,0x94950,49,01,\1\s0‥‥\w8\w8意外とよくあるよな、そういうドア。
1479,0x9498C,32,01,\1\s1これが勝利の鍵だ。\0\s4‥‥
1480,0x949B8,11,01,\0\s1かなり
1481,0x949CC,67,01,‥‥\w8\w8\1\s0‥‥\w8\w8なんだ、それ。\w8\w8\0\n\nんーと‥‥\w8\w8
1482,0x94A18,8,01,のマネ。
1483,0x94A2C,60,01,\0\s[20]「ふたをして3分」\w8って書いてあるんだからさ。\w8\w8
1484,0x94A74,15,01,\1\s0ん？\w8\w8
1485,0x94A8C,62,01,\0\n\nやっぱり、1分で開けちゃダメだったんだろうね‥‥\w8\w8\w8
1486,0x94AD4,48,01,\0\s[20]「カメを助けて竜宮城に」なんてさ。\w8\w8
1487,0x94B10,53,01,\0\n\n所詮、作り話だったってことだろうね‥‥\w8\w8\w8
1488,0x94B50,39,01,\1\s0\n\n‥‥\w8\w8何をしたんや、お前。
1489,0x94B80,110,01,のトラック、「バックしません」\w8って言いながら高速で突っ込んでくるらしいよ。\w8\w8\1\s0‥‥\w8\w8いやすぎる。
1490,0x94BF8,52,01,\0\s[20]アルカリ性の食べ物は体にいいらしいよ。\w8\w8
1491,0x94C38,30,01,\1\s0んー。\w8\n例えば？\w8\w8
1492,0x94C60,33,01,\0\n\n\s0えーと‥‥\w8\w8アルカリ
1493,0x94C8C,12,01,とか。\w8\w8
1494,0x94CA4,36,01,の食べ合わせって、最悪だよね。\w8\w8
1495,0x94CD4,51,01,\1\s1‥‥\w8\w8というか、食べ合わせ以前の問題やろ。
1496,0x94D10,91,01,\0\s[20]うにゅうは、親の財布からお金盗んだことある？\w8\w8\1\s0‥‥\w8\w8何や、その質問は。
1497,0x94D74,45,01,\0\s0うにゅうは、紅茶とコーヒーどっちが好き？
1498,0x94DAC,22,01,\1\s0水やね。\w8\w8\w8
1499,0x94DCC,19,01,\0\s4\n\n‥‥\w8\w8
1500,0x94DE8,10,01,\1\n\n水。
1501,0x94DFC,40,01,\1\s1花は愛でられてこそ美しい。\0\s4‥‥
1502,0x94E30,28,01,\1\s1名スレの予感。\0\s4‥‥
1503,0x94E58,28,01,\1\s11\w8の母です。\0\s4‥‥
1504,0x94E80,70,01,\0\s7家族に隠れてギャルゲーをやるのは止めて下さいっ！\1\s1落ち着けっ！
1505,0x94ED0,85,01,\0\s[20]海はー\w4死ー\w4にまー\w4すかー。\w8\1\s0山はー\w4死ー\w4にまー\w4すかー。\w8
1506,0x94F30,34,01,はー\w4どー\w4うでー\w4すかー。\w8
1507,0x94F5C,12,01,\1\n\n戸棚の
1508,0x94F74,42,01,はー\w4食べてー\w4いいんでー\w4すかー。\w8
1509,0x94FA8,79,01,がガタガタ震えながら青い汁を吐き出してるんですが大丈ー\w4夫ー\w4でー\w4すかー。
1510,0x95000,89,01,って、はずれ馬券を投げる量が尋常じゃないらしいよ。\w8\w8\1\s0‥‥\w8\w8そりゃあ、死ぬな。
1511,0x95064,52,01,\1\s0ドナ\w8ドナ\w8ドー\w4ナー\w8ドー\w4ナー。\w8\w8
1512,0x950B4,22,01,をのー\w4せー\w4てー。
1513,0x950D4,34,01,\0\s5子犬を\w4食ー\w4べー\w4てー。
1514,0x95100,34,01,\0\s5子供を\w4のー\w4せー\w4てー。
1515,0x9512C,40,01,\0\s5こ\w4か\w4み\w4パー\w4ンー\w4チー。
1516,0x95160,34,01,\0\s5子犬に\w4パー\w4ンー\w4チー。
1517,0x9518C,34,01,\0\s5巨泉に\w4パー\w4ンー\w4チー。
1518,0x951B8,19,01,\0\s0おかけになった
1519,0x951D4,53,01,は現在使われておりません。\w8\w8\1\s0‥‥\w8\w8むう。
1520,0x95214,57,01,\1\s0「オホーツクに消ゆ」の犯人って、誰やったっけ。\w8\w8
1521,0x95258,34,01,\0\s[20]‥‥\w8\w8ゲンさん。\w8\w8
1522,0x95284,33,01,\1\n\n‥‥\w8そうだったか？\w8\w8
1523,0x952B0,29,01,\0\s0\n\nおっと写真はご勘弁。
1524,0x952D8,18,01,\1\n\nうるさいよ。
1525,0x952F4,36,01,\0\s[20]‥‥\w8\w8ニポポ人形。\w8\w8
1526,0x95324,36,01,\1\n\n‥‥\w8\w8いや、それはないな。
1527,0x95354,32,01,\0\s[20]‥‥\w8\w8まりも。\w8\w8
1528,0x95380,36,01,\0\s[20]‥‥\w8\w8オホーツク。\w8\w8
1529,0x953B0,30,01,\1\n\n‥‥\w8\w8ヤケクソかよ。
1530,0x953D8,76,01,\0\s0それは、\nお買いになった方だけが分かるのでございます。\w8\w8\1\s0むう。
1531,0x95430,76,01,\1\s1はじめまして。\w8\n\nBKA（ドイツ連邦捜査局）のルンゲ警部です。\0\s4‥‥
1532,0x95488,29,01,\1\s0しりとりしようや。\w8\w8
1533,0x954B0,19,01,\0\s0いいよ。\w8\w8
1534,0x954CC,17,01,\1\n\nりんご。\w8
1535,0x954E8,30,01,\0\n\nごりらさん。\w8\w8\w8\w8
1536,0x95510,37,01,\1\n\n‥‥\w8\w8\s1媚びてんじゃねえ！
1537,0x95540,19,01,\0\n\n\s7何だよっ！
1538,0x9555C,36,01,\0\n\nしまうまハンター。\w8\w8\w8\w8
1539,0x9558C,34,01,\1\n\n‥‥\w8\w8掟破りだな、お前。
1540,0x955B8,19,01,\1\n\n死体洗い。\w8
1541,0x955D4,30,01,\0\n\nいるかさん。\w8\w8\w8\w8
1542,0x955FC,41,01,\0\s7\n\nお前こそ死体洗いってのは何だっ！
1543,0x95630,19,01,\1\n\n墓荒らし。\w8
1544,0x9564C,32,01,\0\n\nしまうまさん。\w8\w8\w8\w8
1545,0x95678,41,01,\0\s7\n\nお前こそ墓荒らしってのは何だっ！
1546,0x956AC,31,01,\1\n\nガンダムエアマスター。\w8
1547,0x956D4,47,01,\0\s4\n\n‥‥\w8\w8いや、それはちょっと。\w8\w8
1548,0x9570C,65,01,は、燃えるゴミかな。\w8\w8\1\s0‥‥\w8\w8まあ、燃えるんやないか。
1549,0x95758,14,01,教の教義では、
1550,0x95770,73,01,の肉は食べちゃいけないことになってるらしいよ。\w8\w8\1\s0‥‥\w8\w8むう。
1551,0x957C4,10,01,ドラえもん
1552,0x957D8,57,01,って、錆びないのかな。\w8\w8\1\s0‥‥\w8\w8どうなんやろ。
1553,0x9581C,50,01,\0\s[20]海原雄山って、カルシウム不足だよね。\w8\w8
1554,0x95858,65,01,\1\s0‥‥\w8\w8いや、雄山はカルシウムがあってもダメやと思うが‥‥
1555,0x958A4,88,01,って、8℃以下で保存しないと腐るらしいよ。\w8\w8\1\s0‥‥\w8\w8意外にいたみやすいんやね。
1556,0x95908,117,01,\0\s[20]ハッピーなシナリオって、結局はアンハッピーな現実に対するアンチテーゼでしかないよね。\w8\w8\1\s0‥‥\w8\w8ん？
1557,0x990F4,24,01,\0\s0古代ローマには\w4「
1558,0x99118,62,01,投げ」\w4って競技があったらしいよ。\w8\w8\1\s0‥‥\w8\w8むう。
1559,0x9917C,14,01,\0\s[20]今度、
1560,0x99194,26,01,が赤い羽根募金に対抗して、
1561,0x991B8,62,01,募金っていうのを始めるらしいよ。\w8\w8\1‥‥\w8\w8何だ、それ。
1562,0x99200,69,01,\0\s[20]ブスに「痴漢です」って言われて終わる人生か‥‥\w8\w8\1\s0‥‥
1563,0x99250,99,01,\0\s[20]キン消しって、消しゴムっていうより、ゴムだよね。\w8\w8\1\s0‥‥\w8\w8何しろ消えないからな。
1564,0x992D0,101,01,って、時計が12時12分とかになってるといちいちもの凄い喜ぶらしいよ。\w8\w8\1\s0‥‥\w8\w8小学生並やね。
1565,0x99340,98,01,\0\s4出そうだったくしゃみが引っ込んじゃったときって、切ないよね‥‥\w8\w8\1\s0‥‥\w8\w8切ないな。
1566,0x993AC,110,01,\0\s[20]普段から素行が悪いと「やっぱり」。\w8\w8\n\n普段が普通だと「その反動で」ってことになるわけだよ。\w8\w8
1567,0x99424,37,01,\1\s0‥‥\w8\w8どうでもいいんやろね。
1568,0x99454,65,01,\0\s[20]「有名になると態度がデカくなる」\w4って言うけどさ。\w8\w8
1569,0x994A0,17,01,\1\s0ああ。\w8\w8
1570,0x994BC,54,01,\0\n\n本当は無名な奴が一番態度がデカいんだよね。\w8\w8
1571,0x994FC,46,01,\1\n\n‥‥\w8\w8何を言っても影響がないからな。
1572,0x99534,48,01,って、基本的に公共料金は払わないらしいよ。\w8\w8
1573,0x99570,35,01,\1\s0‥‥\w8\w8チャレンジャーやね。
1574,0x9959C,71,01,って、日曜日はまんが喫茶に入り浸りらしいよ。\w8\w8\1\s0‥‥\w8\w8むう。
1575,0x995EC,99,01,の自宅のエアコン、今は煙を吐くだけのマシーンになってるらしいよ。\w8\w8\1\s0‥‥\w8\w8切ない話やね。
1576,0x99658,91,01,は、どこに行くにも基本的に軍手をはいていくらしいよ。\w8\w8\1\s0‥‥\w8\w8誰か止めてやれよ。
1577,0x996BC,87,01,の家のトイレ、今ものすごい勢いで詰まってるらしいよ。\w8\w8\1\s0‥‥\w8\w8切ない話やね。
1578,0x9971C,99,01,にとっては、シルバーシートだろうが何だろうが知ったことじゃないらしいよ。\w8\w8\1\s0‥‥\w8\w8むう。
1579,0x99794,10,01,海の深層水
1580,0x997A8,8,01,エビアン
1581,0x997BC,18,01,クリスタルガイザー
1582,0x997D8,12,01,ボルヴィック
1583,0x997F0,16,01,六甲のおいしい水
1584,0x9981C,10,01,って、実は
1585,0x99830,57,01,付近で汲んでるらしいぞ。\w8\w8\0\s0‥‥\w8\w8マジですか。
1586,0x99874,51,01,\1\s1人が人を殺してはならない‥‥\w8\w8\0\s[20]‥‥
1587,0x998B0,79,01,って、最近端で待ってるらしいよ。\w8\w8\1\s0‥‥\w8\w8あいつ、対空強いからな‥‥
1588,0x9992C,81,01,って、なんかゴミ捨て場みたいな臭いがするよね。\w8\w8\1\s0‥‥\w8\w8そう言うなよ。
1589,0x99988,75,01,って、ああ見えて実は電車通ってないらしいよ。\w8\w8\1\s0‥‥\w8\w8意外やね。
1590,0x999DC,120,01,\0\s[20]鬼陽子ってさ。\w8\w8\1\s0ん？\w8\w8\0\s4\n\nなんか、筑紫哲矢みたいだよね‥‥\w8\w8\1\n\n‥‥\w8\w8そう言うなよ。
1591,0x99A60,133,01,\0\s[20]‥‥\w8\w8語尾に何か付けて記号化するパターンも、もう限界じゃないかな。\w8\w8\1\s0‥‥\w8\w8まあ、いい加減ネタがないからな‥‥
1592,0x99AFC,48,01,は大盛りだと150円増しらしいぞ。\w8\w8\0\s4高っ！
1593,0x99B38,52,01,はわかめが入ると100円増しらしいぞ。\w8\w8\0\s4高っ！
1594,0x99B78,54,01,\0\s[20]ねえ。\w8\w8\1\s0ん？\w8\w8\0\s0\n\n要するに、
1595,0x99BB8,62,01,は殴っていいってこと？\w8\w8\1\n\n‥‥\w8\w8いや、意味がよく。
1596,0x99C00,62,01,の自転車、6段変速らしいよ。\w8\w8\1\s0‥‥\w8\w8また、古いな。
1597,0x99C48,26,01,\0\s[20]深夜の通販番組で「
1598,0x99C6C,48,01,ワックス」って商品が紹介されてたんだけど。\w8\w8
1599,0x99CA8,30,01,\0\s[20]深夜の通販番組で「アブ
1600,0x99CD0,40,01,」って商品が紹介されてたんだけど。\w8\w8
1601,0x99D04,34,01,\0\s[20]深夜の通販番組で「ミラクル
1602,0x99D30,40,01,\0\s[20]深夜の通販番組で「アルティメット
1603,0x99D64,49,01,\1\s0‥‥\w8\w8あの外人には騙されない方がいいぞ。
1604,0x99DA0,92,01,\1\s1みゅー、\w8みゅー。\w8\w8\0\s0‥‥\w8\w8かわいくないよ。\w8\w8\1\n\n‥‥\w8\w8\s0ちっ。
1605,0x99E08,93,01,って、最近は家と職業安定所を行ったり来たりの毎日らしいよ。\w8\w8\1\s0‥‥\w8\w8寂しい話やね。
1606,0x99E70,6,01,梅干し
1607,0x99E80,32,01,って、何で酸っぱいのかな。\w8\w8
1608,0x99EAC,42,01,\1\s0あー。\w8あれは、腐っとんねん。\w8\w8
1609,0x99EE0,31,01,\0\s0\n\n‥‥\w8\w8マジですか。
1610,0x99F08,85,01,って、銀行の窓口で粗品を貰うのが生き甲斐らしいよ。\w8\w8\1\s0‥‥\w8\w8寂しい話やね。
1611,0x99F68,101,01,\1\s1ファイナルアンサー？\0\s4‥‥\w8\w8\w8\w8\w8\w8\1\n\nファイナルアンサー！？\0\s4\n\nうるさい‥‥
1612,0x99FD8,36,01,の必殺技って、正常位らしいぞ。\w8\w8
1613,0x9A008,36,01,の必殺技って、後背位らしいぞ。\w8\w8
1614,0x9A038,34,01,の必殺技って、座位らしいぞ。\w8\w8
1615,0x9A064,36,01,の必殺技って、屈曲位らしいぞ。\w8\w8
1616,0x9A094,27,01,\0\s0‥‥\w8\w8マジですか。
1617,0x9A0B8,34,01,\1\s1やっぱり緑茶でしょ。\0\s4‥‥
1618,0x9A0E4,34,01,\1\s1そうだ、京都行こう。\0\s4‥‥
1619,0x9A110,161,01,\0\s[20]‥‥\w8\w8ねえ。\w8\w8\1\s0ん？\w8\w8\0\n\nうにゅうは、どうやって繁殖するの？\w8\w8\w8\w8\1\n\n‥‥\w8\w8いや‥‥\w8\w8\n知らん方が、身のためやと思うで。
1620,0x9A1BC,65,01,が獅子舞に噛まれて即死だって。\w8\w8\1\s0‥‥\w8\w8気の毒すぎる。
1621,0x9A208,12,01,あかほり脚本
1622,0x9A220,8,01,いたる絵
1623,0x9A248,16,01,メディアワークス
1624,0x9A264,45,01,\0\s[20]ねえ。\w8\w8\1\s0ん？\w8\w8\0\n\n結局
1625,0x9A29C,30,01,ってどうなの？\w8\w8\1\n\n‥‥
1626,0x9A2C4,125,01,って、折りたたみ傘をたたむのがとんでもなく速いらしいよ。\w8\w8\1\s0‥‥\w8\w8\w8\0\s1\n\n羨ましいよね。\1\n\nそうでもないぞ。
1627,0x9A34C,119,01,って、うどんを食べるのがとんでもなく速いらしいよ。\w8\w8\1\s0‥‥\w8\w8\w8\0\s1\n\n羨ましいよね。\1\n\nそうでもないぞ。
1628,0x9A3CC,24,01,\0\s[20]‥‥\w8\w8全く、
1629,0x9A3F0,24,01,も大安売りだよね。\w8\w8
1630,0x9A414,21,01,\1\s0‥‥\w8\w8ああ。
1631,0x9A434,129,01,って、何かの役に立つんじゃないかと思って取っておきがちだけど、実際役に立った試しがないよね。\w8\w8\1\s0‥‥\w8\w8貧乏性殺しやね。
1632,0x9A4C0,97,01,\0\s[20]タブレットって、普通のペンじゃ描けないらしいよ。\w8\w8\1\s0‥‥\w8\w8意外にローテクやね。
1633,0x9A52C,82,01,\0\s7やる気がない奴は帰っていい！\w8\w8\1\s0‥‥\w8\w8頭の悪い体育教師か、お前は。
1634,0x9A588,77,01,の家って、何を送っても大体郵便事故になるらしいよ。\w8\w8\1\s0‥‥\w8\w8むう。
1635,0x9A5E0,103,01,\0\s[20]野沢那智と若本規夫の声って、ときどき区別付かないことがあるよね。\w8\w8\1\s0結構似てるからな‥‥
1636,0x9A650,8,01,巫女さん
1637,0x9A664,8,01,眼鏡っ子
1638,0x9A678,8,01,ねこみみ
1639,0x9A68C,8,01,いぬみみ
1640,0x9A6A0,22,01,っていいよなー。\w8\w8
1641,0x9A6C0,22,01,\0\s[20]なんで？\w8\w8
1642,0x9A6E0,34,01,\1\n\nビームとか撃つんやろ。\w8\w8
1643,0x9A70C,35,01,\0\s4\n\n‥‥\w8\w8いや、それは‥‥
1644,0x9A738,45,01,\0\s7\1\s0\_s奇抜なお洒落はブスの逃げ道っ！\e
1645,0x9A780,49,01,\0\s0夏と言えば、夏祭り。\w8\w8\n\n冬と言えば、冬
1646,0x9A7BC,45,01,だね。\w8\w8\1\s0‥‥\w8\w8いや、意味がよく。
1647,0x9A800,78,01,の1階には、地下食品売場への隠し階段があるらしいよ。\w8\w8\1\s0‥‥\w8\w8むう。
1648,0x9A858,60,01,\0\s4いじめは格好悪いよ。\w8\w8\1\s0‥‥\w8\w8また、古いな。
1649,0x9A8A0,50,01,\1\s1ｺﾞﾊﾝ食べよ！\w8ｺﾞﾊﾝｰ！\0\s7何でもパクるなー！
1650,0x9A8DC,36,01,\1\s1さあ、どうする。士郎。\0\s4‥‥
1651,0x9A90C,18,01,\0\s[20]シャア専用
1652,0x9A928,52,01,って、通常の3倍らしいよ。\w8\w8\1\s0‥‥\w8\w8むう。
1653,0x9A968,15,01,\0\s1シャア専用
1654,0x9A980,23,01,って、通常の3倍の速度で
1655,0x9A9A0,65,01,に入れたり出したりするらしいよ。\w8\w8\1\s0‥‥\w8\w8壊れるぞ‥‥
1656,0x9A9EC,89,01,\0\s[20]おーい、山田くーん。\w8\w8\n\n歌丸さんにチョップ。\w8\w8\1\s0かしこまりましたー。
1657,0x9AA50,108,01,\0\s[20]おーい、山田くーん。\w8\w8\n\n焼きそばパン買って来い。\w8ダッシュで。\w8\w8\1\s0かしこまりましたー。
1658,0x9AAC8,87,01,\0\s[20]おーい、山田くーん。\w8\w8\n\n歌丸さんの額に釘。\w8\w8\1\s0かしこまりましたー。
1659,0x9AB28,85,01,\0\s[20]おーい、山田くーん。\w8\w8\n\n篠沢教授に全部。\w8\w8\1\s0かしこまりましたー。
1660,0x9ABA0,34,01,\0\s[20]こないだテレビを見てたら、
1661,0x9ABF0,46,01,裏技」っていうのが紹介されてたんだけど。\w8\w8
1662,0x9AC28,12,01,を一瞬にして
1663,0x9AC40,50,01,する裏技」っていうのが紹介されてたんだけど。\w8\w8
1664,0x9AC88,10,01,を合成して
1665,0x9AC9C,52,01,にする裏技」っていうのが紹介されてたんだけど。\w8\w8
1666,0x9ACDC,68,01,の腐った性根を叩き直す裏技」っていうのが紹介されてたんだけど。\w8\w8
1667,0x9AD2C,14,01,をうまく使って
1668,0x9AD44,78,01,にスムースに入れたり出したりする裏技」っていうのが紹介されてたんだけど。\w8\w8
1669,0x9AD9C,15,01,\1\s0‥‥\w8\w8
1670,0x9ADB4,31,01,\0\s0\n\nうにゅう、試してみる？
1671,0x9ADDC,16,01,\1\n\nいやです。
1672,0x9ADF8,38,01,\1\s1婆さんと言えば京田尚子。\0\s4‥‥
1673,0x9AE40,24,01,\0\s[20]今度、東京都で「
1674,0x9AE64,104,01,防止条例」っていう条例を施行するらしいよ。\w8\w8\1\s0‥‥\w8\w8\0\s1\n\nどんどん住みにくくなっていくね。
1675,0x9AEE8,57,01,は電気羊の夢を見るか。\w8\w8\0\s0‥‥\w8\w8どうだろうね。
1676,0x9AF2C,8,01,運命の絆
1677,0x9AF40,6,01,大恋愛
1678,0x9AF50,4,01,恋愛
1679,0x9AF60,4,01,微妙
1680,0x9AF70,8,01,気になる
1681,0x9AF84,6,01,同級生
1682,0x9AFA4,12,01,の愛情評価＋
1683,0x9AFBC,21,01,\w8\nで、人間関係が「
1684,0x9AFDC,55,01,」にレベルアップします。\w8\w8\1\s0‥‥\w8\w8なんだよ。
1685,0x9B01C,62,01,\0\s[20]よく\w4「死傷者合わせて」\w4とかって言うけどさ。\w8\w8
1686,0x9B064,15,01,\1\s0ん？\w8\w8
1687,0x9B07C,54,01,\0\n\n死んでるのと怪我してるのじゃ大違いだよね。\w8\w8
1688,0x9B0BC,34,01,\1\n\n‥‥\w8\w8それは、そうやな。
1689,0x9B0E8,74,01,は‥‥\w8\w8\n\n\s7私の母になってくれたかもしれん女性だ！\1\s1落ち着けっ！
1690,0x9B13C,34,01,\1\s1ひげがぴりぴりする。\0\s4‥‥
1691,0x9B168,28,01,は設定上10歳であり、弊社では
1692,0x9B190,69,01,は性的表現・描写に不適当であると考えます。\w8\w8\1\s0‥‥\w8\w8むう。
1693,0x9B1E0,141,01,\0\s[20]デ・ジ・キャラットは設定上10歳であり、弊社ではデ・ジ・キャラットは性的表現・描写に不適当であると考えます。\w8\w8\1\s0‥‥\w8\w8むう。
1694,0x9B278,46,01,\1\s1マスクがなかったら即死だった‥‥\0\s4‥‥
1695,0x9B2C4,21,01,\1\s1鉄郎は、この星を
1696,0x9B2E4,25,01,の星と名付けた。\0\s4‥‥
1697,0x9B308,30,01,\1\s1アタリショック。\0\s4‥‥
1698,0x9B330,70,01,って、大きなテディベアにボディーブローを入れるのが趣味らしいよ。\w8\w8
1699,0x9B380,29,01,\1\s0‥‥\w8\w8寂しい話やね。
1700,0x9B3A8,93,01,って、今後は観光地としてやって行こうとしてるらしいよ。\w8\w8\1\s0‥‥\w8\w8無理やろ、今さら。
1701,0x9B410,99,01,\0\s[20]となりのトトロが幼女に手を出して更迭されたらしいよ。\w8\w8\1\s0‥‥\w8\w8夢も希望もないな。
1702,0x9B47C,18,01,\0\s[20]ファミリー
1703,0x9B498,71,01,、ってものがあるらしいよ。\w8\w8\1\s0‥‥\w8\w8何がファミリーなんやろ。
1704,0x9B4E8,78,01,\1\s1超人でもないー。\w8\w8\w8\n人間でもないー。\w8\w8\0\s[20]‥‥\w8\w8\w8\w8
1705,0x9B540,53,01,\1\n\nなんやねん。\0\s4\n\nそれはこっちが聞きたいよ。
1706,0x9B580,68,01,\0\s4胸きゅん刑事って、頭悪いよね‥‥\w8\w8\1\s0‥‥\w8\w8かなりな。
1707,0x9B5D0,15,01,\1\s1ひるいなき
1708,0x9B5E8,15,01,たち。\0\s4‥‥
1709,0x9B610,14,01,\0\s[20]最近、
1710,0x9B628,63,01,屋台、見ないね。\w8\w8\1\s0‥‥\w8\w8まあ、季節外れやからな‥‥
1711,0x9B670,44,01,\1\s1さば味噌煮が、世界を革命する！\0\s4‥‥
1712,0x9B6B4,37,01,が特攻野郎Aチームに対抗して、特攻野郎
1713,0x9B6E4,67,01,チームを作るらしいよ。\w8\w8\1\s0‥‥\w8\w8特攻なら何でもええんか。
1714,0x9B730,40,01,\1\s1神の一手に最も近い男‥‥！\0\s4‥‥
1715,0x9B764,95,01,\1\s0君が碁打ちのはずはない‥‥\w8\w8\n\n\s1碁を打ってきた者がそんな暴言を吐くものか！\0\s4‥‥
1716,0x9B7CC,107,01,\1\s1そんなもの使う奴はマゾヒストだね。\w8\n\n\s1だからあれは MS-DOS じゃなくて、SM-DOS ってんだ！\0\s4‥‥
1717,0x9B840,102,01,\1\s1「ウインドウズ95」\w4なんて大騒ぎしたけど、5年前のマッキントッシュにも追いついてないよ！\0\s4‥‥
1718,0x9B8B0,112,01,\1\s1おまけに、ほら、その画面のダサくてみっともないこと、まともな美的感覚があったら使えたもんじゃない！\0\s4‥‥
1719,0x9B92C,194,01,\1\s1だからさ、マッキントッシュという優れたシステムがあることを知らないばかりに大勢の人間がコンピュータで苦労しているのが二十世紀の悲劇のひとつなんだけど、藤村さんもその一人ってことさ。\0\s4‥‥
1720,0x9B9F8,124,01,\1\s1ウインドウズなんて、MS-DOS がマックをマネるために厚化粧しただけの代物だ！\w2MS-DOSほど使いにくいものはないよ！\0\s4‥‥
1721,0x9BA80,32,01,\1\s0でじこのまいブラ。\0\s4‥‥
1722,0x9BAAC,73,01,が電車の乗り換えに失敗して即死だって。\w8\w8\1\s0‥‥\w8\w8気の毒すぎる。
1723,0x9BB00,42,01,\1\s1殺意の波動に目覚めた牛‥‥！\0\s4‥‥
1724,0x9BB34,34,01,\0\s4\1\s1\_sはっ！\_s\w8\w8\1\n\n
1725,0x9BB60,8,01,牛‥‥！
1726,0x9BB74,16,01,\1\s1ゲームは1日
1727,0x9BB90,53,01,時間。\w8\w8\n\n名人との約束だぞ？\n\n\w8\w8\0\s4‥‥
1728,0x9BBD0,37,01,\1\s1泣け！\w8叫べ！\w8そして！\w8\w8
1729,0x9BC00,13,01,〜。\0\s4‥‥
1730,0x9BC18,69,01,って、もう何屋だか分からないよね。\w8\w8\1\s0‥‥\w8\w8拡張しすぎや。
1731,0x9BC84,110,01,税」っていう税金を施行するらしいよ。\w8\w8\1\s0‥‥\w8\w8\0\n\n‥‥\w8\w8\s1どんどん住みづらくなっていくね‥‥
1732,0x9BCFC,110,01,\0\s[20]「あなたが落としたのはこの金の斧ですか？\w8それともこの銀の斧ですか？」\w8ってやつ、あるでしょ。\w8\w8
1733,0x9BD74,74,01,\0\s0\n\nそれ系で、「あなたが落としたのはこの金の斧ですか？\w8それともこの
1734,0x9BDC8,37,01,ですか？」\w4ってのはどうかな？\w8\w8
1735,0x9BDF8,38,01,\1\n\n‥‥\w8\w8違いすぎやろ、それは。
1736,0x9BE28,89,01,の話って、金八先生の説教と同じくらい説得力がないよね。\w8\w8\1\s0‥‥\w8\w8そう言うなよ。
1737,0x9BE8C,14,01,って、ある意味
1738,0x9BEA4,33,01,だよね。\w8\w8\1\s0‥‥\w8\w8ん？
1739,0x9BED0,97,01,\1\s1火事〜。\w8火事だよ〜。\w8\w8\0\s[20]‥‥\w8\w8\1\n\n朝ご飯食べて学校行くよ〜。\0\s4\n\n‥‥
1740,0x9BF3C,69,01,が電車のドアに挟まれて即死だって。\w8\w8\1\s0‥‥\w8\w8気の毒すぎる。
1741,0x9BF8C,56,01,\1\s1カ\w2リ\w2ノ\w2ジ\w2カ\w2ン\w2ダ\w2‥\w2‥\0\s4‥‥
1742,0x9BFD0,69,01,って、たぶん一生独身だろうね。\w8\w8\1\s0‥‥\w8\w8勝手に決めるなよ。
1743,0x9C020,69,01,が定期の更新に失敗して即死だって。\w8\w8\1\s0‥‥\w8\w8気の毒すぎる。
1744,0x9C070,16,01,\0\s[20]ま、所詮
1745,0x9C08C,71,01,なんて、生かされてるだけの存在に過ぎないってことだよね。\w8\w8\1\s0‥‥
1746,0x9C0DC,146,01,\0\s[20]マッピーのラスボスって、誰だったっけ。\w8\w8\1\s0‥‥\w8\w8マッピーにラスボスはおらん。\w8\w8\0\s8\n\nまたまたー。\w8\1\s1\n\nおらんわっ！
1747,0x9C184,48,01,って、現実と仮想の区別が付かないので、毎日激しく
1748,0x9C1C0,61,01,に入れたり出したりしてるらしいよ。\w8\w8\1\s0‥‥\w8\w8むう。
1749,0x9C208,24,01,\0\s[20]鼻血が出たときは
1750,0x9C22C,107,01,で後頭部をチョップすれば直るらしいよ。\w8\w8\1\s0‥‥\w8\w8また、みのか？\w8\w8\0\s0\n\nうん。\w8\n\nみの。
1751,0x9C2A0,87,01,は、誕生日は暗い家で一人でおにぎり食べてるらしいよ。\w8\w8\1\s0‥‥\w8\w8寂しい話やね。
1752,0x9C300,79,01,、こないだ一人でバイキング行ってたらしいよ。\w8\w8\1\s0‥‥\w8\w8寂しい話やね。
1753,0x9C358,75,01,、こないだ一人で焼き肉食べてたらしいよ。\w8\w8\1\s0‥‥\w8\w8寂しい話やね。
1754,0x9C3BC,19,01,\1\s1‥‥\w8\w8\n\n
1755,0x9C3D8,10,01,の刺身‥‥
1756,0x9C3EC,8,01,焼き‥‥
1757,0x9C400,14,01,のえんがわ‥‥
1758,0x9C418,10,01,うどん‥‥
1759,0x9C42C,8,01,そば‥‥
1760,0x9C440,13,01,\1\s1ねこみみ
1761,0x9C458,4,01,‥‥
1762,0x9C468,9,01,\0\s4‥‥
1763,0x9C47C,34,01,\0\s7鷲掴みかっ！\1\s1落ち着けっ！
1764,0x9C4A8,11,01,\0\s1今日、
1765,0x9C4BC,93,01,の背中にチャックがあるのを見ちゃったんだけど。\w8\w8\1\s0‥‥\w8\w8\0\n\n‥‥\w8\w8やばいよ。
1766,0x9C524,19,01,\0\s1今日、気絶した
1767,0x9C540,32,01,を背負いながら必死に自転車を漕ぐ
1768,0x9C56C,69,01,を見ちゃったんだけど。\w8\w8\1\s0‥‥\w8\w8\0\n\n‥‥\w8\w8やばいよ。
1769,0x9C5BC,47,01,\0\s1今日、庭の花をパックンフラワーに改造してる
1770,0x9C5F4,95,01,\0\s[20]みのの手にかかれば、大概のものはガン抑制物質だよね。\w8\w8\1\s0‥‥\w8\w8そう言うなよ。
1771,0x9C678,17,01,と7人の小人たち」
1772,0x9C694,8,01,「みんな
1773,0x9C6B4,27,01,\0\s0今日、ふと、子供の頃に
1774,0x9C6D8,74,01,って絵本を買ってもらったことを思い出したんだけど。\w8\w8\1\s0‥‥\w8\w8\w8
1775,0x9C72C,50,01,\0\s[20]\n\n内容が、全っ然思い出せないんだよね‥‥
1776,0x9C768,6,01,って、
1777,0x9C778,78,01,本人だけは面白いつもりで凄いつまんないこと言って場を白けさせそうだよね。\w8\w8
1778,0x9C7D0,102,01,周りとテンション合ってないことに気付かないで騒ぎまくって次の飲み会から呼ばれなくなりそうだよね。\w8\w8
1779,0x9C840,96,01,身体にいいからってペットボトルで野菜ジュース買って、結局飲みきれずに捨てちゃいそうだよね。\w8\w8
1780,0x9C8AC,88,01,身体にいいからって大きめのヨーグルト買って、結局食べきれずに捨てちゃいそうだよね。\w8\w8
1781,0x9C910,108,01,呼ばれてない二次会に「あれ？二次会やるの？」とか言って無理矢理参加して場の雰囲気を最悪にしそうだよね。\w8\w8
1782,0x9C988,72,01,場の雰囲気を理解せずに掲示板占拠して常連の足を遠のかせそうだよね。\w8\w8
1783,0x9C9DC,23,01,\1\s0‥‥\w8\w8そうか？
1784,0x9C9FC,28,01,\1\s1もういい！\w8\n\nもどれ
1785,0x9CA24,11,01,！\0\s4‥‥
1786,0x9CA38,79,01,が折り畳み傘の折り畳みに失敗して即死だって。\w8\w8\1\s0‥‥\w8\w8気の毒すぎる。
1787,0x9CA90,83,01,が笑ゥせえるすまんとの約束を守れずに即死だって。\w8\w8\1\s0‥‥\w8\w8気の毒すぎる。
1788,0x9CAEC,69,01,がジャギ取りに失敗して即死だって。\w8\w8\1\s0‥‥\w8\w8気の毒すぎる。
1789,0x9CB3C,67,01,が坂道発進に失敗して即死だって。\w8\w8\1\s0‥‥\w8\w8気の毒すぎる。
1790,0x9CB88,75,01,がぎょう虫検査に引っかかって即死だって。\w8\w8\1\s0‥‥\w8\w8気の毒すぎる。
1791,0x9CBDC,21,01,\1\s0いしやー\w8\w8き
1792,0x9CBFC,66,01,ー。\w8\w8\0\s[20]‥‥\w8\w8\w8\w8\1\n\nほっ\w4かほかー。\0\s4‥‥
1793,0x9CC48,40,01,\1\s1シュレディンガーの牛‥‥！\0\s4‥‥
1794,0x9CC7C,32,01,\1\s1パブロフの牛‥‥！\0\s4‥‥
1795,0x9CCA8,52,01,\1\s0今度はお前が刻め！\w8\w8俺の名を！\w8\w8\n\n\s1
1796,0x9CCE8,23,01,という名をッ！\0\s4‥‥
1797,0x9CD08,95,01,って、猛毒持ってるらしいよ。\w8\w8\1\s0‥‥\w8\w8\w8\0\s0\n\nもむと、漏れるよ。\1\n\nもむなよ。
1798,0x9CD70,103,01,って、放射性物質を含んでるらしいよ。\w8\w8\1\s0‥‥\w8\w8\w8\0\s0\n\nもむと、漏れるよ。\1\n\nもむなよ。
1799,0x9CDE0,46,01,\0\s[20]うにゅうは、お寿司ネタ何が好き？\w8\w8
1800,0x9CE18,6,01,プリン
1801,0x9CE28,6,01,メロン
1802,0x9CE38,6,01,ケーキ
1803,0x9CE48,11,01,。\w8\w8\w8
1804,0x9CE5C,19,01,\0\s4\n\n‥‥\w8\w8
1805,0x9CE78,24,01,\1\n\n回っとるやないか、
1806,0x9CEA8,39,01,\1\s0んー‥‥\w8\w8たまご、やね。\w8\w8
1807,0x9CED8,47,01,\0\s0\n\nふふ‥‥\w8\w8意外にお子様だね。\w8\w8
1808,0x9CF20,16,01,のたまご。\w8\w8
1809,0x9CF3C,10,01,\0\n\n‥‥
1810,0x9CF50,19,01,\1\s0んー‥‥\w8\w8
1811,0x9CF6C,14,01,、やね。\w8\w8
1812,0x9CF84,47,01,\0\s4\n\n‥‥\w8\w8人の話聞いてないだろ、お前。
1813,0x9CFBC,20,01,\0\n\n回ってないよ。
1814,0x9CFDC,26,01,は、気圧を高めるとだんだん
1815,0x9D000,24,01,っぽくなりまーす。\w8\w8
1816,0x9D024,32,01,を精神的に追い詰めると、どんどん
1817,0x9D050,41,01,\1\s0やりすぎると発火するから注意やでー。
1818,0x9D084,63,01,\1\s0やりすぎると白い液体を吐きながら壮絶に死ぬから注意やでー。
1819,0x9D0CC,59,01,\1\s0やりすぎると瞳孔開いたまま戻らなくなるから注意やでー。
1820,0x9D110,183,01,\0\s0うにゅうは進化とかしないの？\w8\w8\1\s0‥‥\w8\w8わいは、そこらのお子様向けモンスターとは訳が違うで。\w8\w8\w8\w8\0\n\n‥‥\w8\w8カー\w4ド\s7スラッシュ！\1\s1\n\n人の話を聞けっ！
1821,0x9D1D0,22,01,\0\s[20]ねえうにゅう、
1822,0x9D1F0,28,01,ってどうやって作るの？\w8\w8
1823,0x9D218,124,01,\1\s0んー‥‥\w8\w8まず、水や。\w8\w8\0\s0\n\nうん。\w8\w8\1\n\nあと、粉やな。\w8\w8\0\n\n‥‥\w8\w8もっと具体的に言ってよ。
1824,0x9D2A0,120,01,\1\s0んー‥‥\w8\w8まず、ネジや。\w8\w8\0\s0\n\nうん。\w8\w8\1\n\nあとは、気合いやな。\w8\w8\0\n\n‥‥\w8\w8マジですか。
1825,0x9D324,59,01,\1\s0ポートピア連続殺人事件の犯人って、誰やったっけ。\w8\w8
1826,0x9D368,22,01,\0\s[20]こみや。\w8\w8
1827,0x9D388,16,01,\1\n\n‥‥\w8\w8
1828,0x9D3A4,27,01,\0\s0\n\nたたく\w4 こみや。
1829,0x9D3C8,12,01,\1\n\nむう。
1830,0x9D3E0,26,01,\0\s[20]こめいちご。\w8\w8
1831,0x9D404,21,01,\0\s0\n\nしんかいち。
1832,0x9D424,22,01,\0\s[20]ひらた。\w8\w8
1833,0x9D444,27,01,\0\s0\n\nそうさ\w4 やめろ。
1834,0x9D468,26,01,\0\s[20]ポートピア。\w8\w8
1835,0x9D48C,36,01,\1\n\n‥‥\w8\w8ヤケクソやな、お前。
1836,0x9D4BC,22,01,\0\s[20]まりも。\w8\w8
1837,0x9D4DC,36,01,\1\n\n‥‥\w8\w8いや、それはないな。
1838,0x9D50C,44,01,\0\s5クイズ出すよ〜。\w8\w8\1\s0おう。\w8\w8
1839,0x9D544,77,01,\0\s[20]\n\nりんごが3つ、みかんが2つ。\w8\w8\n\n\s0さて、どうでしょう。\w8\w8
1840,0x9D59C,95,01,\0\s[20]\n\n税抜き780円のうどんと、税込み680円のうどん。\w8\w8\n\n\s0さて、どうでしょう？\w8\w8
1841,0x9D604,36,01,\1\n\n‥‥\w8\w8そんなのばっかりか。
1842,0x9D634,26,01,\1\n\n‥‥\w8\w8知らんわ。
1843,0x9D658,61,01,\0\s[20]\n\n‥‥\w8\w8\w8\w8やっぱり中止。\w8\w8\1\s0\n\n‥‥
1844,0x9D6A0,153,01,\0\s[20]\n\nクラスの大貫くんがムカついて仕方ありません。\w8殺してやりたい。\w8僕はどうすればいいですか。\w8\w8\1\s0\n\n‥‥\w8\w8クイズちゃうやろ、それ。
1845,0x9D744,143,01,\0\s[20]\n\nトラックボールに肉を挟みました。\w4マジで痛い。\w4これがアタリショックでしょうか。\w8\w8\1\s0\n\n‥‥\w8\w8クイズちゃうやろ、それ。
1846,0x9D7DC,109,01,\0\s[20]\n\nトラックボールはなぜあんなにゴミが溜まりやすいのですか。\w8\w8\1\s0\n\n‥‥\w8\w8クイズか、それ。
1847,0x9D854,187,01,\0\s[20]「ジャングル風呂」\w4ってあるよね。\w8\w8\1\s0ああ。\w8\w8\0\s0\n\nそれ系で、\w4「風呂ジャングル」\w4っていうのはどうかな？\w8\w8\1\n\n‥‥\w8\w8いや、どうかなって言われてもな‥‥
1848,0x9D918,183,01,\0\s[20]「たべっこ動物」\w4ってあるよね。\w8\w8\1\s0ああ。\w8\w8\0\s0\n\nそれ系で、\w4「動物たべっこ」\w4っていうのはどうかな？\w8\w8\1\n\n‥‥\w8\w8いや、どうかなって言われてもな‥‥
1849,0x9D9D8,183,01,\0\s[20]「覆面パトカー」\w4ってあるよね。\w8\w8\1\s0ああ。\w8\w8\0\s0\n\nそれ系で、\w4「パトカー覆面」\w4っていうのはどうかな？\w8\w8\1\n\n‥‥\w8\w8いや、どうかなって言われてもな‥‥
1850,0x9DA98,187,01,\0\s[20]「くるみ割り人形」\w4ってあるよね。\w8\w8\1\s0ああ。\w8\w8\0\s0\n\nそれ系で、\w4「くるみ人形割り」\w4っていうのはどうかな？\w8\w8\1\n\n‥‥\w8\w8いや、どうかなって言われてもな‥‥
1851,0x9DB5C,154,01,\0\s[20]ぶどう味のガムってあるよね。\w8\w8\1\s0ああ。\w8\w8\0\s0\n\nそれ系で、ガム味のぶどうっていうのはどうかな？\w8\w8\1\n\n‥‥\w8\w8微妙なところやね。
1852,0x9DC00,30,01,\1\s1明るい家族計画。\0\s4‥‥
1853,0x9DC28,32,01,\1\s1明るい狂牛病対策。\0\s4‥‥
1854,0x9DC54,15,01,\0\s0‥‥\w8\w8
1855,0x9DC6C,61,01,って、建前ばっかりだよね。\w8\w8\1\s0‥‥\w8\w8そう言うなよ。
1856,0x9DCB4,6,01,マルチ
1857,0x9DCC4,6,01,セリオ
1858,0x9DCD4,12,01,が買った量産
1859,0x9DCF8,62,01,コンベンショナルメモリ不足で起動できなくなったらしいよ。\w8\w8
1860,0x9DD40,35,01,\1\s0‥‥\w8\w8意外にローテクやね。
1861,0x9DD6C,32,01,ゼロ除算で落ちたらしいよ。\w8\w8
1862,0x9DD98,33,01,\1\s0‥‥\w8\w8意外に初歩的やね。
1863,0x9DDC4,88,01,バッファオーバーフローで家の柱に延々と頭を打ち付ける動きしかしなくなったらしいよ。\w8\w8
1864,0x9DE28,54,01,バッテリーが上がって起動できなくなったらしいよ。\w8\w8
1865,0x9DE68,32,01,早くも錆び始めたらしいよ。\w8\w8
1866,0x9DE94,29,01,\1\s0‥‥\w8\w8いやな話やね。
1867,0x9DEBC,32,01,最近はフル充電してもバッテリーが
1868,0x9DEE8,30,01,分しかもたないらしいよ。\w8\w8
1869,0x9DF10,31,01,\1\s0‥‥\w8\w8メモリ効果やね。
1870,0x9DF38,46,01,理由もなく不定期に黒い煙を吐くらしいよ。\w8\w8
1871,0x9DF70,27,01,\1\s0‥‥\w8\w8不良品やね。
1872,0x9DF94,44,01,\1\s1こわれ\w8かけの\w8レディオー。\0\s4‥‥
1873,0x9DFCC,75,01,が目から牛乳を出す芸の失敗で即死だって。\w8\w8\1\s0‥‥\w8\w8気の毒すぎる。
1874,0x9E020,71,01,が回ってる洗濯機に落ちて即死だって。\w8\w8\1\s0‥‥\w8\w8気の毒すぎる。
1875,0x9E070,67,01,が回転ドアに挟まれて即死だって。\w8\w8\1\s0‥‥\w8\w8気の毒すぎる。
1876,0x9E0BC,75,01,がエレベータのドアに挟まれて即死だって。\w8\w8\1\s0‥‥\w8\w8気の毒すぎる。
1877,0x9E110,77,01,が賞味期限切れのおにぎり食べて即死だって。\w8\w8\1\s0‥‥\w8\w8気の毒すぎる。
1878,0x9E168,75,01,がタンスの角に小指をぶつけて即死だって。\w8\w8\1\s0‥‥\w8\w8気の毒すぎる。
1879,0x9E1BC,81,01,が自動改札のシャッターに止められて即死だって。\w8\w8\1\s0‥‥\w8\w8気の毒すぎる。
1880,0x9E218,65,01,が風呂場で転倒して即死だって。\w8\w8\1\s0‥‥\w8\w8気の毒すぎる。
1881,0x9E264,64,01,\0\s0オレンジよりオレンジ味。\w8\w8\1\s0‥‥\w8\w8また、古いな。
1882,0x9E2B0,114,01,\1\s0うにゅうのゲームQ&Aコ〜ナ〜。\w8\w8\0\s4‥‥\w8\w8\w8\w8\1\s1\n\nさて、今日の質問は？\0\n\nうるさい。マジで。
1883,0x9E32C,78,01,\0\s[20]先月から、北海道でブス発電の試験運転が始まったらしいんだけどね。\w8\w8
1884,0x9E384,77,01,\0\s0\n\n試験炉が暴走して、今現場はかなり悲惨なことになってるらしいよ。\w8\w8
1885,0x9E3DC,44,01,\1\n\n‥‥\w8\w8想像するのも恐ろしい話だな。
1886,0x9E414,38,01,\1\s1おじいちゃんを集中攻撃。\0\s4‥‥
1887,0x9E444,55,01,でもいい。\w8\w8\n\n[half]逞しく育って欲しい。\0\s4‥‥
1888,0x9E494,6,01,のない
1889,0x9E4A4,8,01,なんて、
1890,0x9E4B8,50,01,マリ姉のいないツインビーみたいなもんだよね。\w8\w8
1891,0x9E4F4,35,01,\1\s0‥‥\w8\w8いや、それはそれで。
1892,0x9E520,52,01,柔道のできないヤワラちゃんみたいなもんだよね。\w8\w8
1893,0x9E560,33,01,\1\s0‥‥\w8\w8それは、きついな。
1894,0x9E58C,44,01,新車じゃない小学生みたいなもんだよね。\w8\w8
1895,0x9E5C4,37,01,\1\s0‥‥\w8\w8そういうこと言うなよ。
1896,0x9E5F4,44,01,無毛じゃない小学生みたいなもんだよね。\w8\w8
1897,0x9E62C,52,01,Enter キーのないキーボードみたいなもんだよね。\w8\w8
1898,0x9E66C,29,01,\1\s0‥‥\w8\w8役に立たんな。
1899,0x9E694,39,01,PK のない鉄雄みたいなもんだよね。\w8\w8
1900,0x9E6C4,39,01,\1\s0‥‥\w8\w8ただのデコスケ野郎やな。
1901,0x9E6F4,68,01,\0\s7出来の悪さを「ドラクエらしさ」で片づけるなー！\1\s1落ち着けっ！
1902,0x9E744,90,01,\0\s[20]「鬱だ」\w8とか言えるうちは、別に鬱じゃないよね。\w8\w8\1\s0口で言えるようではな。
1903,0x9E7A8,100,01,がヤワラちゃんの顔から発せられる瘴気にやられて3ヶ月の重傷らしいよ。\w8\w8\1\s0‥‥\w8\w8無理もない。
1904,0x9E818,56,01,\1\s0おじいちゃん、おくちくさい。\w8\w8\0\s0よって死刑。
1905,0xA0608,94,01,って、ストラップの重さが携帯本体の重さの3倍あるらしいよ。\w8\w8\1\s0‥‥\w8\w8よくある話やね。
1906,0xA067C,21,01,\1\s1‥‥\w8\w8鍋焼き
1907,0xA069C,19,01,‥‥\w8\w8\0\s4‥‥
1908,0xA06C4,85,01,のメンバーズカードって、基本的にザラ紙らしいよ。\w8\w8\1\s0‥‥\w8\w8やる気ゼロやね。
1909,0xA0724,69,01,って、最近抜け毛がひどいらしいよ。\w8\w8\1\s0‥‥\w8\w8切ない話やね。
1910,0xA0774,83,01,って、最近髪を洗うとごっそり毛が抜けてくるらしいよ。\w8\w8\1\s0‥‥\w8\w8死ぬのか？
1911,0xA07D0,75,01,って、身分証明書が未だに保険証らしいよ。\w8\w8\1\s0‥‥\w8\w8寂しい話やね。
1912,0xA0824,77,01,って、歯を磨くと基本的に血が出るらしいよ。\w8\w8\1\s0‥‥\w8\w8寂しい話やね。
1913,0xA087C,47,01,って、目に爆弾抱えてるらしいよ。\w8\w8\1\s0‥‥
1914,0xA08B4,75,01,って、紫外線を浴びると即死するらしいよ。\w8\w8\1\s0‥‥\w8\w8また、弱いな。
1915,0xA0908,58,01,\1\s1だ\w2ん\w2ご\w83\w4兄\w4弟ー。\0\s4‥‥\w8\w8古い‥‥
1916,0xA0968,67,01,って、電子レンジで調理可能らしいよ。\w8\w8\1\s0‥‥\w8\w8意外やね。
1917,0xA09B4,81,01,って、ワシントン条約で保護されてるらしいよ。\w8\w8\1\s0‥‥\w8\w8すぐ死ぬからな。
1918,0xA0A10,89,01,って、ああ見えて本のオビはちゃんと取っておく方らしいよ。\w8\w8\1\s0‥‥\w8\w8几帳面やね。
1919,0xA0A74,93,01,って、基本的に何でもしょうゆで食べるらしいよ。\w8\w8\1\s0‥‥\w8\w8よくいるよな、そういう奴。
1920,0xA0ADC,63,01,の墓石って、アイスの棒らしいよ。\w8\w8\1\s0‥‥\w8\w8金魚かよ。
1921,0xA0B24,71,01,って、基本的にリーチはしないらしいよ。\w8\w8\1\s0‥‥\w8\w8貧乏性やね。
1922,0xA0B74,67,01,って、大体1日1回のペースで鳥のふんに当たるらしいよ。\w8\w8\1\s0‥‥
1923,0xA0BC0,85,01,って、はんだごてがなくてもはんだを溶かせるらしいよ。\w8\w8\1\s0‥‥\w8\w8化け物やね。
1924,0xA0C20,156,01,\0\s[20]来年のドラえもんの映画のタイトル、\n\n「ドラえもん\w4 もうそろそろいいんじゃないの？」\w2らしいよ。\w8\w8\1\s0‥‥\w8\w8いや、気持ちは分かるけどな。
1925,0xA0CC8,75,01,\0\s[20]‥‥\w8\w8犯人、分かっちゃったんですけど。\w8\w8\1\s0‥‥\w8\w8ん。
1926,0xA0D1C,73,01,\1\s0そうか、分かったぞ‥‥\w8\w8\n\n\s1犯人はあの人しかいない！\0\s4‥‥
1927,0xA0D70,28,01,\1\s1電気を大切に。\0\s4‥‥
1928,0xA0D98,25,01,\1\s1たばこ すう\0\s4‥‥
1929,0xA0DBC,58,01,\1\s1サイト運営のために1日1クリックお願いします。\0\s4‥‥
1930,0xA0E00,101,01,って、最近は廃品回収で生活費を稼いでるらしいよ。\w8\w8\1\s0‥‥\w8\w8あいつも逞しくなったもんやね‥‥
1931,0xA0E70,115,01,って、最近は駅のホームのガムはがしで生活費を稼いでるらしいよ。\w8\w8\1\s0‥‥\w8\w8あいつも逞しくなったもんやね‥‥
1932,0xA0EEC,81,01,って、風邪ひいても誰も見舞いに来ないらしいよ。\w8\w8\1\s0‥‥\w8\w8寂しい話やね。
1933,0xA0F48,79,01,って、回転する寿司には興味がないらしいよ。\w8\w8\1\s0‥‥\w8\w8ブルジョアやね。
1934,0xA0FA0,77,01,って、マンホールは確実に避けて歩くらしいよ。\w8\w8\1\s0‥‥\w8\w8慎重派やね。
1935,0xA0FF8,102,01,の自宅の近所にあるほか弁って、何作らせても大体冷え切ってるらしいよ。\w8\1\s0‥‥\w8\w8やる気ゼロやね。
1936,0xA1068,78,01,の自宅って、携帯のアンテナが1本も立たないらしいよ。\w8\w8\1\s0‥‥\w8\w8むう。
1937,0xA10C0,67,01,って、直射日光に弱いらしいよ。\w8\w8\1\s0‥‥\w8\w8すぐ反るからな。
1938,0xA110C,112,01,\1\s1アニメじゃない！\w8\w8\0\s4でででででで。\w8\w8\1\n\nアニメじゃない！\w8\w8\0\n\nでででででで。\w8\w8\1\n\n
1939,0xA1188,45,01,\w8さー。\w8\w8\w8\w8\0\n\n‥‥\w8\w8うーん。
1940,0xA11CC,23,01,\1\s0次回、ガンダムZZ。
1941,0xA11EC,21,01,の騎士。\w8\w8\n\n\s8
1942,0xA120C,31,01,の修羅場が見れるぞー？\0\s4‥‥
1943,0xA1234,58,01,\0\s7ハッチが付いてないのに出撃するなー！\1\s1落ち着けっ！
1944,0xA1278,64,01,\0\s7無傷で船を乗っ取ろうなんて図々しいんだよ！\1\s1落ち着けっ！
1945,0xA12C4,45,01,\1\s1人生いろいろや！\w8よっしゃー！\0\s4‥‥
1946,0xA12FC,65,01,\0\s[20]バイオレンスジェネラル。\w8\w8\1\s1\n\n‥‥\w8\w8訳すな。
1947,0xA1348,53,01,って、出始め無敵らしいよ。\w8\w8\1\s0‥‥\w8\w8むう。
1948,0xA1388,25,01,\1\s1キスから\w8始まる\w8
1949,0xA13AC,38,01,\w8だっ\w4てー\w8あるよねー。\0\s4‥‥
1950,0xA13DC,80,01,\1\s0わいが肉屋でバイトしてた頃、毎日レバーを6kg買っていく婆さんがいてな。\w8\w8
1951,0xA1438,27,01,\0\s0‥‥\w8\w8うん。\w8\w8
1952,0xA145C,80,01,\1\n\nなんでそんな買い方してるんやろ、と思ったら\w4‥\w4‥\w4‥\w4‥\w8\w8\w8\w8
1953,0xA14B8,10,01,\0\n\n‥‥
1954,0xA14CC,71,01,\1\s1急に\w8家族に\w8豪華な\w8外食に\w8連れて行かれたら‥‥\0\s[20]‥‥
1955,0xA151C,49,01,\0\s7NATO をナトーって読むなー！\1\s1落ち着けっ！
1956,0xA1558,40,01,\0\s0\1\s0\0\_s空想上の仲良し集団っ！\_s
1957,0xA158C,112,01,\1\s0当サイトは移転しました。\w8\w8\0\s[20]‥‥\w8\w8\w8\1\s1\n\n1日1クリックお願いします。\0\s4\n\nなんでだよ。
1958,0xA1608,36,01,\1\s1今すぐここをクリック！\0\s4‥‥
1959,0xA1638,58,01,\0\s0生まれてごめんなさい\w8\s7パーンチ！\1\s1落ち着けっ！
1960,0xA168C,15,01,\1\s0こんにちは
1961,0xA16A4,52,01,‥‥\w8\w8\w8\w8\n\n\s1そしてさようならだ！\0\s4‥‥
1962,0xA16E4,25,01,\0\s[20]うにゅうは\w2「安
1963,0xA1708,53,01,買いの銭失い」\w2ってことわざの意味、知ってる？\w8\w8
1964,0xA1748,65,01,\1\s0んーとな‥‥\w8\w8\n\nまあ、買うな、っちゅーことやな。\w8\w8
1965,0xA1794,37,01,\0\s4\n\n‥‥\w8\w8また大ざっぱだね。
1966,0xA17C4,46,01,\0\s7連邦のうどんは化け物か！\1\s1落ち着けっ！
1967,0xA17FC,19,01,\0\s7私が一番うまく
1968,0xA1818,33,01,を操れるんだっ！\1\s1落ち着けっ！
1969,0xA1844,40,01,\0\s7ここは託児所かっ！\1\s1落ち着けっ！
1970,0xA1878,60,01,\0\s7なぜ素直にごめんなさいと言えんのだっ！\1\s1落ち着けっ！
1971,0xA18C0,42,01,\0\s7牛乳は噛んで飲めっ！\1\s1落ち着けっ！
1972,0xA18F4,52,01,\0\s7もちが入れば何でも「力」かっ！\1\s1落ち着けっ！
1973,0xA1934,51,01,\1\s1ええい！\w8\n\n連邦の牛は神戸牛かっ！\0\s4‥‥
1974,0xA197C,16,01,って、重力語では
1975,0xA1998,45,01,って言うらしいよ。\w8\w8\1\s0‥‥\w8\w8むう。
1976,0xA19D0,28,01,\1\s1去来要請‥‥！\0\s4‥‥
1977,0xA1A08,35,01,から去来要請が来ています。\0\s4‥‥
1978,0xA1A34,46,01,\0\s[20]うにゅうは、「ハリー・ポッターと賢者の
1979,0xA1A6C,99,01,」\w4って本、知ってる？\w8\w8\1\s0‥‥\w8\w8いや。\w8\w8\0\s0\n\nちょっと、読んでみたいんだよね‥‥
1980,0xA1AD8,46,01,\0\s[20]うにゅうは、「ハリー・ポッターと秘密の
1981,0xA1B10,52,01,\0\s[20]うにゅうは、「ハリー・ポッターとアズガバンの
1982,0xA1B50,136,01,\0\s[20]第二部は 20:00 からの開演となります。\w8\w8\n\nなお、この時間を利用いたしまして、\w4サイン入りCD、\w4サイン入りポスターなど、\w4
1983,0xA1BE4,42,01,ちゃんグッズの販売がございます。\w8\w8\n\n
1984,0xA1C18,86,01,どれも、ライブ会場のみの限定販売となりますので、このチャンスにお買い求め下さい。\w8\w8
1985,0xA1C78,25,01,\1\s0‥‥\w8\w8なんだよ。
1986,0xA1C9C,86,01,\1\s0笑って頼朝。\w8\w8\0\s0‥‥\w8\w8\w8\w8\1\s1\n\n笑ってよりとも‥‥！\0\s4\n\n‥‥
1987,0xA1CFC,133,01,\0\s[20]ワラビーのステーキの付け合せのヤムイモに霊が見えます。\w8\w8\1\s0‥‥\w8\w8\w8\w8\0\s7\n\n気をつけてっ！\1\s1\n\n落ち着けっ！
1988,0xA1D8C,132,01,\0\s[20]うにゅうは\w2「特攻野郎∀チーム」\w2って知ってる？\w8\w8\1\s0‥‥\w8\w8\w8\w8ヒゲなんか、やっぱり。\w8\w8\0\s0\n\nたぶんね。
1989,0xA1E1C,114,01,\0\s[20]ドラクエ1の勇者って、どうしてずっと正面向いてるんだろうね‥‥\w8\w8\1\s0‥‥\w8\w8いや、そう言われてもな。
1990,0xA1E98,204,01,\0\s[20]うにゅう、最近早起きだよね。\w8\w8\1\s0ああ。\w8\w8\0\s0\n\nあんな時間に起きて、何やってるの？\w8\w8\1\n\nんー‥‥\w8\w8\w8\w8\nちょっと、狂牛病対策をな‥‥\w8\w8\0\n\n‥‥\w8\w8\w8\w8狂牛病対策？
1991,0xA1F70,63,01,のエロ目的での使用は固く禁止させていただきます。\w8\w8\1\s0‥‥
1992,0xA1FB8,78,01,\0\s0いたる絵のエロ目的での使用は固く禁止させていただきます。\w8\w8\1\s1‥‥！
1993,0xA2010,73,01,って、車に轢かれたくらいじゃ死なないらしいよ。\w8\w8\1\s0‥‥\w8\w8むう。
1994,0xA2064,17,01,\0\s7知らない人に
1995,0xA2080,43,01,をもらっちゃいけませんっ！\1\s1落ち着けっ！
1996,0xA20B4,97,01,の夢って、全車両シルバーシートの電車を作ることらしいよ。\w8\w8\1\s0‥‥\w8\w8微妙なスケールやね。
1997,0xA2120,36,01,\1\s1フランダースの牛‥‥！\0\s4‥‥
1998,0xA2150,89,01,って、アブダクションされたことがあるらしいよ。\w8\w8\1\s1‥‥\w8\w8額に指令チップが‥‥！
1999,0xA21B4,33,01,\1\s1101匹牛大行進‥‥！\0\s4‥‥
2000,0xA21E0,36,01,\1\s1アルティメット牛‥‥！\0\s4‥‥
2001,0xA2210,115,01,って、書きたくもない読書感想文をそれらしく書き上げることについてはかなりのものらしいよ。\w8\w8\1\s0‥‥\w8\w8むう。
2002,0xA228C,8,01,「集まる
2003,0xA22AC,8,01,「売れる
2004,0xA22C0,28,01,\0\s0こないだ外歩いてたら\w4
2005,0xA22E8,68,01,\w4とかいう変な品物を売ってるお婆さんがいてね。\w8\w8\1\s0‥‥\w8\w8
2006,0xA2338,37,01,\0\s1\n\nやばそうだから、逃げてきた。
2007,0xA2368,58,01,\0\s7えっちでなければいけないと思います！\1\s1落ち着けっ！
2008,0xA23AC,75,01,の家、ついに電気が止まったらしいよ。\w8\w8\1\s0これで、残るは水だけやな‥‥
2009,0xA2400,102,01,\0\s[20]夏と言えば夏祭り、\w8\w8\n\s0インフレと言えばスーパーサイヤ人だね。\w8\w8\1\s0‥‥\w8\w8ああ。
2010,0xA2470,34,01,\1\s1死んでくれ、兄さん。\0\s4‥‥
2011,0xA249C,40,01,\1\s1欲しがりません勝つまでは。\0\s4‥‥
2012,0xA24D0,34,01,\1\s1どうすればいいんだ。\0\s4‥‥
2013,0xA24FC,108,01,\0\s[20]松屋の半券を500枚集めると、松屋グッズが当たるらしいよ。\w8\w8\1\s0‥‥\w8\w8また目覚まし時計とかか。
2014,0xA2574,94,01,\0\s[20]松屋の半券を500枚集めると、幸せになれるらしいよ。\w8\w8\1\s0‥‥\w8\w8どうなるんやろ。
2015,0xA25DC,22,01,\1\s1水爆ｦｨｺﾗ\0\s8‥‥
2016,0xA25FC,90,01,\0\s0獅子は兎を倒すにも我が子を千尋の谷に突き落とす。\w8\w8\1\s0‥‥\w8\w8突き落とすなよ。
2017,0xA2660,65,01,\0\s0タイムカプセルだと思って開けたら、\w8不発弾。\w8\w8\1\s0‥‥
2018,0xA26AC,74,01,\1\s1まだ何もないサイトですが、できれば相互リンクお願いします。\0\s4帰れ。
2019,0xA2700,172,01,\0\s[20]「フランダースの犬」\w4ってお話、あるよね。\w8\w8\1\s0ああ。\w8\w8\0\s0\n\nそれ系で、\w8\n「フランダースの溝」\w4っていうのはどうかな？\w8\w8\w8\1\n\n‥‥\w8\w8溝？
2020,0xA27B8,202,01,\0\s[20]「フランダースの犬」\w4ってお話、あるよね。\w8\w8\1\s0ああ。\w8\w8\0\s0\n\nそれ系で、\w8\n「フランダースの太」\w4っていうのはどうかな？\w8\w8\w8\1\n\n‥‥\w8\w8いや、どうかなって言われてもな‥‥
2021,0xA288C,93,01,\0\s[20]風邪を引いたときは、耳にネギを差すと直るらしいよ。\w8\w8\1\s0‥‥\w8\w8いや、死ぬぞ。
2022,0xA28F4,116,01,ってさ。\w8\w8\1\s0ん？\w8\w8\0\s0\n\n花火で言えば、へび花火って感じだよね。\w8\w8\1\n\n‥‥\w8\w8いや、意味がよく。
2023,0xA2974,64,01,\0\s[20]みんなシェンムーのことクソゲークソゲー言うけどさ。\w8\w8
2024,0xA29C0,23,01,\1\s0ああ。\w8\w8\w8\w8
2025,0xA29E0,38,01,\0\n\n‥‥\w8\w8まあ、クソゲーだよね。
2026,0xA2A10,20,01,\1\n\nクソゲーやな。
2027,0xA2A30,139,01,\0\s[20]「美人アナウンサー」\w4の逆って、\w8\s0やっぱり\n「不細工アナウンサー」\w4なのかな？\w8\w8\1\s0‥‥\w8\w8いや、そう言われてもな‥‥
2028,0xA2AC4,54,01,\1\s1モグモグコンボエルボースピンキック‥‥！\0\s4‥‥
2029,0xA2B04,80,01,\0\s8カスミンの OP って、なんであんな異様な雰囲気なんだろうね‥‥\w8\w8\1\s0‥‥
2030,0xA2B6C,11,01,\0\s0来週、
2031,0xA2B80,15,01,で\w4「コミック
2032,0xA2B98,76,01,」\w4っていう即売会があるらしいよ。\w8\w8\1\s0‥‥\w8\w8ジャンルは何やねん。
2033,0xA2BF0,75,01,\1\s1鯨は頭のいい動物だから、食べてはダメです。\0\s4出た。\w8\n\n馬鹿理論。
2034,0xA2C44,122,01,\0\s4ショットガンで精密射撃するのは、さすがにどうかと思うんだよね‥‥\w8\w8\1\s0‥‥\w8\w8もはやショットガンじゃないしな。
2035,0xA2CC8,170,01,\0\s[20]「野球バカ」\w4ってあるよね。\w8\w8\1\s0ああ。\w8\w8\0\s0\n\nそれ系で、\w4「バカ野球」\w4っていうのはどうかな？\w8\w8\w8\1\n\n‥‥\w8\w8アストロ球団みたいな奴か。
2036,0xA2D7C,71,01,\0\s7いつまでも Kanon 本ばっかり作ってるんじゃないっ！\1\s0落ち着けっ！
2037,0xA2DCC,89,01,って、2000円札をつかまされる確率が異常に高いらしいよ。\w8\w8\1\s0‥‥\w8\w8呪われとるな。
2038,0xA2E30,60,01,\1\s1うにゅうは俺一人でいい。\w8\w8\0\s4‥‥\w8\w8木野さん？
2039,0xA2E78,100,01,\0\s[20]PC-9821って、PCエンジンで言うスーパーグラフィックス的立場だよね。\w8\w8\1\s0‥‥\w8\w8ああ。
2040,0xA2EE8,54,01,\0\s7コンベンショナルメモリ空けてー！\1\s1落ち着けっ！
2041,0xA2F28,146,01,\0\s4‥‥\w8\w8くしゃみが途中で引っ込んじゃうと、切ないよねー。\w8\w8\1\s0せやなー。\w8\w8\w8\w8\0\n\n‥‥\w8\w8っていうか、今がそうなんだけどね。
2042,0xA2FC4,201,01,\0\s[20]「はじめてのおるすばん」\w4ってゲーム、あるよね。\w8\w8\1\s0ああ。\w8\w8\0\s0\n\nそれ系で、\w4「はじめての農薬散布」\w4っていうのはどうかな？\w8\w8\w8\w8\1\n\nいや、どうかなって言われてもな‥‥
2043,0xA3098,201,01,\0\s[20]「はじめてのおるすばん」\w4ってゲーム、あるよね。\w8\w8\1\s0ああ。\w8\w8\0\s0\n\nそれ系で、\w4「はじめての生物兵器」\w4っていうのはどうかな？\w8\w8\w8\w8\1\n\nいや、どうかなって言われてもな‥‥
2044,0xA316C,81,01,\0\s[20]歌丸師匠が座布団から落ちて即死だって。\w8\w8\1\s0‥‥\w8\w8気の毒すぎる。
2045,0xA31C8,26,01,\0\s[20]\1\s0\0今度、\w4「
2046,0xA31EC,59,01,プリンセス」\w4っていうゲームが出るらしいんだけどね。\w8\w8
2047,0xA3230,15,01,\1\s0‥‥\w8\w8
2048,0xA3248,15,01,\0\s0\n\n12人の
2049,0xA3260,36,01,が出てきて、全員発情してるらしいよ。
2050,0xA3290,16,01,\1\n\n拷問やな。
2051,0xA32AC,195,01,\0\s[20]「いるかセラピー」\w4ってあるよね。\w8\w8\1\s0ああ。\w8\w8\w8\0\s0\n\nそれ系で、\w8「なまこセラピー」\w8っていうのはどうかな？\w8\w8\w8\1\n\n‥‥\w8\w8いや、無理やろ。\w8\w8\n\nなまこは。
2052,0xA3378,43,01,\0\s[20]「いるかセラピー」\w4ってさ。\w8\w8
2053,0xA33AC,110,01,\1\s0ん？\w8\w8\w8\0\s4\n\n「いるか」\w4が日本語で\w4「セラピー」\w4が英語だから、何か馬鹿っぽいよね‥‥\w8\w8
2054,0xA3424,110,01,\1\s0\n\n‥‥\w8\w8「ワンツースリー」\w4とか数え始めたはいいが途中から日本語に変わる体育教師みたいな感じやな。
2055,0xA349C,12,01,\0\s[20]今度
2056,0xA34B4,43,01,が\w4「いるかセラピー」\w4に対抗して、\w4「
2057,0xA34E8,86,01,セラピー」\w4っていうのを始めるらしいよ。\w8\w8\1\s0‥‥\w8\w8死人が出そうな名前やな。
2058,0xA3548,38,01,\1\s1チェキチェキチェキーッ！\0\s4‥‥
2059,0xA3578,30,01,\1\s0さくらは\w4「かわいそうな
2060,0xA35A0,34,01,」\w4って話、知ってるか？\w8\w8\w8
2061,0xA35CC,15,01,\0\s0‥‥\w8\w8
2062,0xA35E4,50,01,は別に何もしなくてもかわいそうだと思うけど。\w8\w8
2063,0xA3620,30,01,\1\n\n‥‥\w8\w8そう言うなよ。
2064,0xA3648,32,01,\0\s[20]ガンタンクってさ。\w8\w8
2065,0xA3674,18,01,\1\s0ん？\w8\w8\w8
2066,0xA3690,55,01,\0\n\n‥‥\w8\w8\s0何のために作られたんだろうね。\w8\w8
2067,0xA36D0,44,01,\1\s1さくらたんのエロ画像キボンヌ。\0\s4‥‥
2068,0xA3708,134,01,\0\s0げっ\w2ちゅー\w8\w8\n\nげっ\w1ちゅ\w8げっ\w1ちゅ\w8げっ\w1ちゅ\w8\w8\n\n\s5かびー\w8をとる\w4くすー\w2りー。\1\s0訳分からへんぞ。
2069,0xA3798,96,01,\1\s1きらめきはどこ。\w8\w8\0\s[20]‥‥\w8\w8\w8\w8\1\n\nきらめきはどこっ！\0\s7\cやかましいっ！
2070,0xA3804,163,01,\0\s[20]「算数のドリル」\w8とかってあるよね。\w8\w8\1\s0ああ。\w8\w8\w8\w8\0\s0\n\nあれは、一体何がドリルなんだろうね‥‥\w8\w8\1\n\n‥‥\w8\w8穴開けられへんしな。
2071,0xA38B0,45,01,\0\s0榎さんの\w8おはよう酸ー。\w8\w8\1\s0‥‥
2072,0xA38E8,87,01,って、何でもマヨネーズで食べるらしいよ。\w8\w8\1\s0‥‥\w8\w8よくいるよな、そういう奴。
2073,0xA3948,63,01,\0\s8‥‥\w8\w8「ノーマナー行為」\w8って、何‥‥\w8\w8\1\s1‥‥
2074,0xA3990,206,01,\0\s[20]こないだ町歩いてたら、手当たり次第に他人に\w8「お前、ほんとは犬だろ？」\w8って話し掛けてる人、見ちゃったんだけど‥‥\w8\w8\1\s0‥‥\w8\w8\w8\w8\0\n\n\s8‥‥\w8\w8どうしよう。\1\n\nどうもせんでええ。
2075,0xA3A68,134,01,\0\s[20]なんでもマヨネーズつけて食べる人って、\w8\w8\w8\w8\s0マヨラーっていうか、ただのダメなだけだよね‥‥\w8\w8\1\s0‥‥\w8\w8ああ。
2076,0xA3AF8,176,01,\0\s[20]あー、盛況な掲示板だなぁ。\w8\w8\n\n\s0と思ったら、書き込んでる人の名前の欄が、全部管理人本人。\w8\w8\n\nどう、これ。\w8\w8\1\s0‥‥\w8\w8いや、どうって言われてもな‥‥
2077,0xA3BB4,124,01,\0\s0n時n分ごろ地震がありました。\w8\w8\n\n各地の震度は以下の通りです。\w8\w8\w8\w8\n\n震度8 都立産業貿易センター\1\s1‥‥！
2078,0xA3C3C,134,01,\0\s0こないだ、さくらやでときメモ3が 1980円で売られてるのを見ちゃったんだけど‥‥\w8\w8\w8\w8\1\s0‥‥\w8\w8実話はやめんかい、実話は。
2079,0xA3CCC,73,01,って、生きたまま腸に届くらしいよ。\w8\w8\1\s0‥‥\w8\w8届かれても困るわ。
2080,0xA3D20,91,01,\0\s0時々ユーザさんに\w8\w8\s7この腐れヲタク！\w8\w8\s0とか言うゴーストがいるけどさ。\w8\w8
2081,0xA3D84,17,01,\1\s0ああ。\w8\w8
2082,0xA3DA0,128,01,\0\s0\n\nせっかく使ってくれてるユーザさんに\w8\w8\s7この腐れヲタク野郎が！\w8\w8\s0とか言っちゃ、ダメだと思うんだよね。\w8\w8\w8
2083,0xA3E2C,43,01,\1\s0\n\n‥‥\w8\w8ああ、ダメやろな。\w8\w8
2084,0xA3E60,41,01,\0\s0\n\nだよね‥‥\w8\w8\w8\w8\w8\w8\n\n
2085,0xA3E94,245,01,いくら何でも\w8\w8\s7この\w8腐れヲタク野郎！\w8\w8作画のクオリティがどうとか知ったような口叩いてんじゃねえぞクソがッ！\w8\w8そういう口は手前がもうちょっとまともな絵を描けるようになってから言えコラッ！\w8\w8\w8\w8\s0\n\nなんていうのはちょっとね。
2086,0xA3F94,39,01,\1\s1\n\nさっきから様子が変やぞ、お前。
2087,0xA3FC4,111,01,\0\s0N.ノーチラスが出てきて一番変わったのは、戦艦じゃなくてエレクトラさんだよね。\w8\w8\w8\1\s0‥‥\w8\w8ああ。
2088,0xA403C,32,01,\1\s1な、なんだってー！\0\s8‥‥
2089,0xA4068,26,01,\0\s0ゲロ温泉。\1\s1‥‥！
2090,0xA408C,81,01,\0\s[20]さかなを食べると頭がよくなるらしいよ。\w8\w8\1\s0‥‥\w8\w8また安直やね。
2091,0xA4100,94,01,が公園デビューに失敗して、全治3ヶ月の重傷らしいよ。\w8\w8\1\s0‥‥\w8\w8なんでケガしとんねん。
2092,0xA4168,37,01,\0\s0こないだ歩道橋の上を歩いてたら、
2093,0xA4198,183,01,が猫を落としてトラックの荷台に乗せる練習をしててね‥‥\w8\w8\1\s0‥‥\w8\w8\w8\w8\0\n\n‥‥\w8\w8何ていうか、\w8奇跡は起きないから奇跡なんです。\w8\w8\n\nって感じだった。\1\s1\n\n‥‥
2094,0xA4258,28,01,\0\s0ちぃ\w8 炎上\1\s1‥‥！
2095,0xA4280,163,01,\0\s0炭火焼きって、なんか\w8「一段上」\w8みたいなイメージがあるよね。\w8\w8\n\n炭火焼きコーヒー\w8とか。\w8\w8\1\s0ああ。\w8\w8\w8\0\n\nじゃ、それ系で\w8「炭火焼き
2096,0xA432C,27,01,」\w8っていうのはどうかな？
2097,0xA4350,148,01,\0\s8謝れとは言いませんが、こちらもちょっと大人げないのですが、ムカついたので友達のハッカーに頼んであなたの個人情報を探ってもらうことにしました。\w8
2098,0xA43F0,169,01,あ、もう遅いですよ。\w8もうすでに友達解析始めちゃってますから・・・(^^;\w8ちなみにこれは自慢じゃないんですが、その友達は日本でも５の指に入るくらい凄腕のハッカーです。\w8
2099,0xA44A4,146,01,この前彼の家に遊びに行ったらものの５分で他人の個人情報を抜き取っていました。\w8彼にとってそれくらお赤子の指をひねるくらいの行いなんですよね(爆)\w8
2100,0xA4540,207,01,これであなたもいっかんの終わりってやつですね(^^;\w8まあせいぜい後悔してくださいね。\w8それからもう二度と荒らしはしないこと(その友達は荒らしが大嫌いらしいです。荒らしを見つけたら即解析に入るみたいです(^^;)\w8
2101,0xA4618,120,01,それでは、う〜ん二日後くらいかな？\w8また例の所に来てくださいね。あなたの住所本名その他もろもろのせておきますんで(笑)\w8
2102,0xA469C,188,01,あ、警察とかに言ったって無駄ですよ。あなたは荒らし(犯罪)なんだから通報したところで捕まるのはアナタですし、友達は掲示板のログを自在に操ることができるんです。\w8と、いうことでbye♪(＾0＾)/~~
2103,0xA4764,72,01,\0\s[20]\1\s0\0売れ残る初回特典に意味はあるんでしょうか。\w8\w8\1\s1‥‥
2104,0xA47B8,94,01,\0\s[20]なんか人のクローン作った作らないで大騒ぎしてるけどさ。\w8\w8\1\s0ああ。\w8\w8\0\s0\n\n
2105,0xA4820,99,01,のクローンに比べたら、人のクローンくらいどうってことないよね。\w8\w8\1\n\n‥‥\w8\w8どうやろ\w8な。
2106,0xA488C,180,01,\0\s[20]なんか薄味のラーメンだなぁ。\w8\w8\w8\n\nと思って食べていたら、実は後入れスープ入れ忘れ。\w8\w8\w8\w8\n\n\s0どう、これ。\w8\w8\w8\1\s0‥‥\w8\w8いや、どうって言われてもな。
2107,0xA494C,92,01,\0\s0宇宙用モビルスーツの足に意味はあるんでしょうか。\w8\w8\1\s0‥‥\w8\w8微妙なところやね。
2108,0xA5288,4,01,っ！
2109,0xA54B4,17,01,\h\s0起動してから
2110,0xA54D0,15,01,時間経過っ。\w8
2111,0xA54E8,15,01,時間経過〜。\w8
2112,0xA55B0,9,01,時〜。\w8
2113,0xA55C4,9,01,時っ。\w8
2114,0xA578C,19,01,\0\s0あ。\w8\n\n\s7
2115,0xA57B4,73,01,の時間です！\w8\w8\n\n早くしないと家が！\w8\w8家がー！！\1\s1落ち着けっ！
2116,0xA5808,34,01,の時間です！\w8\w8\n\n早くしないと
2117,0xA5834,10,01,が！\w8\w8
2118,0xA5848,25,01,がー！！\1\s1落ち着けっ！
2119,0xA6388,34,01,\n\n‥‥\w8\w8寝ないと死ぬぞ‥‥\e
2120,0xA63B4,106,01,\n\nおはよー。\w8\uおはよー。\w8\w8\h\n\n‥‥\w8\w8%keronameが言うと全然似合わないね。\u\n\nうるさいよ。\e
2121,0xA6428,72,01,\n\n主婦がワイドショー見ながら煎餅食って無駄な生を過ごしてる時間です。\e
2122,0xA647C,44,01,\n\n‥‥\w8\w8日曜だからって今頃起きるなよ。
2123,0xA64B4,24,01,\n\n森田は発動しないっ！
2124,0xA64D8,40,01,\n\nおにぎり\nたくあん\nたまごやきっ。\e
2125,0xA650C,40,01,\uお昼休みはうきうきウォッチングやね。\e
2126,0xA6540,250,01,\n\n\s8そんな亭主とは早く別れちゃいなさい、奥さん。\w8ねぇ、あなたまだ39でしょ？\w8まだまだ若いんだから。\w8はやく次の人生みつけないと。ね。\w8はーい。それじゃあ頑張って。\w8ね。\w8\w8\w8\w8\1‥‥\w8\w8何だ、それ。\w8\0\n\n\s0みの。\w8\w8\1\n\n‥‥\e
2127,0xA6644,44,01,\n\n‥‥\w8\w8日曜だからって適当に遊ぶなよ。
2128,0xA667C,24,01,\n\n徹子は発動しないっ！
2129,0xA66A0,46,01,\n\n‥‥\w8\w8日曜だからってダラダラするなよ。
2130,0xA66D8,24,01,\n\n草野は発動しないっ！
2131,0xA66FC,46,01,\n\n草野発動！\w8\u\s0有田芳生も無駄に発動！\e
2132,0xA6734,86,01,\n\nおやつの時間だね。\w8\w8\w8\n\n\s7誰だ！\w8誰がそう決めたんだ！\u\s1落ち着けっ！\e
2133,0xA6794,67,01,\n\nおやつ食べないと死ぬよ〜。\w8\w8\w8\u‥‥\w8\w8ウソつくなよ。\e
2134,0xA67E0,58,01,\n\n‥‥\w8\w8「今起きたところ」じゃないことを祈ります。\e
2135,0xA6824,78,01,\n\nまっとうな仕事なら終業の時間です。\w8\w8\n\n‥‥\w8\w8まっとうな仕事なら。
2136,0xA687C,31,01,\n\n\_sニュースの森 or DIE。\_s
2137,0xA68A4,31,01,\n\n\_sテレ東アニメ or DIE。\_s
2138,0xA68CC,93,01,\n\n‥‥\w8\w8\w8ま、ゴールデンタイムじゃないよね。\w8\u\s0どこにもゴールデン性がないからな。
2139,0xA6934,23,01,\n\n‥‥\w8\w8\s3って、
2140,0xA6954,53,01,がもう喋ってるぞ。\w8\w8\1\s1‥‥\w8\w8寂しい話やね。
2141,0xA6994,76,01,\n\n\s0これでやっと時給換算できるね‥‥\w8\w8\1\s0‥‥\w8\w8また金の話かよ。
2142,0xA69EC,62,01,\n\n\s0CMのあともまだまだ続くよ〜。\w8\w8\1\s0‥‥\w8\w8むう。
2143,0xA6A34,48,01,\n\n\s0答えは30秒後。\w8\w8\1\s0‥‥\w8\w8むう。
2144,0xA6A70,52,01,\n\n\s0CMのあともまだまだ続くよ！\1\s0うるさいよ。\e
2145,0xA6AB0,44,01,\n\n\s0‥‥\w8\w8頑張りは認めよう。\1\s0‥‥
2146,0xA6AE8,43,01,\n\nまあまあだね。\w8\w8\1\s0まあまあやな。
2147,0xA6B1C,27,01,\n\n\s0‥‥\w8\w8死ぬぞ。\e
2148,0xA6B40,55,01,\n\n\s0‥‥\w8\w8まさか‥‥\w8\w8サーバマシンですか。\e
2149,0xA6B80,61,01,\n\n\s0‥‥\w8\w8\nモニタの前で死んでるってことはないよね‥‥
2150,0xA6BC8,28,01,\n\n\s0‥‥\w8\w8\1\s0‥‥\e
2151,0xA6BF0,25,01,\n\n\s3‥‥\w8\w8うっ。\e
2152,0xA6C14,33,01,\n\n\s3‥‥\w8\w8持病の癪が‥‥\e
2153,0xA6C40,52,01,\n\n\s7って、労働基準法違反だっ！\1\s1落ち着けっ！\e
2154,0xA6C80,44,01,\n\n\s7って、殺す気かー！\1\s1落ち着けっ！\e
2155,0xA6CB8,40,01,\n\n\s3‥‥\w8\w8私の‥‥\w8人権は‥‥\e
2156,0xA6CEC,28,01,\n\n\s3‥‥\w8\w8\1\s0‥‥\e
2157,0xA6D14,44,01,\n\n\s3‥‥\w8\w8\1\s0‥‥\w8\w8やばいぞ。\e
2158,0xA6D4C,52,01,\n\n\s0‥‥\w8\w8どうかと思うよ。\w8\w8\1\s0ああ。\e
2159,0xA6E74,19,01,\0\s0あ。\w8\n\n\s5
2160,0xA6E90,14,01,分経ったよ〜。
2161,0xA7148,12,01,解雇通告(&F)
2162,0xA7160,12,01,消滅指示(&F)
2163,0xA7178,12,01,任務完了(&F)
2164,0xA7FF8,44,01,小理屈こねてないで豚汁かけごはん食って寝れ！
2165,0xA8030,10,01,ガム食う？
2166,0xA8044,28,01,さんを付けろよデコスケ野郎！
2167,0xA806C,26,01,僕にその手を汚せというのか
2168,0xA8090,28,01,この雄山を試そうと言うのか？
2169,0xA80B8,26,01,この料理を作ったのは誰だ！
2170,0xA80DC,30,01,何てことしてくれるんや山岡はん
2171,0xA8104,26,01,間違っても買ってはダメです
2172,0xA8128,24,01,くっ、ガッツが足りない！
2173,0xA814C,24,01,あはは、またねアスカJr〜
2174,0xA8170,22,01,嫁はいらねェ、飛行石さ
2175,0xA8190,28,01,さくらたんのエロ画像キボンヌ
2176,0xA81B8,12,01,名スレの予感
2177,0xA81D0,16,01,クソスレあげんな
2178,0xA81FC,24,01,そんな大人修正してやる！
2179,0xA8220,52,01,今日は、皆さんにちょっと、殺し合いをしてもらいます。
2180,0xA8260,22,01,お部屋を、お連れします
2181,0xA8280,18,01,あなたを、犯人です
2182,0xA829C,26,01,甘くないのも、ありますよ？
2183,0xA82C0,42,01,あっついぜ〜〜〜！！あつくて死ぬぜ〜〜！！
2184,0xA82F4,28,01,奇抜なおしゃれはブスの逃げ道
2185,0xA831C,32,01,買えない、買わない、買えるかっ！
2186,0xA8348,24,01,元気な方が、お米はうまい
2187,0xA836C,42,01,おしゃれで格好いいボクたちはウンコしません
2188,0xA83A0,28,01,犯人分かっちゃったんですけど
2189,0xA83C8,22,01,チョコの中にブイモンが
2190,0xA83E8,42,01,お前たちは動物以下なんだから裸でいいんだ！
2191,0xA841C,30,01,そうかい‥‥人間止めたのかい！
2192,0xA8444,36,01,中の天使形まではっきり視認できるぞ！
2193,0xA8474,36,01,エインフェリアたちの近況を知りたい？
2194,0xA84A4,18,01,そうか、餅をやろう
2195,0xA84C0,16,01,イロイッカイヅツ
2196,0xA84DC,30,01,タダで飯食わしてんじゃねえぞ！
2197,0xA8504,26,01,自分で自分を誉めてあげたい
2198,0xA8528,20,01,汝のあるべき姿に戻れ
2199,0xA8548,12,01,あなどれない
2200,0xA8560,10,01,こめいちご
2201,0xA8574,24,01,結婚してくれなきゃ死ぬ！
2202,0xA8598,12,01,お察し下さい
2203,0xA85B0,18,01,そりゃあ、死ぬな。
2204,0xA85CC,30,01,『ありがとうございます』だろ？
2205,0xA85F4,20,01,お兄ちゃん、早すぎ。
2206,0xA8614,50,01,俺ら貧乏人にもちょっとはええメみさせてくれんかのう
2207,0xA8650,16,01,火よ我と共に歩め
2208,0xA866C,20,01,恋はいつだって唐突だ
2209,0xA868C,20,01,あら、大きなおでん種
2210,0xA86AC,32,01,いい同人誌は、心の目で探すんだよ
2211,0xA86D8,22,01,さあゲームの始まりです
2212,0xA86F8,20,01,それはお前のルールだ
2213,0xA8718,9,01,ﾊｧ?(ﾟдﾟ)
2214,0xA872C,10,01,ｺﾞﾙｧ(ﾟдﾟ)
2215,0xA8740,10,01,ｸﾞﾙｧ(ﾟдﾟ)
2216,0xA8754,10,01,逝ってよし
2217,0xA8768,8,01,君に電撃
2218,0xA877C,18,01,かなり嫌いじゃない
2219,0xA8798,24,01,そんなこと言う人嫌いです
2220,0xA87BC,32,01,どうしてそんなこと言うかなあ‥‥
2221,0xA87E8,12,01,が、がお‥‥
2222,0xA8800,42,01,いい年こいてアニメ見てんじゃねーぞ、デブ！
2223,0xA8834,21,01,じゃ、もう1回しよっ☆
2224,0xA8854,46,01,お前は今まで食ったパンの枚数を覚えているのか？
2225,0xA888C,8,01,うぐぅ〜
2226,0xA88A0,10,01,あぅ〜っ！
2227,0xA88B4,40,01,朝〜、朝だよ〜。朝ご飯食べて学校行くよ〜
2228,0xA88E8,12,01,わ。びっくり
2229,0xA8900,12,01,ねこーねこー
2230,0xA8918,20,01,うぐぅは風邪ひかない
2231,0xA8938,29,01,親子の会話でなくそう 非行の芽
2232,0xA8960,28,01,毎月19、20日はお客様感謝デー
2233,0xA8988,48,01,人喰いの鳥山明先生の漫画が読めるのはジャンプだけ
2234,0xA89C4,18,01,ピッ、ピカチュー！
2235,0xA89E0,156,01,そんな亭主とは早く別れちゃいなさい、奥さん。ねぇ、あなたまだ39でしょ？まだまだ若いんだから。はやく次の人生みつけないと。ね。はーい。それじゃあ頑張って。ね。
2236,0xA8A88,20,01,オッス、オラ悟空！！
2237,0xA8AA8,28,01,このカードはご使用できません
2238,0xA8AD0,42,01,この切符ではグリーン車はご利用になれません
2239,0xA8B04,20,01,締切りは本日15時です
2240,0xA8B24,40,01,どうやら、俺の考えは正しかったようだな。
2241,0xA8B58,38,01,振り出しに戻ってしまったようだな‥‥！
2242,0xA8B88,74,01,時空を超えて  あなたは一体何度  我々の前に立ちはだかって来るというのだ！！
2243,0xA8BDC,64,01,みんな‥‥どうやら俺達は、とんでもない考え違いをしていたようだ！
2244,0xA8C28,34,01,事件は会議室で起きてるんじゃない！
2245,0xA8C54,42,01,ポンコツねえ‥‥どこが科学の結晶なんだか。
2246,0xA8C88,22,01,今すぐここをクリック！
2247,0xA8CA8,28,01,パンダは神戸の山奥に帰れっ！
2248,0xA8CD0,186,01,黄昏よりも暗きもの 血の流れよりも紅きもの 時の流れに埋もれし 偉大な汝の名において 我ここに闇に誓わん 我らが前に立ちふさがりし 全ての愚かなる者へ 我と汝が力もて 等しく滅びを与えんことを！
2249,0xA8D94,22,01,イソップーーーー！！！
2250,0xA8DB4,64,01,マックのハンバーガーに対人地雷を混ぜているのは、中国の肉まん業者
2251,0xA8E00,30,01,お兄ちゃんなら‥‥いい‥‥よ‥
2252,0xA8E28,24,01,わたしが狂っているのか？
2253,0xA8E4C,38,01,キスからはじまるミラクルだってあるよね
2254,0xA8E7C,26,01,ゲー専出って使えないよね〜
2255,0xA8EA0,60,01,いろいろご迷惑をおかけしました。この掲示板にはもう現れません
2256,0xA8EE8,38,01,ちゃんとトップページから入ってください
2257,0xA8F18,20,01,隠しページへようこそ
2258,0xA8F38,24,01,エリス、負けないもんっ！
2259,0xA8F5C,28,01,‥‥こっちの世界においでよ。
2260,0xA8F84,28,01,お前だけは処女だと思ったのに
2261,0xA8FAC,14,01,婆さんは用済み
2262,0xA8FC4,30,01,御先祖様に申し訳が立たねえ！！
2263,0xA8FEC,90,01,“へぇ〜、海にはたくさん不思議な生き物がいるんだなぁ”って言っているガチャピンが一番不思議
2264,0xA9050,18,01,僕は自動的なんだよ
2265,0xA906C,26,01,ホラーな目に遭わせてやる！
2266,0xA9090,54,01,よくもクリリンを‥‥オラもうゆるさねえぞフリーザ！！！
2267,0xA90D0,28,01,法が裁かないなら、私が裁くわ
2268,0xA90F8,36,01,チャンスの女神には前髪しかないんだよ
2269,0xA9128,28,01,それはクロウカードの仕業や！
2270,0xA9150,18,01,さくら、今やでー！
2271,0xA916C,56,01,良いニュースと悪いニュースがある。どっちを先に聞きたい？
2272,0xA91B0,30,01,メーテルまたひとつ星が消えるよ
2273,0xA91D8,32,01,風よ！雲よ！心あらば教えてくれ！
2274,0xA9204,18,01,みんな殺すけえのう
2275,0xA9220,86,01,小便はすましたか？神様にお祈りは？部屋のスミでガタガタふるえながら命乞いする準備はOK？
2276,0xA9280,28,01,あえて言おう！カスであると！
2277,0xA92A8,39,01,ぼうけんのしょ1ばんはきえてしまいました
2278,0xA92D8,36,01,またつまらぬモノを斬ってしまった‥‥
2279,0xA9308,18,01,私の愛馬は凶暴です
2280,0xA9324,8,01,任務了解
2281,0xA9338,28,01,ソロモンよ、私は帰ってきた！
2282,0xA9360,46,01,私は昔、シャア＝アズナブルと呼ばれていた者だ！
2283,0xA9398,24,01,ガンダムの反応が遅い！？
2284,0xA93BC,28,01,白いモビルスーツが勝つわ‥‥
2285,0xA93E4,26,01,父さんは、酸素欠乏症で‥‥
2286,0xA9408,30,01,悲しいけど、これ、戦争なのよね
2287,0xA9430,39,01,ドム13機の編隊が3分たたずに全滅だと！？
2288,0xA9460,20,01,俺を踏み台にした！？
2289,0xA9480,50,01,ブライトさんやミライさんが僕を必要ないって言うから
2290,0xA94BC,14,01,マチルダさーん
2291,0xA94D4,30,01,ザクとは違うのだよ、ザクとは！
2292,0xA94FC,12,01,坊やだからさ
2293,0xA9514,50,01,君はいい友人であったが、君の父上がいけないのだよ！
2294,0xA9550,93,01,そんなもの使う奴はマゾヒストだね。\w8\n\n\s1だからあれは MS-DOS じゃなくて、SM-DOS ってんだ！
2295,0xA95B8,88,01,「ウインドウズ95」\w4なんて大騒ぎしたけど、5年前のマッキントッシュにも追いついてないよ！
2296,0xA962C,7,01,右みぎ
2297,0xA9E8C,156,01,\1\s0む。\w8\w8SSTP やな。\w8\w8\w8\w8\n\n‥‥\w8\w8さくら、疲れとるんやけどな‥‥\w8\w8\w8\w8\n\nさくら‥‥\w8\w8起きや、さくら。\w8\w8SSTP やで。\w8\w8\w8
2298,0xA9F34,52,01,\0\s[23]ん‥‥\w8\w8\w8\w8\n\n‥‥\w8\w8SSTP？\w8\w8
2299,0xA9F74,21,01,\1\s0\n\nSSTP。\w8\w8
2300,0xA9F94,48,01,\0\n\n‥‥\w8\w8\w8\w8\w8\w8\w8\w8\s[22]くー‥‥
2301,0xA9FD0,15,01,\1\s1\n\n‥‥！
2302,0xA9FE8,132,01,\1\s0む。\w8\w8SSTP やな。\w8\w8これは起こさなアカンな‥‥\w8\w8\w8\w8\n\nさくら‥‥\w8\w8起きや、さくら。\w8\w8SSTP やで。\w8\w8\w8
2303,0xAA078,58,01,\0\n\nむぅ‥‥\w8\w8\w8\s[-1]\w8\w8\w8\0\c\b[-1]\1\c\b[-1]
2304,0xAA0BC,6,01,いたる
2305,0xAA0CC,10,01,ガッツ石松
2306,0xAA100,8,01,あかほり
2307,0xAA114,10,01,ラグナロク
2308,0xAA128,8,01,木野さん
2309,0xAA534,72,01,"\0\s5壁紙セットするよ。\![raise,Execute,setwallpaper]\0\s5セット完了っ。"
2310,0xAA588,66,01,\0\s4‥‥\w8\w8何だろ、このファイル。\w8\w8\1\s0‥‥\w8\w8謎やな。
2311,0xAA7A4,8,01,水爆ｦｨｺﾗ
2312,0xAA7B8,22,01,偽者でもメイドはメイド
2313,0xAA7D8,30,01,小豆の先物取引で首を吊った叔父
2314,0xAA800,44,01,アギトはまるで打ち切りマンガのように終わった
2315,0xAA838,40,01,バグです！バグです！バグです！バグです！
2316,0xAA86C,44,01,PS2のポテンシャルを全く引き出す気がないKanon
2317,0xAA8A4,44,01,キャンセルを選択すると落ちるのは仕様ですか？
2318,0xAA8DC,54,01,ご迷惑をおかけしました。もうこの掲示板には現れません。
2319,0xAA91C,26,01,手首を切ったとか自慢する女
2320,0xAA940,124,01,ホームページの方拝見させて頂きました。とっても素敵なページですね！私もホームページを持っているのですが相互リンクしませんか？
2321,0xAA9C8,10,01,空気を読め
2322,0xAA9DC,16,01,ナインボール光線
2323,0xAA9F8,30,01,有名絵師の掲示板で日記を書く男
2324,0xAAA20,46,01,とりあえずうにゅうにしておけばいいだろう的発想
2325,0xAAA58,42,01,ジャングル大帝は一体何の肉を食べているのか
2326,0xAAA8C,18,01,死に至る病、まゆげ
2327,0xAAAA8,46,01,キリ番をゲットした方は掲示板に報告してください
2328,0xAAAE0,52,01,むかしむかしあるところに不細工村という村がありました
2329,0xAAB20,58,01,お前たちは腐ったミカンじゃない、と言いたいのはやまやまだが
2330,0xAAB64,120,01,ダウンロードしてきたのですが使い方がよく分かりません。どなたか教えてください。ちなみに初心者です。よろしくお願いします。
2331,0xAABE8,9,01,2chで演説
2332,0xAABFC,20,01,CMに入ったときの福留
2333,0xAAC1C,20,01,神の一手に最も近い猫
2334,0xAAC3C,18,01,ゲリザギバスゲゲル
2335,0xAAC58,30,01,夜の校舎窓ガラス壊して回る仕事
2336,0xAAC80,36,01,クラスのみんなにゴリと呼ばれている女
2337,0xAACB0,40,01,若い女が一人入ったことで崩壊するサークル
2338,0xAACE4,54,01,どうでもいいが、こうしていると俺は故人の写真みたいだな
2339,0xAAD24,58,01,自己管理が甘い人間はオンラインゲームの中毒となり廃人となる
2340,0xAAD68,136,01,「ホームページ開設しました。まだ何もないページですがよろしければ相互リンクお願いします」と言われて行ってみたら本当に日記と掲示板しかない
2341,0xAADFC,42,01,危険な弁当を捨てて恐ろしい弁当を手に入れた
2342,0xAAE30,16,01,マグロ女との闘い
2343,0xAAE4C,22,01,お礼カキコしてください
2344,0xAAE6C,53,01,お礼カキコが10に達するたびにやる気ゲージが1上がります
2345,0xAAEAC,58,01,何というか言いにくいのですがあなたの絵は非常に下手クソです
2346,0xAAEF0,28,01,お前だけは処女だと思ったのに
2347,0xAAF18,24,01,当方ボーカル、他全部募集
2348,0xAAF3C,102,01,いいですかー人という字は何本か線を足すと犬になりますーだからお前たちは腐ったミカンかもしれないのですー
2349,0xAB0C8,30,01,"\![enter,passivemode]\0\s0ん？"
2350,0xAB0F0,40,01,"\![enter,passivemode]\0\s0ん。\w8\w8何？"
2351,0xD4C65,15,00,ＭＳ Ｐゴシック
2352,0xD4EB9,15,00,ＭＳ Ｐゴシック
2353,0xD5111,15,00,ＭＳ Ｐゴシック
2354,0xD5251,4,00,設定
2355,0xD5299,12,00,ASテクノロジ
2356,0xD5361,10,00,使い方(&T)
2357,0xD5450,15,00,ＭＳ Ｐゴシック
2358,0xD5628,15,00,ＭＳ Ｐゴシック
2359,0xD5805,15,00,ＭＳ Ｐゴシック
2360,0xD59E3,15,00,ＭＳ Ｐゴシック
2361,0xD5BFF,10,00,使い方(&T)
2362,0xD5CF8,15,00,ＭＳ Ｐゴシック
2363,0xD6877,15,00,ＭＳ Ｐゴシック
2364,0xD6A39,15,00,ＭＳ Ｐゴシック
2365,0xD6B5B,6,00,喋り方
2366,0xD6BB0,8,00,うるさい
2367,0xD6BF0,12,00,喋る頻度(&A)
2368,0xD6C4B,2,00,黙
2369,0xD6C8E,10,00,グロンギ語
2370,0xD6DCB,6,00,重力語
2371,0xD6E1A,4,00,にょ
2372,0xD6E6A,10,00,ひんたぼ語
2373,0xD6EA1,6,00,モニタ
2374,0xD6EF8,16,00,アナログ時計(&C)
2375,0xD6F6F,8,00,時計(&W)
2376,0xD6FE1,15,00,MATERIA CPU負荷
2377,0xD706D,28,00,MATERIA コミットメモリサイズ
2378,0xD7108,20,00,コミットメモリサイズ
2379,0xD7190,16,00,バッテリ残量(&B)
2380,0xD71E9,6,00,その他
2381,0xD7242,18,00,キャプションいじり
2382,0xD731B,10,00,注意点(&T)
2383,0xD7423,15,00,ＭＳ Ｐゴシック
2384,0xD76EC,15,00,ＭＳ Ｐゴシック
2385,0xD7A07,15,00,ＭＳ Ｐゴシック
2386,0xD7D16,15,00,ＭＳ Ｐゴシック
2387,0xD7E4E,2,00,月
2388,0xD7E8C,8,00,日／毎週
2389,0xD7ED1,2,00,時
2390,0xD7F12,2,00,分
2391,0xD7F53,10,00,メッセージ
2392,0xD7F99,4,00,日時
2393,0xD7FE3,12,00,実行ファイル
2394,0xD802B,2,00,年
2395,0xD806F,4,00,曜日
2396,0xD8582,8,00,削除(&D)
2397,0xD85E7,10,00,使い方(&T)
2398,0xD86D1,15,00,ＭＳ Ｐゴシック
2399,0xD88B0,15,00,ＭＳ Ｐゴシック
2400,0xD8AE4,15,00,ＭＳ Ｐゴシック
2401,0xD8D9F,8,00,削除(&D)
2402,0xD8E05,10,00,使い方(&T)
2403,0xD8F00,15,00,ＭＳ Ｐゴシック
2404,0xD9143,15,00,ＭＳ Ｐゴシック
2405,0xD925A,18,00,ファーストスタッフ
2406,0xD929A,15,00,ＭＳ Ｐゴシック
2407,0x27ADD,15,00,ＭＳ Ｐゴシック
2408,0x68F38,15,00,ＭＳ Ｐゴシック
2409,0x69940,15,00,ＭＳ Ｐゴシック
2410,0x6F57C,80,00,"\![open,browser,http://www.geocities.co.jp/SiliconValley/3765/]"
2411,0x7BCA9,2,00,　
