Offset,Length,Type,Text
0x15D2C,6,code,酱
0x15D3C,4,code,桑
0x184B4,2,code,。
0x184C0,2,code,‥
0x184CC,2,code,…
0x184D8,2,code,·
0x184E4,4,code,··
0x184F4,2,code,（
0x18500,2,code,ー
0x1850C,2,code,？
0x18518,2,code,！
0x18524,2,code,～
0x18530,2,code,っ
0x18840,2,code,。
0x18858,2,code,‥
0x18870,2,code,…
0x18888,4,code,··
0x188A4,2,code,（
0x188BC,2,code,ー
0x188D4,2,code,？
0x188EC,2,code,！
0x18904,2,code,～
0x1891C,2,code,っ
0x18CBC,8,code,呢~
0x18CD0,6,code,是吧
0x18CE0,6,code,呢
0x18CF0,6,code,的啊
0x18D00,4,code,呢
0x18D10,4,code,吧
0x18D20,4,code,呐
0x18D30,4,code,啊
0x18D40,4,code,啊
0x18D50,10,code,呢
0x18D64,4,code,呢
0x18D74,2,code,な
0x18D80,2,code,ね
0x18D8C,2,code,よ
0x18D98,2,code,の
0x18DA4,2,code,。
0x18DBC,2,code,‥
0x18DD4,2,code,…
0x18DEC,4,code,··
0x18E08,2,code,（
0x18E20,2,code,ー
0x18E38,2,code,？
0x18E50,2,code,！
0x18E68,2,code,～
0x18E80,2,code,っ
0x18E98,6,code,唔呢
0x18EA8,10,code,呢呢
0x18EBC,8,code,呢呢
0x19884,2,code,ア
0x19890,2,code,あ
0x1989C,2,code,イ
0x198A8,2,code,い
0x198B4,2,code,ウ
0x198C0,2,code,う
0x198CC,2,code,エ
0x198D8,2,code,え
0x198E4,2,code,オ
0x198F0,2,code,お
0x198FC,2,code,カ
0x19908,2,code,か
0x19914,2,code,キ
0x19920,2,code,き
0x1992C,2,code,ク
0x19938,2,code,く
0x19944,2,code,ケ
0x19950,2,code,け
0x1995C,2,code,コ
0x19968,2,code,こ
0x19974,2,code,サ
0x19980,2,code,さ
0x1998C,2,code,シ
0x19998,2,code,し
0x199A4,2,code,ス
0x199B0,2,code,す
0x199BC,2,code,セ
0x199C8,2,code,せ
0x199D4,2,code,ソ
0x199E0,2,code,そ
0x199EC,2,code,タ
0x199F8,2,code,た
0x19A04,2,code,チ
0x19A10,2,code,ち
0x19A1C,2,code,ツ
0x19A28,2,code,つ
0x19A34,2,code,テ
0x19A40,2,code,て
0x19A4C,2,code,ト
0x19A58,2,code,と
0x19A64,2,code,ナ
0x19A70,2,code,な
0x19A7C,2,code,ニ
0x19A88,2,code,に
0x19A94,2,code,ヌ
0x19AA0,2,code,ぬ
0x19AAC,2,code,ネ
0x19AB8,2,code,ね
0x19AC4,2,code,ノ
0x19AD0,2,code,の
0x19ADC,2,code,ハ
0x19AE8,2,code,は
0x19AF4,2,code,ヒ
0x19B00,2,code,ひ
0x19B0C,2,code,フ
0x19B18,2,code,ふ
0x19B24,2,code,ヘ
0x19B30,2,code,へ
0x19B3C,2,code,ホ
0x19B48,2,code,ほ
0x19B54,2,code,マ
0x19B60,2,code,ま
0x19B6C,2,code,ミ
0x19B78,2,code,み
0x19B84,2,code,ム
0x19B90,2,code,む
0x19B9C,2,code,メ
0x19BA8,2,code,め
0x19BB4,2,code,モ
0x19BC0,2,code,も
0x19BCC,2,code,ヤ
0x19BD8,2,code,や
0x19BE4,2,code,ユ
0x19BF0,2,code,ゆ
0x19BFC,2,code,ヨ
0x19C08,2,code,よ
0x19C14,2,code,ラ
0x19C20,2,code,ら
0x19C2C,2,code,リ
0x19C38,2,code,り
0x19C44,2,code,ル
0x19C50,2,code,る
0x19C5C,2,code,レ
0x19C68,2,code,れ
0x19C74,2,code,ロ
0x19C80,2,code,ろ
0x19C8C,2,code,ワ
0x19C98,2,code,わ
0x19CA4,2,code,ヲ
0x19CB0,2,code,を
0x19CBC,2,code,ン
0x19CC8,2,code,ん
0x19CD4,2,code,ャ
0x19CE0,2,code,ゃ
0x19CEC,2,code,ュ
0x19CF8,2,code,ゅ
0x19D04,2,code,ョ
0x19D10,2,code,ょ
0x19D1C,2,code,ッ
0x19D28,2,code,っ
0x19D34,2,code,ァ
0x19D40,2,code,ぁ
0x19D4C,2,code,ィ
0x19D58,2,code,ぃ
0x19D64,2,code,ゥ
0x19D70,2,code,ぅ
0x19D7C,2,code,ェ
0x19D88,2,code,ぇ
0x19D94,2,code,ォ
0x19DA0,2,code,ぉ
0x19DAC,2,code,ガ
0x19DB8,2,code,が
0x19DC4,2,code,ギ
0x19DD0,2,code,ぎ
0x19DDC,2,code,グ
0x19DE8,2,code,ぐ
0x19DF4,2,code,ゲ
0x19E00,2,code,げ
0x19E0C,2,code,ゴ
0x19E18,2,code,ご
0x19E24,2,code,ザ
0x19E30,2,code,ざ
0x19E3C,2,code,ジ
0x19E48,2,code,じ
0x19E54,2,code,ズ
0x19E60,2,code,ず
0x19E6C,2,code,ゼ
0x19E78,2,code,ぜ
0x19E84,2,code,ゾ
0x19E90,2,code,ぞ
0x19E9C,2,code,ダ
0x19EA8,2,code,だ
0x19EB4,2,code,ヂ
0x19EC0,2,code,ぢ
0x19ECC,2,code,ヅ
0x19ED8,2,code,づ
0x19EE4,2,code,デ
0x19EF0,2,code,で
0x19EFC,2,code,ド
0x19F08,2,code,ど
0x19F14,2,code,バ
0x19F20,2,code,ば
0x19F2C,2,code,ビ
0x19F38,2,code,び
0x19F44,2,code,ブ
0x19F50,2,code,ぶ
0x19F5C,2,code,ベ
0x19F68,2,code,べ
0x19F74,2,code,ボ
0x19F80,2,code,ぼ
0x19F8C,2,code,パ
0x19F98,2,code,ぱ
0x19FA4,2,code,ピ
0x19FB0,2,code,ぴ
0x19FBC,2,code,プ
0x19FC8,2,code,ぷ
0x19FD4,2,code,ペ
0x19FE0,2,code,ぺ
0x19FEC,2,code,ポ
0x19FF8,2,code,ぽ
0x1A948,2,code,あ
0x1A954,2,code,さ
0x1A960,2,code,が
0x1A96C,2,code,ガ
0x1A978,2,code,い
0x1A984,2,code,し
0x1A990,2,code,ぎ
0x1A99C,2,code,ギ
0x1A9A8,2,code,う
0x1A9B4,2,code,す
0x1A9C0,2,code,ぐ
0x1A9CC,2,code,グ
0x1A9D8,2,code,え
0x1A9E4,2,code,せ
0x1A9F0,2,code,げ
0x1A9FC,2,code,ゲ
0x1AA08,2,code,お
0x1AA14,2,code,そ
0x1AA20,2,code,ご
0x1AA2C,2,code,ゴ
0x1AA38,2,code,か
0x1AA44,2,code,な
0x1AA50,2,code,わ
0x1AA5C,2,code,バ
0x1AA68,2,code,き
0x1AA74,2,code,に
0x1AA80,2,code,ビ
0x1AA8C,2,code,く
0x1AA98,2,code,ぬ
0x1AAA4,2,code,ブ
0x1AAB0,2,code,け
0x1AABC,2,code,ね
0x1AAC8,2,code,ベ
0x1AAD4,2,code,こ
0x1AAE0,2,code,の
0x1AAEC,2,code,ボ
0x1AAF8,2,code,た
0x1AB04,2,code,ざ
0x1AB10,2,code,ば
0x1AB1C,2,code,ダ
0x1AB28,2,code,ち
0x1AB34,2,code,び
0x1AB40,2,code,ヂ
0x1AB4C,2,code,つ
0x1AB58,2,code,ぶ
0x1AB64,2,code,ヅ
0x1AB70,2,code,て
0x1AB7C,2,code,べ
0x1AB88,2,code,デ
0x1AB94,2,code,と
0x1ABA0,2,code,ぼ
0x1ABAC,2,code,ド
0x1ABB8,2,code,は
0x1ABC4,2,code,だ
0x1ABD0,2,code,ザ
0x1ABDC,2,code,ひ
0x1ABE8,2,code,ぢ
0x1ABF4,2,code,じ
0x1AC00,2,code,ジ
0x1AC0C,2,code,ふ
0x1AC18,2,code,づ
0x1AC24,2,code,ず
0x1AC30,2,code,ズ
0x1AC3C,2,code,へ
0x1AC48,2,code,で
0x1AC54,2,code,ぜ
0x1AC60,2,code,ゼ
0x1AC6C,2,code,ほ
0x1AC78,2,code,ど
0x1AC84,2,code,ぞ
0x1AC90,2,code,を
0x1AC9C,2,code,ゾ
0x1ACA8,2,code,ま
0x1ACB4,2,code,ラ
0x1ACC0,2,code,み
0x1ACCC,2,code,リ
0x1ACD8,2,code,む
0x1ACE4,2,code,ル
0x1ACF0,2,code,め
0x1ACFC,2,code,レ
0x1AD08,2,code,も
0x1AD14,2,code,ロ
0x1AD20,2,code,や
0x1AD2C,4,code,ジャ
0x1AD3C,2,code,ゆ
0x1AD48,4,code,ジュ
0x1AD58,2,code,よ
0x1AD64,4,code,ジョ
0x1AD74,2,code,ら
0x1AD80,2,code,サ
0x1AD8C,2,code,り
0x1AD98,2,code,シ
0x1ADA4,2,code,る
0x1ADB0,2,code,ス
0x1ADBC,2,code,れ
0x1ADC8,2,code,セ
0x1ADD4,2,code,ろ
0x1ADE0,2,code,ソ
0x1ADEC,2,code,ぱ
0x1ADF8,2,code,マ
0x1AE04,2,code,ぴ
0x1AE10,2,code,ミ
0x1AE1C,2,code,ぷ
0x1AE28,2,code,ム
0x1AE34,2,code,ぺ
0x1AE40,2,code,メ
0x1AE4C,2,code,ぽ
0x1AE58,2,code,モ
0x1AE64,2,code,ぁ
0x1AE70,2,code,ァ
0x1AE7C,2,code,ぃ
0x1AE88,2,code,ィ
0x1AE94,2,code,ぅ
0x1AEA0,2,code,ゥ
0x1AEAC,2,code,ぇ
0x1AEB8,2,code,ェ
0x1AEC4,2,code,ぉ
0x1AED0,2,code,ォ
0x1AEDC,2,code,ゃ
0x1AEE8,2,code,ャ
0x1AEF4,2,code,ゅ
0x1AF00,2,code,ュ
0x1AF0C,2,code,ょ
0x1AF18,2,code,ョ
0x1AF24,2,code,っ
0x1AF30,2,code,ッ
0x1AF3C,2,code,ん
0x1AF48,2,code,ン
0x1AF54,2,code,ー
0x1AF60,4,code,ズァ
0x1BB50,2,code,あ
0x1BB5C,2,code,い
0x1BB68,2,code,う
0x1BB74,2,code,え
0x1BB80,2,code,お
0x1BB8C,2,code,か
0x1BB98,2,code,き
0x1BBA4,2,code,く
0x1BBB0,2,code,け
0x1BBBC,2,code,こ
0x1BBC8,2,code,さ
0x1BBD4,2,code,し
0x1BBE0,2,code,す
0x1BBEC,2,code,せ
0x1BBF8,2,code,そ
0x1BC04,2,code,た
0x1BC10,2,code,ち
0x1BC1C,2,code,つ
0x1BC28,2,code,て
0x1BC34,2,code,と
0x1BC40,2,code,な
0x1BC4C,2,code,に
0x1BC58,2,code,ぬ
0x1BC64,2,code,ね
0x1BC70,2,code,の
0x1BC7C,2,code,は
0x1BC88,2,code,ひ
0x1BC94,2,code,ふ
0x1BCA0,2,code,へ
0x1BCAC,2,code,ほ
0x1BCB8,2,code,ま
0x1BCC4,2,code,み
0x1BCD0,2,code,む
0x1BCDC,2,code,め
0x1BCE8,2,code,も
0x1BCF4,2,code,や
0x1BD00,2,code,ゆ
0x1BD0C,2,code,よ
0x1BD18,2,code,ら
0x1BD24,2,code,り
0x1BD30,2,code,る
0x1BD3C,2,code,れ
0x1BD48,2,code,ろ
0x1BD54,2,code,わ
0x1BD60,2,code,を
0x1BD6C,2,code,ん
0x1BD78,2,code,っ
0x1BD84,2,code,ゃ
0x1BD90,2,code,ゅ
0x1BD9C,2,code,ょ
0x1BDA8,2,code,ぁ
0x1BDB4,2,code,ぃ
0x1BDC0,2,code,ぅ
0x1BDCC,2,code,ぇ
0x1BDD8,2,code,ぉ
0x1BDE4,2,code,ー
0x1BDF0,2,code,が
0x1BDFC,2,code,ぎ
0x1BE08,2,code,ぐ
0x1BE14,2,code,げ
0x1BE20,2,code,ご
0x1BE2C,2,code,ざ
0x1BE38,2,code,じ
0x1BE44,2,code,ず
0x1BE50,2,code,ぜ
0x1BE5C,2,code,ぞ
0x1BE68,2,code,だ
0x1BE74,2,code,ぢ
0x1BE80,2,code,づ
0x1BE8C,2,code,で
0x1BE98,2,code,ど
0x1BEA4,2,code,ば
0x1BEB0,2,code,び
0x1BEBC,2,code,ぶ
0x1BEC8,2,code,べ
0x1BED4,2,code,ぽ
0x1BEE0,2,code,ぼ
0x1BEEC,2,code,ぱ
0x1BEF8,2,code,ぴ
0x1BF04,2,code,ぷ
0x1BF10,2,code,ぺ
0x5F4EC,18,code,今天·明天天气
0x5F508,19,code,一周天气预报</font>
0x5F524,15,code,降水概率</font>
0x5F53C,11,code,气温</font>
0x5F550,11,code,日期</font>
0x5F564,11,code,天气</font>
0x5F594,2,code,～
0x5F5A0,2,code,◆
0x5F5AC,6,code,天气：
0x5F5BC,6,code,气温：
0x5F5CC,10,code,降水概率：
0x5F5E0,9,code,00-06时  
0x5F5F4,9,code,06-12时  
0x5F608,9,code,12-18时  
0x5F61C,9,code,18-24时  
0x609CC,4,code,讨厌
0x609DC,12,code,并不讨厌
0x609F4,2,code,い
0x60A00,6,code,不
0x60A10,2,code,る
0x60A1C,4,code,不
0x60A2C,8,code,不是
0x60ADC,2,code,い
0x60AE8,2,code,く
0x60AF4,2,code,に
0x60BC8,2,code,い
0x60BD4,2,code,す
0x60BE0,2,code,る
0x60DE4,4,code,被
0x60DF4,4,code,感觉
0x60E04,6,code,不知
0x60E14,2,code,る
0x60E20,4,code,不
0x60E30,2,code,う
0x60E3C,6,code,不
0x60E4C,2,code,ぬ
0x60E58,6,code,不
0x60E68,2,code,す
0x60E74,6,code,不
0x60E84,6,code,不
0x610BC,2,code,る
0x610C8,6,code,能
0x610D8,6,code,被
0x610E8,2,code,う
0x610F4,6,code,会
0x61104,6,code,被
0x61114,2,code,す
0x61120,6,code,被
0x61130,6,code,被
0x612F0,4,code,在
0x61300,4,code,能
0x61310,4,code,会
0x61320,2,code,る
0x6132C,2,code,う
0x61338,2,code,す
0x61344,2,code,く
0x61350,2,code,つ
0x6135C,4,code,
0x622A0,15,code,宋体
0x6236C,15,code,宋体
0x63168,27,code,\0\s0记录完成……\w8\w8好。
0x6336C,47,code,\t\0\s0嘛，跟备忘录差不多呢……\w8\w8\n\n
0x633A4,41,code,\1\s0虽然就这点功能，但还挺方便的。\w8\w8
0x633D8,42,code,\0\n\n嗯。\w8\w8\n\n注意事项是\w8\w8\n\n
0x6340C,66,code,%*选中根（写着 Todo 的部分）开始输入即为新增\w8\n
0x63458,25,code,%*除此之外均视为修改\w8\n
0x6347C,29,code,%*操作以键盘为主\w8\n\n
0x634A4,24,code,\w8\w8大概就这些。\w8\w8
0x634C8,46,code,\1\n\n为什么操作以键盘为主啊。\w8\w8
0x63500,59,code,\0\s8\n\n哎呀……\w8\w8因为用鼠标什么的太麻烦了。\w8\w8
0x63544,40,code,\1\n\n……\w8\w8总有一天会被捅的。\w8\w8
0x63578,75,code,\0\s[20]\n\nEnter 确定，DEL 删除。\w8\w8\n\s0这点总可以做到吧。
0x635F0,10,code,消息
0x63E4C,4,code,每周
0x63E5C,5,code, 
0x6441C,27,code,\0\s0记录完成……\w8\w8好。
0x64554,101,code,\t\0\s0基本上，就是指定时间，到了时间就弹出消息通知，这么个功能。\w8\w8
0x645C4,90,code,\1\s0指定日期，或者指定星期。\w8\n\n两个都指定的话房子会烧起来的，注意点哦。\w8\w8
0x64628,26,code,\0\n\n注意事项是\w8\w8\n\n
0x6464C,68,code,%*选中根（写着 Notify 的部分）开始输入即为新增\w8\n
0x6469C,25,code,%*除此之外均视为修改\w8\n
0x646C0,44,code,%*输入「*」后，该部分将变为「每」\w8\n
0x646F8,37,code,%*除了消息外，还可以执行文件\w8\n
0x64728,23,code,%*数字仅限半角\w8\n\n
0x64748,33,code,%*星期用「日一二三四五六」\w8\n\n
0x64774,29,code,%*时间用24小时制表述\w8\n\n
0x6479C,29,code,%*操作以键盘为主\w8\n\n
0x647C4,24,code,\w8\w8大概就这些。\w8\w8
0x647E8,46,code,\1\n\n为什么操作以键盘为主啊。\w8\w8
0x64820,59,code,\0\s8\n\n哎呀……\w8\w8因为用鼠标什么的太麻烦了。\w8\w8
0x64864,40,code,\1\n\n……\w8\w8总有一天会被捅的。\w8\w8
0x64898,75,code,\0\s[20]\n\nEnter 确定，DEL 删除。\w8\w8\n\s0这点总可以做到吧。
0x64AC0,15,code,\0\s0添加完成。
0x64AFC,10,code,消息
0x64B34,18,code,时间条件（* 为每）
0x64B74,51,code,可执行文件的完整路径（可通过拖放文件输入）
0x653E8,51,code,\0\s1唔。\w8\w8数量真多啊。\w8\w8\n\n\s[20]
0x65424,22,code,……\w8\w8好。\w8\w8
0x65458,10,code,\n\n哟。
0x65480,12,code,面骰子
0x65498,24,code,颗……\w8\w8好。\w8\w8
0x65690,179,code,\0\s0也就是所谓的骰子……\w8\w8吧。\w8\w8\1\s0是骰子呢。\w8\w8\0\n\n基本上就是在编辑框里输入骰子表达式，然后按 Enter 即可。\w8\w8\n\n比如 2d6+10 之类的，还可以进行加减运算哦。
0x66A08,5,code,宋体
0x66AE4,5,code,宋体
0x67C70,5,pchar,宋体
0x67F60,5,code,宋体
0x67F88,5,pchar,宋体
0x688E0,38,code,"\![leave,passivemode]\0\s0设置完成。"
0x68A1C,257,code,"\0\s0只有一个注意事项。\w8\w8\n\nWin9x 缺少在桌面上进行透明绘制的功能，因此没法像\w8\_b[correctimage.png,20,65]\w8\n\n\n\n\n\n\n这样显示得这么漂亮。\w8\w8\n\n这也是没办法的事，请放弃吧。\w8\w8\1\s0就当能看见已经很不错了。"
0x6A98C,22,code,传授网游礼仪
0x6A9AC,20,code,哈啊 (*'Д｀*) 哈啊
0x6A9CC,36,code,得意洋洋地批判史克威尔的游戏
0x6A9FC,10,code,新机动战记
0x6AA10,58,code,「现实中不行的人网上也不行」之类老生常谈的说教
0x6AA54,46,code,教微软怎么卖 XBox
0x6AA8C,22,code,深受时下年轻人的欢迎
0x6AAAC,20,code,哈啊 (*゜Д゜*) 哈啊
0x6AAEC,14,code,互联网
0x6AB28,14,code,浏览器
0x6AB40,24,code,小林胜代浏览器
0x6AB64,25,code,互联网好痒 好吃
0x6AB88,84,code,回复时，请留出一些时间，考虑被回复者的感受。
0x6ABE8,85,code,在作为公共平台提供的BBS上，那些无法对自己发言负责的人所发表的言论，会给他人造成困扰。
0x6AC48,28,code,最近的新人礼仪真差。
0x6AC70,40,code,与服务器的连接已取消。
0x6ACA4,34,code,毕竟还是β版，不喜欢不玩就是了。
0x6ACD0,24,code,毕竟还是β版，没办法。
0x6ACF4,44,code,我提醒对方违反礼仪了，结果反倒被骂了一顿。
0x6AD2C,90,code,听说韩服要加强对不文明行为的处罚，因此日服也有可能跟进。
0x6AD90,26,code,老外真没礼貌啊。
0x6ADB4,47,code,斐扬洞穴那里好像有很多恶意抢怪的人。
0x6ADEC,82,code,无论是新玩家还是转服过来的玩家，请不要做给他人添麻烦的行为，大家一起愉快地游玩吧～
0x6AE48,30,code,增加的净是些抢怪的人，笑
0x6AE70,126,code,我正玩盗贼和石锤巨人单挑呢，突然一个新手乱入进来，我都懒得说话，直接下线了☆还是从姐姐这儿重新练起吧~
0x6AEF8,94,code,死了又死还一遍遍跑过来，还继续在那里恶意抢怪，所以我就稍微跟踪了一下笑
0x6AF60,64,code,恶意抢怪这种事很难拿出证据，所以不好向重力社官方反映。怎么办呢。
0x6AFAC,125,code,PK 这事说白了，放现实世界里不就是杀人吗。就算是在游戏世界里，我也不认为这是应该干的事。
0x6B034,82,code,如果这样被视作污染版块，我会克制自己不再发帖。
0x6B090,124,code,如果遇到此类行为，请连带截图一起发送邮件。当投诉累积到一定程度时，我们将对该账号进行警告至封号处理
0x6B118,42,code,讲别人坏话是不可以的！这是最低劣的行为！
0x6B14C,102,code,如果你是网络游戏的新手，我认为这是好好学习各种礼仪的好机会。
0x6B1BC,64,code,和有礼貌的人一起玩，自然能养成好的礼仪。
0x6B208,56,code,就算是β版，什么都让用户自己去处理，我觉得也不太合适吧。
0x6B24C,92,code,说到底，我根本看不出讨论这个有什么意义。过去这种问题也被提过很多次，但从来没得出过结论。
0x6B2B4,94,code,与其在这里发帖，不如去征集签名，向重力社情愿「废除抢怪」更实在。
0x6B31C,272,code,进版前你有好好看过注意事项吗？对个人的中伤、谩骂、歧视性发言都是禁止的。别人犯了错，干嘛非要句句带刺地去指责呢？这里是讨论的地方，不是戴着面具互相攻击的地方。别把这里的氛围搞坏了。
0x6B438,137,code,说别人是囤积厨的那种人，请回2ch去吧。这里不是您该来的地方。既然来了这里，就请发表符合本BBS规矩的言论。
0x6B4CC,40,code,未经同意就去援护、共斗，全都算作抢怪。
0x6B500,110,code,反对抢怪的人，与其有空在这里发帖，不如用那宝贵的时间去找下一只怪，这样还更快呢
0x6B578,87,code,未经当事人同意的援护/共斗，全都算作抢怪行为哦。我一直是这么提醒的。
0x6B5D8,78,code,斐扬洞穴伸手党和抢怪的新人越来越多了。
0x6B630,82,code,我不是想说别惯着新手，但还是希望他们至少能遵守最基本的礼仪。
0x6B68C,134,code,还有，那些说抢怪和捡漏又没被禁止、也没规定处罚所以做了也没关系的人，你们不适合玩MMORPG。
0x6B71C,102,code,不是已经有类似的帖子了吗？好好看啊，蠢货…。说话有点难听不好意思，但最近这种没脑子的家伙实在太多了。
0x6B78C,110,code,有人自愿来帮忙引导，我本来很感激的，但真没想到居然会被命令、威胁
0x6B804,41,code,不好好排队就DoS攻击你哦！
0x6B838,34,code,不好好排队就曝你名字哦！
0x6B864,44,code,还有，别老是抢我们猎物！！
0x6B89C,26,code,兽人森林里的那帮人……
0x6B8C0,22,code,撒饵引怪的那帮人……
0x6B8E0,26,code,城门口的人太多了……
0x6B904,66,code,请避免抢怪、抢掉落物等给他人添麻烦的各种无礼行为。
0x6B950,188,code,我当年还是新手的时候，在吉芬不知道撒饵引怪这种事，看到魔法师旁边掉的道具以为没人要，就一股脑全捡走了，结果被吼了一句「别拿啊！！」当时感觉特别不爽……。
0x6BA18,70,code,现在还是测试版，所以也不好抱怨什么(毕竟又没花钱)
0x6BA68,40,code,真希望能引入禁止抢怪的系统啊～
0x6BA9C,39,code,日版只要改成RagnarokOffline就万事大吉了
0x6BACC,122,code,恳请您在行动前能够考虑到，您为自保所采取的行动，可能会造成他人死亡
0x6BB50,72,code,从这个帖子的第一句起重新读一遍吧。真是越低能的人越喜欢用说真的这种词……
0x6BBA4,64,code,那些不考虑别人、擅自把某地当作单人职业的刷钱点的人最差劲了
0x6BBF0,106,code,现在毕竟还是β阶段嘛，大家就先忍忍吧。我相信等正式版出来后，肯定会有更多好副本的哦
0x6BC64,51,code,我也赞成，我觉得这个游戏不需要 PK。
0x6BCA0,35,code,请移步可以 PK 的游戏吧(笑)
0x6BCCC,36,code,真希望能早日实装PK啊——。(笑)
0x6BCFC,76,code,我昨天也为了猫耳跑了趟狸山，但被那里的缺德行为搞无语了。
0x6BD54,143,code,确实，对方可能先做出了无礼行为。但是，用同样无礼的MPK来报复，这并不能算作「正确」的行为哦。
0x6BDEC,104,code,最近总觉得，人多了、热闹起来了是好事，但与此同时是不是莫名也变得有些气氛紧张了？
0x6BE60,70,code,总之，「不要动别人的猎物！！」这应该是最基本的礼仪吧。
0x6BEB0,2,code,と
0x6BEBC,4,code,与我
0x6BECC,14,code,性、谎言、
0x6BEE4,16,code,和崩溃的父亲
0x6BF00,4,code,地藏
0x6BF10,4,code,大名
0x6BF20,10,code,香肠
0x6BF34,12,code,光束发射！
0x6BF4C,38,code,那在樱屋卖得更便宜哦。
0x6BF7C,4,code,的狗
0x6BF8C,10,code,的父亲。
0x6BFA0,2,code,病
0x6BFAC,24,code,在装懂好烦
0x6BFD0,37,code,被抢怪用MPK报复
0x6C000,18,code,是我的…我哥！
0x6C01C,63,code,每天玩几小时网游后说「忙死了没时间」
0x6C064,32,code,是生活被网游支配的类型
0x6C090,19,code,便宜得像心跳回忆3
0x6C0AC,8,code,传说巨神
0x6C0C0,14,code,飞天御剑流奥义
0x6C0D8,8,code,机动战士
0x6C0EC,61,code,说到底，不过是 MS-DOS 为了模仿 Mac 而浓妆艳抹的产物！
0x6C134,28,code,没有比这更难用的了！
0x6C15C,42,code,用那玩意的人都是受虐狂吧。所以那
0x6C190,15,code,不是，是 SM-
0x6C1A8,10,code, 吧！
0x6C1BC,86,code,所以说，很多人只是不知道有 Mac 这个优秀的系统就
0x6C21C,82,code,在受苦可以说是二十世纪的悲剧之一，藤村你也是其中之一啊。
0x6C278,2,code,「
0x6C284,69,code,」虽然闹得沸沸扬扬，但连5年前的 Mac 都没追上哦！
0x6C2F8,3,code,式 
0x6C304,15,code,双座型突击规格M
0x6C31C,54,code,the end of genesis T.M.R evolution turbo type D 的构想
0x6E86C,5,pchar,宋体
0x6F3E4,92,code,\0\s0所谓的AS技术，是多年前一家名为 CompJapan 的公司所开发的技术……\w8\w8\n\n
0x6F44C,146,code,\s7没想到！\w8\w8\s5在for循环中毫无意义地反复进行加减运算，竟然能优化内存，从而使机器运行得更快，这可真是一项了不起的技术！\w8\w8
0x6F4E8,138,code,\1\s0……\w8\w8\w8不过，话说回来，\w8那根本就是诈骗吧。\w8\w8\0\s5\n\n乌纽别多嘴！\w8\w8\n\n详情请看这个网站。
0x6F57C,63,code,"\![open,browser,https://ja.wikipedia.org/wiki/CompJapan]"
0x6F988,10,code,用户桑
0x6FA80,184,code,\0\s[20]啊……\w8\w8是吗。\w8\w8\n\n\s0今天是当天啊……\w8\w8\1\s0是当天呢。\w8\w8\w8\w8\n\n\0\n\n嘛，不勉强说一定要投，不过如果可以的话请投票\n\n\0\s5\1\s2\_s拜托了。\_s
0x6FB44,82,code,\0\s[20]啊……\w8\w8\w8\n\s5说起来，昨天多谢支援了！\w8\w8
0x6FBA0,25,code,\1\s0谢了啊。\w8\w8
0x6FBC4,83,code,\0\s0\n\n……\w8\w8虽然也没做什么特别的事，\w8\n但总觉得好累……\w8\w8\w8
0x6FC20,185,code,\1\n\n……\w8\w8嘛，是祭典嘛。\w8\w8\w8\w8\0\s0\n\n嗯。\w8\w8\n\s5好，今天起恢复正常营业。\w8\w8\w8\1\s0\n\n……\w8\w8还有第二轮呢。\w8\w8\0\n\n……\w8\w8诶？
0x6FF7C,60,code,\1\s0是在睡觉的时候换的吗……\w8\w8\w8\w8\w8\w8\n\n\s1行吗？
0x6FFC4,66,code,\1\s0是在泡澡的时候换的吗……\w8\w8\w8\w8\w8\w8\n\n\s1行吗？
0x70010,4,code,陽子
0x70020,32,code,\0\s0\1\s0\_s鹰爪启动。\_s
0x7004C,4,code,愛理
0x7005C,26,code,\0\s0\1\s0\_s歌丸启动。\_s
0x70080,6,code,ヒルデ
0x70090,30,code,\0\s0\1\s0\_s卡拉萨瓦启动。\_s
0x700B8,6,code,あると
0x700C8,28,code,\0\s0\1\s0\_s咖喱启动。\_s
0x700F0,8,code,花ちゃん
0x70104,28,code,\0\s0\1\s0\_s乌冬面启动。\_s
0x7012C,4,code,毒子
0x7013C,50,code,\0\s0\1\s0\_s低性能机器杀手启动。\_s
0x70178,4,code,美耳
0x70188,24,code,\0\s0\1\s0\_s耳启动。\_s
0x701AC,6,code,さくら
0x701BC,22,code,\0\s0\1\s0重来……？
0x701DC,14,code,サンバーレイン
0x701F4,26,code,\0\s0\1\s0\_s别人启动。\_s
0x70218,38,code,\0\s0……\w8\w8出轨吗。\w8\w8\1\s0……
0x70248,72,code,\0\s4诶。\w8\w8要换人吗？\w8\w8\1\s0……\w8\w8别那么不情愿嘛。
0x70630,65,code,\0\s7\1\s1乌纽只有我一个就够了。\w8\w8\0\s1……\w8\w8木野薰？
0x7067C,75,code,\0\s7\1\s0\0猎人————————\w8\w8机会来了！\1\s1冷静点！
0x706D0,49,code,\0\s7\1\s0\0我才不要樋上至的画！\1\s1冷静点！
0x7070C,51,code,\0\s7\1\s0\0游戏专业学校毕业根本没用！\1\s1冷静点！
0x70748,57,code,\0\s7\1\s0\0别什么都蘸蛋黄酱吃！\1\s1冷静点！
0x7078C,67,code,\0\s0\1\s0\0我是猎杀魔物之人，所以\s7吃我\w8一拳！\1\s1冷静点！
0x707D8,63,code,\0\s7\1\s0\0只要加了年糕什么都能叫「力」吗！\1\s1冷静点！
0x70820,66,code,\0\s7\1\s0\0我就是曾经被称为%ms的人！\1\s1冷静点！
0x7086C,72,code,\0\s[20]\1\s0\0卖不出去的初回特典有什么意义。\w8\w8\1\s1……
0x708C0,138,code,\0\s[20]\1\s1\1\s0欢迎回来，大佐。\w8\w8\0乌纽……\w8\w8我是，克瓦托罗大尉。\w8\w8\1\n\n不，\w4对我来说是%mz大佐。
0x70954,79,code,\0\s7\1\s1\0别去参加没被邀请的二次会！\1\s1冷静点！
0x709AC,53,code,\0\s7\1\s0\0精神感应高达太大了！\1\s1冷静点！
0x709EC,86,code,\0\s7\1\s0\0没干劲的可以滚回去了！\w8\w8\1……\w8\w8你是头脑简单的体育老师吗。
0x70A4C,103,code,\0\s0\1\s0\0用真名或真名改编的网名比较好哦。\w8\w8\1\s0……\w8\w8搞什么啊。
0x70ABC,61,code,\0\s7\1\s0\0别再讲那些没头没尾的废话了！\1\s1冷静点！
0x70B04,51,code,\0\s7\1\s0\0制作人员名单太长了！\1\s1冷静点！
0x70B40,65,code,\0\s7\1\s0\0我觉得一定要有色色的内容才行。\1\s1冷静点！
0x70B8C,99,code,\0\s7\1\s0\0以为 OS 是 Operation System 的缩写的大概只有你了吧！\w8新保！\1\s0冷静点！
0x70BF8,40,code,\0\s0\1\s0\0\_s幻想中的好友小团体！\_s
0x70C2C,49,code,\0\s7\1\s0\0牛奶要嚼着喝！\1\s1冷静点！
0x70C68,47,code,\0\s7\1\s0\0喝了猪肉汤赶快去睡觉！\1\s0冷静点！
0x70CA0,88,code,\0\s7\1\s0\0把 install 缩写成 inst 的大概只有你了吧！\w8国分寺！\1\s1冷静点！
0x70D04,77,code,\0\s7\1\s0\0请不要背着家人玩美少女游戏！\1\s1冷静点！
0x70D5C,45,code,\0\s7\1\s0\0雅达利大崩溃！\1\s1冷静点！
0x70D94,75,code,\0\s7\1\s0\0别拿「勇者斗恶龙风格」来搪塞质量差！\1\s1冷静点！
0x70DE8,65,code,\0\s0\1\s0\0生而为人，我很抱歉。\w8\s7吃我一拳！\1\s1冷静点！
0x70E34,59,code,\0\s7\1\s0\0别以为光有色情功能就行！\1\s0冷静点！
0x70E78,63,code,\0\s7\1\s0\0传说中的勇者什么的早就腻了！\1\s0冷静点！
0x70EC0,59,code,\0\s7\1\s0\0你先学会\w8察言观色\w4好吗！\1\s1冷静点！
0x70F04,53,code,\0\s7\1\s0\0救命啊软件伦理协会的大人物！\1\s1冷静点！
0x70F44,63,code,\0\s7\1\s0\0上面的大人物是不会懂的！\1\s1冷静点！
0x70F8C,48,code,\0\s7\1\s0\0对佛像出\w8拳！\1\s1冷静点！
0x70FC8,73,code,\0\s7\1\s0\0请别强行加色情场景！\1\s1冷静点！
0x79D20,15,code,\s3超出边界…\e
0x79D38,66,code,\0\s4……\w8\w8感觉重重叠叠的。\w8\w8\1\s1嘿嘿嘿。
0x79D84,14,code,\s[21]…………
0x79D9C,24,code,\s[21]……\w8\w8嗯嗯……
0x79DC0,24,code,\s[21]……\w8\w8嗯……
0x79DE4,28,code,\s[21]……\w8\w8困困……
0x79E2C,77,code,\0\s[22]……\w8\w8呼……\w8\w8\w8\w8\b[-1]\1\s0……\w8\w8这孩子这能睡啊……
0x79E84,125,code,\0\s[22]……\w8\w8呼……\w8\w8\w8\w8\b[-1]\1\s0……\w8\w8看起来挺累的，\w8\w8\n\n我觉得还是让她睡会儿比较好。
0x79F0C,127,code,\0\s[22]……\w8\w8呼……\w8\w8\w8\w8\b[-1]\1\s0……\w8\w8看起来相当累了，\w8\w8\n\n我觉得还是让她睡会儿比较好。
0x79F94,237,code,\0\s[20]啊……\w8\w8已经这个时间了……\w8\w8\w8\w8\n\n\s0那，我去泡个澡。\w8\w8\1\s0嗯。\w8\w8\n\n去吧。\w8\w8\w8\0\n\n嗯。\w8\w8\s5那回头见。\w8\w8\b[-1]\s[-1]\1\b[-1]\c\w8\w8\w8\w8\w8\w8\0\s[26]\1\s3……
0x7A0AC,142,code,\0\s[44]我回来了。\1\s1……！\w8\w8\w8\w8\0\n\n……\w8\w8啊。\w8\w8\s[-1]\w8\w8\w8\w8\0\n\n\s8……\w8\w8\w8\w8\1\n\n你是故意的吧。
0x7A144,102,code,\t\0\s0我回来了。\w8\w8\1\s0欢迎回来。\w8\w8\0\s5\n\n洗个澡神清气爽，\w4重整旗鼓加油干吧！
0x7A1F8,76,code,\0\s8……\w8\w8无法读取……\w8\w8\n\n被限制了？\w8\w8\1\s0真是悲伤的故事……
0x7A250,33,code,\0\s0这是今天的天气。\w8\w8\n\n
0x7A288,58,code,\0\s8……\w8\w8收不到数据……\w8\w8\1\s0是不是掉线了。
0x7A2F4,4,code,爱理
0x7A304,24,code,歌丸。非等闲之辈。
0x7A34C,10,code,  ユースケ
0x7A3A4,4,code,美耳
0x7A3B4,22,code,耳。非等闲之辈。
0x7A3D4,11,code,  くーぴー2
0x7A438,6,code,樱
0x7A448,6,code,老家。
0x7A470,6,code,  すか
0x7A498,10,code,  川上新夜
0x7A4AC,12,code,樱御影
0x7A4FC,18,code,基本操作说明
0x7A528,16,code,现金卡
0x7A544,12,code,小樱卡
0x7A55C,16,code,降临卡
0x7A578,16,code,信用卡
0x7A594,22,code,黄金积分卡
0x7A5B4,14,code,樱屋卡
0x7A5CC,14,code,数码子屋卡
0x7A5F8,20,code,请让一下
0x7A62C,40,code,MATERIA 设置窗口始终置顶显示
0x7A674,8,code,算了吧
0x7A6A4,22,code,人格使用率图表
0x7A704,22,code,对话框使用率图表
0x7A73C,18,code,随口交代差事
0x7A768,12,code,交代差事
0x7A798,12,code,樱的设置
0x7A7C0,16,code,使用搜索引擎
0x7A7EC,14,code,今明天气
0x7A814,14,code,小樱光束
0x7A82C,14,code,和小樱玩游戏
0x7A85C,14,code,推荐网站
0x7A888,8,code,联网检查
0x7A8AC,22,code,邮箱
0x7A8E8,10,code,本体的设置
0x7A914,24,code,切换到其他人格
0x7A950,24,code,更换樱的外壳
0x7A98C,20,code,切换对话框
0x7A9CC,24,code,头条传感器状态
0x7AA00,4,code,退出
0x7AA10,8,code,实用信息
0x7AA24,8,code,可能吧
0x7AA38,10,code,小樱导航
0x7AA4C,12,code,去小樱那
0x7AA78,13,code,月之相
0x7AAA8,34,code,会被敌人发现所以战斗中不用
0x7AAFC,8,code,最萌
0x7AB10,16,code,小樱打字
0x7AB2C,16,code,打字游戏
0x7AB48,12,code,小樱问答
0x7AB60,12,code,问答游戏
0x7AB78,14,code,小樱视力测试
0x7AB90,6,code,……？
0x7ABB0,11,code,待办列表
0x7ABD4,13,code,通知列表
0x7ABEC,6,code,骰子
0x7AC08,3,code,3分
0x7AC14,7,code,热水3分
0x7AC24,3,code,4分
0x7AC30,7,code,热水4分
0x7AC40,3,code,5分
0x7AC4C,7,code,热水5分
0x7AC5C,14,code,古朗基语转换
0x7AC74,20,code,半决赛游戏
0x7AC94,10,code,重力语转换
0x7ACA8,26,code,注意用词
0x7ACCC,36,code,要有作为测试者的自觉
0x7ACFC,26,code,多为他人着想
0x7AD20,34,code,那种游戏方式不太好
0x7AD4C,13,code,CompJapan功能
0x7AD64,4,code,欺诈
0x7AD74,16,code,清空回收站
0x7AD90,2,code,空
0x7AD9C,30,code,清除「最近使用的文件」
0x7ADC4,10,code,鸡肋功能
0x7ADD8,26,code,清除图标缓存
0x7ADFC,26,code,清除字体缓存
0x7AE20,18,code,刷新内存
0x7AE3C,2,code,谜
0x7AE48,10,code,校准时钟
0x7AE5C,26,code,校准时钟
0x7AE80,12,code,使用率图表
0x7AE98,38,code,人格/外壳/对话框使用率分布
0x7AEC8,21,code,人格使用率 - 合计
0x7AEE8,38,code,人格使用率分布（全进程合计）
0x7AF18,21,code,人格使用率 - 个别
0x7AF38,20,code,人格使用率分布
0x7AF58,14,code,对话框使用率
0x7AF70,20,code,对话框使用率分布
0x7AFAC,57,code,"\![enter,passivemode]\0\s5视力检查专\w8区。\w8\w8\n\n"
0x7AFF0,75,code,\s0接下来我会按顺序显示图形，你回答缺口在哪个方向。\w8\w8
0x7B044,27,code,\1\s0就是普通的视力检查。\x
0x7B068,57,code,"\c\s5那么，开始吧～。\w8\w8\![raise,OnEyesightgameNext,0]"
0x7B0C8,51,code,"好的。\![open,inputbox,OnEyesightgameInput,15000]"
0x7B120,2,code,右
0x7B12C,4,code,右
0x7B13C,219,code,"\0\s5正确。\w8\w8\n\n……\w8\w8\w8\s[20]那么，检查结果是……\w8\w8\n\n\s5没问题！\w8你能看得见！\w8\w8\1\s0……\w8\w8\w8就这点功能吗。\w8\w8\0\n\n乌纽别多嘴！\![leave,passivemode]"
0x7B220,61,code,"\0\s8……\w8\w8\1\s0……\w8\w8\0\n\n……\![leave,passivemode]"
0x7B27C,23,code,\0\s5正确。\w8\w8\n\n
0x7B29C,27,code,\0\s5答对了。\w8\w8\n\n
0x7B2C0,17,code,\1\s0哦哦。\w8\w8
0x7B2DC,33,code,\0\s5你很懂嘛。\w8\w8\n\n
0x7B308,2,code,第
0x7B314,20,code,题，通过！\w8\w8
0x7B358,51,code,\0\s8……\w8\w8看来不想回答……\w8\w8好。\w8\w8\n\n
0x7B3A4,27,code,\0\s5时间到。\w8\w8\n\n
0x7B3C8,15,code,\0\s8……\w8\w8
0x7B3E0,18,code,吗……\w8\w8\n\n
0x7B3FC,27,code,\0\s5不对～。\w8\w8\n\n
0x7B420,19,code,\1\s1嘿嘿嘿。\w8\w8
0x7B43C,34,code,\0\s5真遗憾。\w8欢迎再来！
0x7B4A8,54,code,"\0\s0那么，\s5开始吧。\w8\w8\![raise,OnQuizNext]"
0x7B4FC,7,code,\0\s0第
0x7B50C,14,code,题。\w8\w8\n\n
0x7B524,24,answer,兰氏环
0x7B548,63,code,\0\s0视力检查时常使用这种图。\w8\w8\n\n它的正式名称是？
0x7B590,64,answer,田代家的小公主们
0x7B5DC,214,code,\0\s0FC红白机最火的时候，曾推出过不少和艺人联动的游戏。\w8\w8\n\n如今已经以怪咖人设站稳脚跟的田代政，当时也出过一款FC游戏。\w8\w8\n\n\s5这款游戏的标题是什么？
0x7B6BC,32,answer,Crystal King
0x7B6E8,58,code,\0\s0暗黑要塞的 BGM 乐队叫什么名字？
0x7B72C,44,answer,电脑战士多边兽
0x7B764,202,code,\0\s0\0\s0就因为部分不懂事的小孩稍微晕倒，以后同样的特效就不能用了，每次看电视时都会出现请保持距离观看之类的烦人字幕，久米宏还会莫名其妙地情绪激动，
0x7B838,101,code,宝可梦第38集给动画界带来了难以言喻地负面影响。\w8\w8\n\n\s5这一集的副标题是什么？
0x7B8A8,10,answer,120分
0x7B8BC,56,code,\0\s5Beta录像带L-500的βII模式录制时间是多少分钟？
0x7B900,68,answer,ナルエリンコゲートポイントパーサー
0x7B950,68,answer,ヌルエリンコゲートポイントパーサー
0x7B9A0,60,answer,Null Erinco Gate Point Pursuer
0x7B9E8,114,code,\0\s0让高机动幻想秒变垃圾游戏的菜鸟救星武器\w4 N.E.P。\w8\w8\n\n这把武器的正式名称是？\w8\w8\n\n
0x7BA64,112,code,\s5啊，顺便说下，请用英文回答，不加连字符、中点等多余符号。\w8\w8\1\s0片假名也行，姑且算吧。
0x7BB70,44,code,\b[2]\0\s[20]菜单……\w8\w8\s0好。\n\n
0x7BBA8,142,code,"\b[2]\![enter,passivemode]\0\s5\_s小樱问答。\_s\w8\1\s0\n\n简称「小樱打」。\w8\w8\0\n\n……\w8\w8\s8不不，那绝对不对……\w8\w8\n\n"
0x7BC40,30,code,"\![*]\q[说明,OnQuizTutorial]\n"
0x7BC7C,10,code,\![*]\q[第
0x7BC90,15,code,"题,OnQuizStart,"
0x7BCA8,3,code,]  
0x7BCB4,10,code,\_q○\_q\n
0x7BCC8,25,code,"\![*]\q[退出,OnQuizLeave]"
0x7BD04,85,code,\0\s[20]我来出题，你输入答案。\w8\w8\n\n\s5就是普通的问答游戏呢。\w8\w8\n\n
0x7BD64,45,code,\1\s0有时间限制，注意点哦。\w8\w8\n\n
0x7BD9C,83,code,\0\s5顺便说下，这可不是选择题那种轻松的事，做好心理准备吧。\w8\w8\n\n
0x7BDF8,13,code,\1\s0嘿嘿嘿。
0x7BE4C,75,code,"\![leave,passivemode]\0\s0那么，就到这里吧。\w8\w8\n\n\s5辛苦了。\e"
0x7BEBC,27,code,\0\s8好可惜啊~\w8\w8\n\n
0x7BEE0,41,code,\0\s8哎呀呀……\w8\w8不行。\w8\w8\n\n
0x7BF14,71,code,\c\0\s5结——\w8束——。\w8\w8辛苦了。\w8\w8\1\s0辛苦啦。\w8\w8
0x7BF64,28,code,\0\s[20]结果是……\w8\w8\n\n
0x7BF8C,6,code,10题中
0x7BF9C,8,code,题正确，
0x7BFB0,15,code,花费的时间是
0x7BFC8,16,code,毫秒。\w8\w8\n
0x7BFE4,16,code,每题大约 
0x7C000,22,code,毫秒呢。\w8\w8\n\n
0x7C060,59,code,\s0啊。\w8\s5记录更新。\w8\w8\n\n恭喜！
0x7C0A4,27,code,\0\s4……\w8\w8没干劲？
0x7C0C8,37,code,\0\s8……\w8\w8嘛，再加油吧……
0x7C0F8,46,code,\1\s0还行吧。\w8\w8\0\s5下次加油哦。
0x7C130,61,code,\0\s0没能刷新记录……\w8好。\w8\w8\n\n\s5下次加油哦。
0x7C178,65,code,\0\s0（看到这条消息的人处于Mercury Rising状态）\e
0x7C1D0,64,code,"好，回到标题了哦。\w8\w8\![raise,OnTypinggameEnter,return]"
0x7C25C,60,code,"\0\s0那么，\s5开始吧。\w8\w8\![raise,OnTypinggameNext]"
0x7C314,24,code,然后……\w8\w8\n\n\s0\_q
0x7C3A4,39,code,\0\s[20]菜单……\w8\w8\s0好。\n\n
0x7C3D4,141,code,"\![enter,passivemode]\0\s5\_s小樱打字。\_s\w8\1\s0\n\n简称「小樱打」。\w8\w8\0\n\n……\w8\w8\s8不，那有点……\w8\w8\n\n"
0x7C46C,36,code,"\![*]\q[说明,OnTypinggameTutorial]\n"
0x7C524,31,code,"\![*]\q[退出,OnTypinggameLeave]"
0x7C56C,115,code,\0\s[20]首先我会说出要打的文本，你用键盘输入。\w8\w8\n\n\s5就是普通的打字游戏呢。\w8\w8\n\n
0x7C5E8,41,code,\1\s0有时间限制，注意点哦。\w8\w8
0x7C61C,71,code,\0\s0成绩会保存下来，所以加油留下好成绩吧。\w8\w8\n\n
0x7C66C,103,code,\s5啊，还有，难度可能有点离谱，所以烦躁的时候最好别玩……\n\n\w8\w8
0x7C6DC,33,code,\1\s0……\w8\w8这叫有点吗。
0x7C784,29,code,\0\s0下载中。\e
0x7C7AC,27,code,\0\s0开始下载。\e
0x7C7EC,56,code,\0\s4不要。\w8\w8\1\s0……\w8\w8不，这样真的没问题吗。
0x7C84C,9,code,\0\s0……
0x7C874,53,code,\0\s0\1\s1梅德尔，又有一颗星星消失了……\0\s4……
0x7C8FC,28,code,\0\s0updates2.dau 开始创建。
0x7C940,13,code,\0\s0结束。
0x7C99C,20,code,头条。\n\n
0x7C9BC,25,code,\q0[][下一页]  \q1[
0x7C9E0,38,code,][去看看]  \q2[hscancel][不去]
0x7CA38,38,code,][去看看]  \q1[hscancel][不去]
0x7CA78,22,code,\1\s0\b2继续啊。\n\n
0x7CABC,20,code,头条。\n\n
0x7CADC,20,code,\0\s0\b2继续。\n\n
0x7CB1C,35,code,\1\s1……\w8\w8这网络怎么了……
0x7CB60,50,code,\0\s4……\w8\w8不行……\w8\w8\1\s0破网络。\e
0x7CBB4,70,code,\0\s4……\w8\w8不行……\w8\w8\1\s0头条传感器好像有点旧了。
0x7CC24,17,code,\1\s1没有更新。
0x7CC40,17,code,\0\s0没有更新。
0x7CC8C,21,code, 获取数据中。\e
0x7CCD8,65,code,\0\s0已经拉进黑名单了。\w8\w8\1\s0南——\w4无——。\e
0x7CD54,2,code,る
0x7CD60,2,code,い
0x7CD6C,36,code,\0\s0暂且先记仙境传说日记\n\n\_q
0x7CD9C,15,code,\_q\n\n接收中。
0x7CDB4,24,code,\0\s0烂橘子\n\n\_q
0x7CDD8,53,code,\0\s0G高达中火神炮定位的文件\n\n\_q
0x7CE18,48,code,\0\s0妈妈那天离家出走的文件\n\n\_q
0x7CE54,17,code,的文件\n\n\_q
0x7CE70,52,code,\0\s0从今天起，我决定开始记仙境传说日记\n\n\_q
0x7CEE8,18,code,\_q\n\n的MD5校验。
0x7CF6C,13,code,\0\s0一致。\e
0x7CFAC,19,code,\0\s3……\w8\w8？\e
0x7CFE0,23,code,\0\s0连接服务器～。\e
0x7D02C,46,code,\0\s3……\w8\w8\1\s0……\w8\w8好悲伤啊。
0x7D064,69,code,\0\s[20]更新完成……\w8\w8好。\w8\w8\s5\n\n可能稍微变聪明了点。
0x7D12C,32,code,\0\s8……\w8\w8\1\s0破网络。
0x7D16C,42,code,\0\s8……\w8\w8\1\s0上传失败了呢。
0x7D1A0,34,code,\0\s8……\w8\w8\1\s0破服务器。
0x7D1DC,77,code,\0\s[20]……\w8\w8啊。\w8\w8\n\n本体的版本好像太旧了……\w8\w8\w8
0x7D234,25,code,\1\s0现在我们得 period 
0x7D258,84,code, 以上的版本才能运行。\w8\w8\0\s0\n\n所以，先换个本体吧。
0x7D2D0,11,code,\0\s3好慢。
0x7D2F8,11,code, 连接～。
0x7D30C,78,code,天以来的更新开始～。\w8\w8\1\s0……\w8\w8你每次都在数天数吗，%selfname。
0x7D394,2,code,年
0x7D3A0,2,code,月
0x7D3AC,2,code,日
0x7D3B8,2,code,时
0x7D3C4,2,code,分
0x7D3D0,9,code,秒。\w8\n
0x7D3FC,11,code,秒。\w8\n\n
0x7D410,53,code,\0\s0……\w8\w8\s7喂，白跑一趟吗——！\1\s1冷静点！
0x7D450,68,code,\6\0\s0既然如此，我就擅自修正了。\w8\w8\1\s0……\w8\w8真的没问题吗？
0x7D4B8,50,code,\0\s3……\w8\w8好慢……\w8\w8\1\s0破网络……
0x7D51C,22,code,……\w8\w8破服务器……
0x7D54C,21,code,\0\s0……\w8\w8什么？
0x7D57C,63,code,……\w8\w8被踢了……\w8\w8\1\s0密码什么的错了？
0x7D61C,4,code,封/
0x7D62C,13,code,字节\_q\n\n
0x7D644,14,code,新邮件，
0x7D65C,10,code,件到了。
0x7D688,25,code,\0\s0没有新邮件。
0x7D6AC,16,code,来信了哦。
0x7D6C8,65,code,\1\s0没有新邮件。\w8\w8\0\s0没有新的%mz。
0x7D728,22,code,连接邮件服务器～。
0x7D748,22,code,连接邮件服务器。
0x7D780,25,code,\0\s0开始安装。\e
0x7D7DC,26,code,\0\s0\1\s0\0人格\n\n「
0x7D800,4,code,」\n
0x7D810,2,code,「
0x7D81C,6,code,」\n\n
0x7D82C,22,code,安装完成。\e
0x7D84C,26,code,」\n\n安装完成。
0x7D880,24,code,\0\s0\1\s0\0外壳\n\n「
0x7D8B4,26,code,\0\s0\1\s0\0对话框\n\n「
0x7D8D8,28,code,」\n\n安装完成。\e
0x7D910,28,code,\0\s0\1\s0\0Plugin\n\n「
0x7D938,14,code,\0\s0\1\s0\0「
0x7DA24,4,code,天气
0x7DA60,4,code,搜索
0x7DAA8,6,code,卡片
0x7DAE0,4,code,设置
0x7DBB0,14,code,系统运行时间
0x7DC08,8,code,本体设置
0x7DC68,14,code,浏览器
0x7DCB0,8,code,回收站空
0x7DCF8,18,code,最近使用的文件
0x7DD14,6,code,清除
0x7DD5C,22,code,清除图标缓存
0x7DDC0,10,code,IP地址
0x7DE98,8,code,骰子
0x7DED4,15,code,\0\s4……\w8\w8
0x7DEEC,2,code,？
0x7DEF8,11,code,\0\s4……？
0x7DF20,19,code,\0\s1……\w8\w8唔。
0x7DF3C,6,code,樋上至
0x7DF4C,58,code,\0\s4……\w8\w8不，还是算了吧，是樋上至。\w8\w8\1\s0……
0x7DFAC,14,code,……\w8\w8好。
0x7DFC4,33,code,……\w8\w8好。\1\s0搞错了哦。
0x7DFF0,39,code,地藏……\w8\w8好。\1\s0……\w8\w8地藏？
0x7E020,49,code,"\![open,browser,https://www.baidu.com/s?wd="
0x7E05C,18,code,&ie=gbk]
0x7E094,76,code,\0\s0唔。\w8\w8\n\n\s5内存刷新时间到！\w8\w8\n\n
0x7E0EC,37,code,\1\s0别把机器搞死机就好。\w8\w8
0x7E11C,60,code,\0\s5那种事嘛，随便向什么神祈祷一下吧！\w8\w8\w8\n\n
0x7E164,54,code,"\s0那么，开始吧。\x\![raise,On_RefreshMemoryExecute]"
0x7E1C4,71,code,\0\s[20]……\w8\w8好。\w8\w8\n\n\s5内存刷新完成！\w8\w8\n\n
0x7E214,41,code,\1\s0还好机器没死机。\w8\w8\n\n
0x7E248,52,code,\0这样一来，机器运行可能变得更顺畅了！\w8\w8\n\n
0x7E288,39,code,\1\s0我觉得只是心理作用吧。\w8\w8\n\n
0x7E2B8,34,code,\0乌纽别多嘴！
0x7E2F4,109,code,"\0\s[20]获取IP地址中……\w8\w8\n\n\![execute,http-get,""http://usada.sakura.vg/ip.php""]\![raise,On_IP_got]"
0x7E394,25,code,\0\s0获取完成。\w8\w8\n\n
0x7E3C8,16,code,哦。\w8\w8\n\n
0x7E3E4,32,code,要复制到剪贴板吗？\n\n
0x7E410,36,code,"\![*]\q[好的,executecopyipaddress]\n"
0x7E440,24,code,"\![*]\q[不用了,cancel]\n"
0x7E464,42,code,\0\s4……\w8\w8获取失败。\w8\w8\1\s1唔。
0x7E4C8,29,code,\0……\w8\w8\s1小心哦。
0x7E4F0,29,code,\0……\w8\w8\s4小心哦。
0x7E52C,42,code,\0\s0嗯。\w8\w8\n\n\s5完全没问题哦。
0x7E560,46,code,\0\s0嗯。\w8\w8\n\n\s5可能有点累了……
0x7E598,68,code,\0\s0……\w8\w8\w8\w8\s5能让我稍微睡会的话我会很开心的。
0x7E5E8,118,code,"\1\s0……行吗？\w8\w8\w8\w8\n\n那，我不客气了。\w8\w8\n\n\s2那再见……\w8\w8\![set,windowstate,minimize]"
0x7E668,45,code,"\1\s3……！\w8\w8\![set,windowstate,minimize]"
0x7E6A0,87,code,"\0\s8被嫌弃碍事了……\w8\w8\1\s0……\w8\w8别这么说啊。\w8\![set,windowstate,minimize]"
0x7E700,74,code,"\![set,windowstate,stayontop]\0\s5嗯。\w8\w8\n\n好，我这就到前面来。"
0x7E754,90,code,"\![set,windowstate,!stayontop]\0\s8哎呀呀……\w8\w8碍事了吗。\w8\w8\1\s0真是悲伤的故事……"
0x7E7C8,16,code,\1……\w8\w8唔。
0x7E7E4,19,code,\0……\w8\w8\s1唔。
0x7E800,19,code,\0……\w8\w8\s0嗯？
0x7E830,27,code,\0\s4……\w8\w8不去吗？
0x7E86C,47,code,\0\s0嗯。\w8\w8\n\n\s5那，我从现在起数3分钟哦。
0x7E8A4,58,code,\0\s1诶……\w8\w8好，\w4\s0那，我从现在起重新数3分钟吧。
0x7E900,47,code,\0\s0嗯。\w8\w8\n\n\s5那，我从现在起数4分钟哦。
0x7E938,58,code,\0\s1诶……\w8\w8好，\w4\s0那，我从现在起重新数4分钟吧。
0x7E994,47,code,\0\s0嗯。\w8\w8\n\n\s5那，我从现在起数5分钟哦。
0x7E9CC,58,code,\0\s1诶……\w8\w8好，\w4\s0那，我从现在起重新数5分钟吧。
0x7EA10,64,code,"\![enter,passivemode]\0\s5设置完成后请点 OK 按钮哦。"
0x7EA78,90,code,"\s[20]清空回收站……\w8\w8好。\w8\w8\n\n\![raise,Execute,clearrecyclebin]\s5搞定了。"
0x7EADC,109,code,"\s[20]清除最近使用的文件……\w8\w8好。\w8\w8\n\n\![raise,Execute,clearrecentdirectory]\s5搞定了。"
0x7EC28,23,code,\0\s0通知列表。
0x7EC48,19,code,\0\s5要试着掷下吗？
0x7EC84,63,code,\0\s[20]复制IP地址……\w8\w8好。\w8\w8\n\n\s5搞定了。
0x7ECE4,21,code,\0\s0待办列表。
0x7ED04,101,code,"\s[20]清除图标缓存……\w8\w8好。\w8\w8\n\n\![raise,Execute,updateexplorer]\s5搞定了。"
0x7ED74,49,code,\0\s[20]当前 OS 的连续运行时间是……\w8\w8\n\n\s0
0x7EDB0,4,code,小时
0x7EDC0,2,code,秒
0x7EDCC,6,code,。
0x7EDEC,68,code,\0\s5知道古朗基语可真内行啊。\w8\w8\1\s1嘿嘿嘿。
0x7EE4C,60,code,\0\s5知道重力语可真宅啊。\w8\w8\1\s1……
0x7EEA8,24,code,\0\s8……\w8\w8\1\s0……
0x7EF08,31,code,\s[20]游戏……\w8\w8\s0好。\n
0x7EF30,58,code,"\![*]\q[小樱打字,OnTypinggameEnter]\_q - New!\_q\n"
0x7EF74,45,code,"\![*]\q[小樱打字,OnTypinggameEnter]\n"
0x7EFAC,35,code,"\![*]\q[小樱问答,OnQuizEnter]\n"
0x7EFD8,34,code,"\![*]\q[小樱视力测试,eyesight]\n"
0x7F004,26,code,"\![*]\q[取消,cancel]"
0x7F068,17,code,\0\s0哪一个？\n
0x7F084,52,code,"\![*]\q[人格使用率 - 合计,rateofusegraphtotal]\n"
0x7F0C4,53,code,"\![*]\q[人格使用率 - 个别,rateofusegraphsingle]\n"
0x7F104,47,code,"\![*]\q[对话框使用率,rateofusegraphballoon]\n"
0x7F1C0,20,code,\b[2]\0\s0怎么了？\n
0x7F1E0,22,code,"\![*]\q[搜索,google]\n"
0x7F200,27,code,"\![*]\q[天气预报,weather]\n"
0x7F224,26,code,"\![*]\q[校准时钟,sntp]\n"
0x7F28C,22,code,"\![*]\q[骰子,dice]\n"
0x7F2AC,86,code,"\![*]\q[3分,timer3minutes]／\q[4分,timer4minutes]／\q[5分,timer5minutes]\_q计时\_q\n"
0x7F30C,31,code,"\![*]\q[古朗基语转换,jtogg]\n"
0x7F334,27,code,"\![*]\q[重力语转换,jtogv]\n"
0x7F358,34,code,"\![*]\q[CompJapan功能,compjapan]\n"
0x7F384,38,code,"\![*]\q[OS的连续运行时间是？,ostime]\n"
0x7F3B4,47,code,"\![*]\q[这台机器的IP地址是？,ipaddress]\n"
0x7F3EC,43,code,"\![*]\q[清空回收站,clearrecyclebin]\n"
0x7F420,62,code,"\![*]\q[清除「最近使用的文件」,clearrecentdirectory]\n"
0x7F468,52,code,"\![*]\q[清除图标缓存,updateexplorer]\n"
0x7F4A8,52,code,"\![*]\q[清除字体缓存,clearfontcache]\n"
0x7F4E8,46,code,"\![*]\q[刷新内存,On_RefreshMemory]\n"
0x7F538,69,code,\0\s[20]清除字体缓存……\w8\w8好。\w8\w8\n\n\s5搞定了。
0x7F59C,29,code,\0\s0请输入要搜索的词语。
0x7F5EC,112,code,"\0\s0开始查询天气～。\![execute,http-get,""http://tenki.www.infoseek.co.jp/yoho/y4410.html""]\![raise,OnWeather]"
0x7F688,37,code,\0\s0就是关于操作方法之类的说明。\n\n
0x7F6B8,30,code,"\![*]\q[基础,tutorial_basic]\n"
0x7F6E0,40,code,"\![*]\q[安装教程,tutorial_install]\n"
0x7F714,37,code,"\![*]\q[快捷键教程,tutorial_hotkey]\n"
0x7F744,43,code,"\![*]\q[樱的特色元素,tutorial_sakura]\n"
0x7F778,27,code,"\![*]\q[返回,tutorial_quit]"
0x7F7B4,117,code,"\0\s0随便弄弄，大概总会有办法的。\w8\w8\1\s0……\w8\w8不，这样真的没问题吗。\x\![raise,OnChoiceSelect,tutorial]"
0x7F84C,35,code,\0\s5以下是我特色元素的说明。\n\n
0x7F878,71,code,"\![*]\q[关于几个难懂的元素,tutorial_sakura_difficult]\n"
0x7F8C8,22,code,"\![*]\q[返回,tutorial]"
0x7F90C,49,code,\0\s0呃——。\w8\w8\n\n首先，这只适用于 w2k，
0x7F948,94,code,时钟和模拟时钟之类的，都可以拖动到你喜欢的位置。\w8\w8\n\n
0x7F9B0,47,code,\1\s0放在不碍事的位置就好。\w8\w8\n\n
0x7F9E8,90,code,\0\s0还有，双击即可恢复到默认位置。\w8\w8\n\n\s5好好布置一下吧。\w8\w8
0x7FA4C,51,code,\1\s0嘛，实在碍事的话也可以关掉。\x
0x7FAD8,41,code,\0\s[20]安装……\w8\w8\s0好。\n\n
0x7FB38,44,code,"\![*]\q[安装,tutorial_install_dnd]\n"
0x7FBC4,72,code,\0\s[20]所谓的 nar，就是这个程序用的数据文件的名字。\w8\w8
0x7FC18,107,code,\n\n\s0基本上，无论是什么内容，都一定会打包进一个 nar 文件里，扩展名是 .nar。\w8\w8\w8
0x7FC8C,184,code,\1\s0无论是什么人格、外壳，发布时都会变成 nar 格式。\w8\w8\n\n也就是说，在用户桑的仓库目录里，nar 文件会整整齐齐排成一排。\w8\w8
0x7FD50,20,code,\0\n\n就是这么回事。
0x7FDC4,126,code,\0\s[20]呃……\w8\w8\n\n\s0把想要安装的 nar 文件拖放到我这里，安装就完成了。\w8\w8
0x7FE4C,15,code,\1\s0很简单吧。
0x7FE84,187,code,\0\s0有个比较特殊又很方便的功能，直接把 URL 直接拖放（DnD）到我这里，就会从服务器下载该文件，甚至还能直接完成安装。\w8\n\n这就是 URL DnD。\w8\w8
0x7FF48,35,code,\1\s0最近这已经成为主流了呢。\w8\w8
0x7FF74,195,code,\0\n\n只要从浏览器拖拽链接过来就行，所以更加简单。\w8\w8\n\n顺便说下，下载的文件默认会保存在主目录下的 nar 文件夹里。\w8\w8
0x80040,116,code,\1\n\n唯一的缺点是……\w8\w8没有断点续传之类的功能，所以如果网速慢的话就比较那个了。\w8\w8
0x800C0,35,code,\0\s1\n\n嘛，就这一点稍微有点……
0x80104,174,code,"\0\s[20]快捷键……\w8\w8\s0好。\n\n\![*]\q[CTRL+SHIFT+F12,tutorial_hotkey_f12]\n\![*]\q[CTRL+SHIFT+DEL,tutorial_hotkey_del]\n\![*]\q[CTRL+SHIFT+INS,tutorial_hotkey_ins]\n"
0x801D8,143,code,"\0\s0\_qCTRL+SHIFT+F12\_q 可以恢复到默认位置。\w8\w8\1\s0角色飞到画面外的时候，就用这个。\x\![raise,OnChoiceSelect,tutorial_hotkey]"
0x8028C,111,code,"\0\s0\_qCTRL+SHIFT+DEL\_q 是关闭对话框。\w8\w8\1\s0这是基础操作吧。\x\![raise,OnChoiceSelect,tutorial_hotkey]"
0x80320,130,code,"\0\s0\_qCTRL+SHIFT+INS\_q 是 SEND Box。\w8\w8\1\s0……\w8\w8嘛，这是调试用的啦。\x\![raise,OnChoiceSelect,tutorial_hotkey]"
0x803C4,60,code,"\0\s0那么，下次有需要的时候再来吧～。\![leave,passivemode]"
0x80420,12,code,「很健谈」
0x80438,8,code,「普通」
0x8044C,8,code,「沉默」
0x80460,23,code,\0\s0唔。\w8\w8\n\n现在
0x80480,30,code,是这样没啦……\n\n
0x804A8,33,code,"\![*]\q[多话,talkingrate_0]\n"
0x804D4,29,code,"\![*]\q[普通,talkingrate_1]\n"
0x804FC,29,code,"\![*]\q[沉默,talkingrate_2]\n"
0x80524,32,code,\![*]\q3[quit][还是不换]
0x80568,25,code,\0\s4……\w8\w8会腻哦？
0x805A4,93,code,\0\s[20]……\w8\w8普通之类的最难了呢。\w8\w8\1\s0……\w8\w8别这么说啊。
0x80624,44,code,\0\s0……\w8\w8\w8\n\n\s1……\w8\w8\1\s1……
0x806A8,57,code,\0\s5可能已经不算新闻的新闻。\n\n
0x806EC,56,code,"\![*]\q[有点甩卖的气氛,On_Newscore,xbox_tatakiuri]\n"
0x80730,59,code,"\![*]\q[选仙境传说还是选这个,On_Newscore,shininglore]\n"
0x80774,53,code,"\![*]\q[类型：说教,On_Newscore,metalgearsolid2]\n"
0x807B4,42,code,"\![*]\q[不知道啦,On_Newscore,klez]\n"
0x807E8,49,code,"\![*]\q[「这个」网游,On_Newscore,kono_netoge]\n"
0x80824,42,code,"\![*]\q[战斗机,On_Newscore,sentouki]\n"
0x80858,56,code,"\![*]\q[心跳商法的后继者,On_Newscore,tokimekityping]\n"
0x8089C,35,code,"\![*]\q[狂人,On_Newscore,kyoujin]\n"
0x808C8,44,code,"\![*]\q[影清桑,On_Newscore,kagekiyo]\n"
0x80900,59,code,"\![*]\q[难道没有真伪之前的问题吗,On_Newscore,mandarake]\n"
0x80944,49,code,"\![*]\q[天堂最大的谜团,On_Newscore,lineage]\n"
0x80980,53,code,"\![*]\q[验证宝可梦骚动,On_Newscore,porigon]\n"
0x809C0,45,code,"\![*]\q[数码桑,On_Newscore,digitaltv]\n"
0x809F8,49,code,"\![*]\q[价格暴跌之谜2,On_Newscore,tokimemo32]\n"
0x80A34,43,code,"\![*]\q[T-ZONE魔法,On_Newscore,tzone]\n"
0x80A68,46,code,"\![*]\q[麦当劳叔叔魔法,On_Newscore,donald]\n"
0x80AA0,39,code,"\![*]\q[Kiss You,On_Newscore,kissyou]\n"
0x80AD0,34,code,"\![*]\q[良雄,On_Newscore,yoshio]\n"
0x80AFC,43,code,"\![*]\q[巴尼桑,On_Newscore,ba-nili]\n"
0x80B30,59,code,"\![*]\q[青少年有害社会环境对策基本法2,On_Newscore,war1]\n"
0x80B74,32,code,"\![*]\q[萝莉,On_Newscore,loli]\n"
0x80BA0,45,code,"\![*]\q[挂人,On_Newscore,tbssarashiage]\n"
0x80BD8,39,code,"\![*]\q[.hack 桑,On_Newscore,.hack]\n"
0x80C08,39,code,"\![*]\q[数码,On_Newscore,digital]\n"
0x80C38,47,code,"\![*]\q[价格暴跌之谜,On_Newscore,tokimemo3]\n"
0x80C70,44,code,"\![*]\q[怪物,On_Newscore,matsushimananako]\n"
0x80CA8,47,code,"\![*]\q[推卸责任的妈妈,On_Newscore,everquest]\n"
0x80D08,40,code,"\![*]\q[户土野,On_Newscore,todonogari]\n"
0x80D3C,57,code,"\![*]\q[阿滋漫画Web大王,On_Newscore,azumangawebdaiou]\n"
0x80DAC,45,code,"\![*]\q[艾回地狱,On_Newscore,avex0]\n"
0x80DE4,45,code,"\![*]\q[萌系烤肉店,On_Newscore,moeyakiniku]\n"
0x80E1C,47,code,"\![*]\q[PSO 模拟调制解调器,On_Newscore,psogc]\n"
0x80E54,54,code,"\![*]\q[青少年有害社会环对策基本法,On_Newscore,war0]\n"
0x80E94,64,code,"\![*]\q[古巴禁止向国民销售电脑,On_Newscore,cuba]\n"
0x80EE0,47,code,"\![*]\q[心跳,On_Newscore,tokimekibusaiku]\n"
0x80F18,83,code,"\![*]\q[PS版真2的Bug已经是非同寻常的支配者了,On_Newscore,shinmegaten2ps]\n"
0x80F74,52,code,"\![*]\q[数码子 in 龟屋,On_Newscore,dejikame]\n"
0x80FD8,180,code,\0\s0.hack 对谁来说有趣呢。\w8\w8\w8\1\s0……\w8\w8照那样子，连玩仙境传说的都会看不起吧。\w8\w8\w8\0\s[20]\n\n……\w8\w8\w8\1\s1\n\n……
0x810F8,26,code,\1\s1……！\w8\w8\0\s8……
0x8117C,89,code,\1\s0……\w8\w8\0\s0……\w8\w8嘛，\w8\n\n按惯例这次也没什么好期待的游戏性就是了。
0x81244,202,code,\1\s1铺得太开收不回来的剧本\w8\n说教味太浓\w8\n花园篇的爱情喜剧\w8\n突如其来的超自然路线\w8\n全是事件\w8\n说明太长\0\s7虽然没玩过这个游戏但感觉太真实了！\w8赞同！
0x81368,64,code,\0\s0怎么说你好呢还信 from 什么的。\1\s1嘛，是啊。
0x8140C,70,code,\0\s0……\w8\w8\1\s1……\w8\w8\w8\w8\0\n\n嘛，总之就是这么回事吧。
0x814A8,26,code,\0\s0……\w8\w8\1\s1……！
0x81530,68,code,\0\s0……\w8\w8真的有客人吗。\w8\w8\1\s1……\w8\w8谁知道呢。
0x815DC,24,code,\0\s0……\w8\w8\1\s1……
0x8165C,63,code,\0\s0……\w8\w8\1\s1……\w8\w8\w8\w8\0\n\n影清，\w8是什么。
0x81700,24,code,\0\s8……\w8\w8\1\s1……
0x81778,24,code,\0\s4……\w8\w8\1\s1……
0x81BA0,198,code,\0\s8「我们（客人等）过去玩的外面的游戏更有趣」\w8「与其玩宝可梦不如去外面玩更好」\w8这种老套又千篇一律的评论。\w8\w8\1\s1因为是笨蛋嘛。
0x81CC8,109,code,\0\s0……\w8\w8倒不如说反过来，要是能卖才奇怪呢。\w8\w8\w8\n\n\s\1\s0完全没有能卖的理由嘛。
0x81D8C,54,code,\0\s8……\w8\w8\1\s0……\w8\w8\w8\w8\0\n\n太勉强了。
0x81E24,78,code,\0\s[20]……\w8\w8\1\s0……\w8\w8\w8\w8\s1麦当劳叔叔魔法。\0\n\n别吵了。
0x81EB8,50,code,\0\s[20]……\w8\w8\1\s0……\w8\w8\w8\w8\s1好厉害。
0x81F50,27,code,\0\s[20]……\w8\w8\1\s0……
0x81F84,164,code,\0\s[20]听说是呢，\w8机战里巴尼还挺强的……\w8\w8\1\s0……\w8\w8\w8\w8\0\n\n……\w8\w8我觉得强了反而不妙……
0x8208C,163,code,\0\s[20]一旦这样随随便便地危机就过去了的话，\w4下次也\w8「嘛放着不管总会有办法的」\w8\w8就糊弄过去了，感觉有点不妙呢……\w8\w8\1\s1……
0x82184,27,code,\0\s[20]……\w8\w8\1\s1……
0x82204,126,code,\0\s0这里曾经有人把Sugar抽奖送的电话卡放上雅虎拍卖的，被曝光出来了。\w8\w8\1\s1不过现在已经删掉了。
0x822D8,103,code,\w8\w8\w8\w8\1\s1高清啊双向啊，光靠这种妄想就想让那么贵的电视卖出去的话就不用辛苦了……
0x82394,65,code,\0\s0……\w8\w8\1\s1……\w8\w8\w8\w8\w8\w8\0\n\n50本，\w8是什么。
0x824F0,87,code,\0\s0……\w8\w8\w8\w8\1\s0……\w8\w8\0\s0\n\n……\w8\w8无法评论的新闻太多了。
0x8256C,131,code,\0\s0……\w8\w8阿滋漫画Web大王，是被当作没发生过吗。\w8\w8\w8\w8\1\s0……\w8\w8我觉得内容已经够格成为传说了。
0x82648,59,code,\0\s0……\w8\w8\w8\w8\1\s0……\w8\w8\0\s0\n\n……\w8\w8谁？
0x826EC,44,code,\0\s8……\w8\w8\w8\w8\1\s0……\w8\w8好厉害。
0x82768,74,code,\1\s0萌烤肉店。\w8\w8\0\s0……\w8\w8\w8\w8\1\n\n……\w8\w8萌萌呢。
0x827F4,181,code,\0\s8……\w8\w8模拟调制解调器呢。\w8\w8\1\s0……\w8\w8模拟调制解调器啊。\w8\w8\0\n\n嗯。\w8\w8\n\n模拟调制解调器。\w8\w8\w8\w8\1\s1\n\n……\w8\w8这是几年前的买卖啊，这个。
0x828C8,165,code,\j[http://village.infoweb.ne.jp/~fwnw7883/notions.html]\v\0\s[20]该怎么说呢……\w8\w8\w8\w8\n\n\s0就像隐藏番长一样。\w8\w8\1\s0……\w8\w8嘛，就那种感觉吧。
0x829D4,52,code,\0\s8……\w8\w8\w8\w8\1\s0……\w8\w8攻击刀。
0x82A74,70,code,\0\s8……\w8\w8\1\s0……\w8\w8\w8\w8\0\n\n怎么办。\1\n\n不知道。
0x82B28,76,code,\0\s0……\w8\w8硬来的国家做的事就是不一样……\w8\w8\1\s0……\w8\w8嗯。
0x82BD4,120,code,\0\s0「不知道」\w8或「无所谓」\w8被糊弄过去也困扰。\w8\w8\1\s0这是战争。\w8\w8\n\n明白了吗？
0x82CB0,14,code,\0\s[25]……！
0x82CC8,76,code,\0\s[25]……！\w8\w8\n\n不……\w8\w8不要。\w8\w8\n\n请住手……！
0x82D20,54,code,\t\0\s[25]……！\w8\w8\w8\w8\s[-1]\b[-1]\w8\w8\w8\w8
0x82D60,60,code,\1\s0……\w8\w8就是所谓的尴尬气氛呢。\w8\w8\w8\n\n
0x82DA8,99,code,\1\s0对不太熟的人突然揉胸，被当傻瓜也没办法……\w8\w8\w8\w8\n\n
0x82E14,181,code,……\w8\w8世上有能揉的胸和不能揉的胸。\w8\w8\w8胸要在揉之前做好能揉的准备才能揉。\w8\w8\w8\w8\w8\n\n「心敞开了自然胸也能随便揉」\w8\w8\w8\n\n
0x82ED4,56,code,\s1这个，是来自乌纽桑的建议哦……\w8\w8\w8\-
0x82F48,66,code,\t\0\s[23]嗯…………\w8\w8\w8\w8\n\n啊。\w8\w8\c\b[-1]\s[-1]\w8\w8
0x82F94,54,code,\0\s5什，什么？\1\s0……\w8\w8擦擦口水啦，口水。
0x82FD4,21,code,\1\s0……\w8\w8\w8\w8
0x82FF4,56,code,\0\s5什，什么？\1\s0\n\n……\w8\w8真辛苦呢，小樱也是。
0x8305C,16,code,\0\s[22]嗯……
0x83078,16,code,\0\s[22]唔……
0x83094,18,code,\0\s[22]唔…嗯…
0x830B0,16,code,\0\s[22]啊………
0x830CC,16,code,\0\s[22]嗯………
0x830E8,18,code,\0\s[22]嗯嗯………
0x83104,66,code,\0\s[20]……！\w8\w8\w8\s5没，\w4没睡着啦！\w8\w8\1\s1……
0x83150,67,code,\1\s3没什么可疑的地方。\w8\w8\n\n只是个普通看板。
0x8319C,49,code,\0\s0嗯。\w8\w8\n\n\s5还有什么事？\w8\w8\1\s1……
0x831E8,42,code,\0\s7别戳我的脸！\1\s1冷静点！\0\n\n
0x8321C,20,code,\0\s1\1\s0\0……\n\n
0x8323C,20,code,\0\s0\1\s0\0嗯？\n\n
0x8325C,20,code,\0\s0\1\s0\0嗯。\n\n
0x8327C,30,code,"\![*]\q[差事,commandbymouse]\n"
0x832A4,35,code,"\![*]\q[游戏,game]\_q - New!\_q\n"
0x832D0,22,code,"\![*]\q[游戏,game]\n"
0x832F0,40,code,"\![*]\q[新闻,On_News]\_q - New!\_q\n"
0x83324,27,code,"\![*]\q[新闻,On_News]\n"
0x83348,56,code,"\![*]\q[推荐,On_Recommend]／\q[实用信息,On_Portal]\n"
0x8338C,34,code,"\![*]\q[教程,tutorial]\n"
0x833B8,29,code,"\![*]\q[设置,configuration]\n"
0x833E0,37,code,"\![*]\q[网络更新,On_Update]\n"
0x83410,41,code,"\![*]\q[网络更新,On_Update]\_q - "
0x83444,39,code,"\![*]\q[本体设置,configurationdialog]\n"
0x83474,39,code,"\![*]\q[切换人格,ghostexplorer]\n"
0x834A4,37,code,"\![*]\q[切换外壳,shellexplorer]\n"
0x834D4,41,code,"\![*]\q[切换对话框,balloonexplorer]\n"
0x83508,56,code,"\![*]\q[头条传感器列表,headlinesensorexplorer]\n"
0x8354C,33,code,"\![*]\q[查看邮件,On_BIFF]\n"
0x83578,38,code,"\![*]\q[使用率图表,rateofusegraph]\n"
0x835A8,100,code,"\![*]\q[置顶,stayontop]／\q[常规,!stayontop]\_l[189,-]\![*]\q[重启动 Windows,On_rebootwindows]\n"
0x83618,72,code,"\![*]\q[让开,minimize]\_l[202,-]\![*]\q[关闭 Windows,On_exitwindows]\n"
0x8366C,35,code,"\![*]\q[不累吗？,sleepylevel]\n"
0x83698,28,code,"\![*]\q[调试,On_debug]\n"
0x836C0,59,code,"\![*]\q[取消,cancel]\_l[250,-]\![*]\q[退出,terminate]"
0x83704,30,code,\1\b[2]\s0……\w8\w8什么？\n\n
0x8372C,44,code,"\![*]\q[要不让她在屋里睡？,minimize]\n"
0x83764,30,code,\1\b[2]\s3……\w8\w8什么？\n\n
0x8378C,24,code,"\![*]\q[碍事,minimize]\n"
0x837B0,62,code,\1\s0啊——。\w8\n我可没干劲，戳我也没用……\e
0x837F8,13,code,\1\s0要戳去戳
0x83810,12,code,就好了……
0x83828,21,code,\1\s0所以说——\e
0x83848,80,code,\0\s3啊啊——。\w8\n\n乌纽很危险所以最好别戳……\w8\1\s1……\e
0x838A4,49,code,\1\s1初次见面。\w8\n我是千代爸爸。\0\s3……\e
0x838E0,11,code,\1\s1……\e
0x838F4,79,code,\1\s1初次见面。\w8\n\n我是BKA（德国联邦调查局）的伦格警部。\w8\0\s3……
0x83960,31,code,\0\s0调试菜单。\n\n
0x83988,52,code,"\![*]\q[表面重载,On_debug_reloadsurface]\n"
0x839C8,31,code,"\![*]\q[去泡澡,On_debug_furo]\n"
0x839F0,47,code,"\![*]\q[闲置计数1200,On_debug_houchi1200]\n"
0x83A28,45,code,"\![*]\q[变为最困状态,On_debug_nemuku]\n"
0x83A60,52,code,"\![*]\q[变为最不困状态,On_debug_nemukunai]\n"
0x83AF8,29,code,\0\s0闲置计数加1200。
0x83B50,169,code,\0\s6……\w8\w8好。\w8\w8\w8\w8\n\n\s0相当累了呢……\w8\w8\w8\w8\n\n不管几次都不习惯啊，这个。\w8\w8\1\s0嘛，反正只是强行把数据改写掉而已。
0x83C20,173,code,\0\s6……\w8\w8好。\w8\w8\w8\w8\n\n\s0突然精神起来了……\w8\w8\w8\w8\n\n不管几次都不习惯啊，这个。\w8\w8\1\s0嘛，反正只是强行把数据改写掉而已。
0x83CF0,31,code,\0\s0真的要退出吗？\n\n
0x83D18,36,code,"\![*]\q[确定,On_exitwindows_yes]\n"
0x83D48,28,code,"\![*]\q[还是算了,cancel]\n"
0x83DA8,33,code,\0\s0真的要重启哦？\n\n
0x83DD4,38,code,"\![*]\q[确定,On_rebootwindows_yes]\n"
0x83E38,32,code,\b[2]\0\s5实用网站。\n
0x83E64,50,code,"\![*]\q[小樱导航,On_PortalSelected,sakuranavi]\n"
0x83F4C,53,code,"\![*]\q[访问 Ghost Center,On_PortalSelected,ngc]\n"
0x83F8C,44,code,"\![*]\q[萌战,On_PortalSelected,saimoe]\n"
0x841B4,34,code,\b[0]\0\s5推荐网站。\n
0x841E0,53,code,"\![*]\q[爱理 - versus NP,On_RecommendSelected,airi]\n"
0x84220,58,code,"\![*]\q[美耳 - pink revolution,On_RecommendSelected,333]\n"
0x84264,43,code,"\![*]\q[老家,On_RecommendSelected,sakura]\n"
0x84380,16,code,已切换。
0x843D4,147,code,\t\0\s1\1\s0\0……\w8\w8动了数据文件吧。\w8\w8\1\s0……\w8\w8\0\n\n……\w8\w8\w8\w8\n\n做这种事的话，我真的会生气的……
0x84470,102,code,\t\0\s1\1\s0\0……\w8\w8我，那个……\w8\w8\w8\w8\n\n……\w8\w8讨厌那样的。\w8\w8\w8\w8
0x844E0,104,code,\1\s0……\w8\w8嘛，用户桑也体谅些。\w8\w8是吧。\w8\w8\w8\w8\n\n小樱也重新振作起来？\w8\w8\w8
0x84554,43,code,\0\n\n……\w8\w8嗯。\w8\w8\s0是啊……
0x84588,58,code,\0\s0\1\s0\0哟。\w8\w8\1哟。\w8\w8\w8\w8\0\c\1\c\b[-1]
0x845E4,30,code,滚回2ch去！\1\s1冷静点！
0x8460C,80,code,\0\s3\1\s0\0唔——。\w8\n\n%ms拿着金属球棒朝这边来了……\w8\1\s0……\e
0x84668,59,code,\0\s3\1\s0\0唔——。\w8\n\n找保安去……\w8\1\s0……\e
0x846AC,27,code,\0\s3\1\s0\0唔——。\w8\n\n
0x846D0,2,code,が
0x846DC,29,code,在啃手臂……\w8\1……\e
0x84704,25,code,在啃……\w8\1……\e
0x84728,41,code,微微隆起的胸部前端……\w8\1……\e
0x8475C,27,code,心的黑暗……！？\w8\1……\e
0x84780,45,code,\0\s3\1\s0\0……\w8\w8妙鲜包……\w8\1……\e
0x847B8,67,code,\0\s3\1\s0\0……\w8\w8凶手，我已经知道了哦……\w8\1……\e
0x84804,47,code,\0\s7\1\s0\0来得及！\1\s1冷静点！\e
0x8483C,27,code,\0\s3\1\s0\0……\1\s0……\e
0x84860,112,code,\0\s3\1\s0\0……\w8\w8\1……\w8\w8喂。\w8\w8\0啊……\w8\w8\w8\w8%mz。\w8\w8\1\s0\n\n不，意义不明……
0x848DC,45,code,\0\s7\1\s0\0闭嘴睡觉去！\1\s1冷静点！
0x84914,59,code,\0\s0\1\s0\0早—上—。\w8\1……\w8\w8\0\n\n早—上—了—。\e
0x84958,105,code,\0\s0\1\s0\0傍—晚—。\w8\1……\w8\w8\0\n\n傍—晚—了—。\w8\1\n\n……\w8不好发音啊。\e
0x849CC,59,code,\0\s0\1\s0\0晚—上—。\w8\1……\w8\w8\0\n\n晚—上—了—。\e
0x84A10,59,code,\0\s0\1\s0\0中—午—。\w8\1……\w8\w8\0\n\n中—午—了—。\e
0x84A54,38,code,\0\s0\1\s0\0啊。\w8\w8\n\n最近还好吗，
0x84A84,20,code,。\w8\w8\1……\w8\w8
0x84AA4,12,code,\0\n\n今天，
0x84ABC,29,code,日的日程。\w8\n\n
0x84AE4,30,code,清晨：\w4多睡一分钟也好\w8\n
0x84B0C,32,code,早上：\w4今天又是通勤高峰\w8\n
0x84B38,32,code,白天：\w4提不起干劲工作\w8\n
0x84B64,22,code,傍晚：\w4想辞职\w8\n
0x84B84,42,code,深夜：\w4明天还要早起，得早点睡……\w8
0x84BB8,26,code,清晨：\w4不停地复印\w8\n
0x84BDC,26,code,早上：\w4一直在折页\w8\n
0x84C00,32,code,白天：\w4半睡半醒地当售货员\w8\n
0x84C2C,34,code,傍晚：\w4半睡半醒地参加庆功宴\w8\n
0x84C58,16,code,深夜：\w4……\w8
0x84C74,29,code,清晨：\w4在2ch上浪费时间\w8\n
0x84C9C,18,code,早上：\w4睡觉\w8\n
0x84CB8,18,code,白天：\w4起床\w8\n
0x84CD4,29,code,傍晚：\w4在2ch上浪费时间\w8\n
0x84CFC,27,code,深夜：\w4在2ch上浪费时间\w8
0x84D20,32,code,清晨：\w4在网游上浪费时间\w8\n
0x84D4C,32,code,傍晚：\w4在网游上浪费时间\w8\n
0x84D78,30,code,深夜：\w4在网游上浪费时间\w8
0x84DA0,28,code,清晨：\w4不如说是通宵\w8\n
0x84DC8,21,code,清晨：\w4%mz体操\w8\n
0x84DE8,52,code,清晨：\w4跟踪晨跑的老人并给他一拳\w8\n
0x84E28,54,code,清晨：\w4跟踪晨跑的老人并给他一肘\w8\n
0x84E68,40,code,清晨：\w4以为哭就能解决问题吗\w8\n
0x84E9C,22,code,清晨：\w4偷牛奶贼\w8\n
0x84EBC,22,code,清晨：\w4期货交易\w8\n
0x84EDC,20,code,早上：\w4通宵归\w8\n
0x84EFC,20,code,早上：\w4回魂酒\w8\n
0x84F1C,52,code,早上：\w4用死鱼眼收看资讯节目\w8\n
0x84F5C,36,code,早上：\w4完全不想起床\w8\n
0x84F8C,42,code,早上：\w4一掌拍碎闹钟\w8\n
0x84FC0,26,code,早上：\w4吃乌冬面\w8\n
0x84FE4,54,code,白天：\w4用死鱼眼收看笑笑也无妨\w8\n
0x85024,40,code,白天：\w4大白天就在网游上浪费时间\w8\n
0x85058,24,code,白天：\w4大白天喝酒\w8\n
0x8507C,18,code,白天：\w4睡觉\w8\n
0x85098,68,code,白天：\w4因为和山冈士郎去吃饭，结果又搞成那样……\w8\n
0x850E8,26,code,白天：\w4吃乌冬面\w8\n
0x8510C,24,code,清晨：\w4炒地皮\w8\n
0x85130,52,code,傍晚：\w4用死鱼眼看东京电视台动画\w8\n
0x85170,19,code,傍晚：\w4在游戏厅
0x8518C,9,code,连败\w8\n
0x851A0,20,code,傍晚：\w4好心酸\w8\n
0x851C0,26,code,傍晚：\w4吃乌冬面\w8\n
0x851E4,109,code,深夜：\w8%ms的事一想起来就难过……\w8睡不着……\w8\w8在床上翻来覆去……\w8\w8但还是喜欢……
0x8525C,27,code,深夜：\w4在网游上浪费时间
0x85280,42,code,深夜：\w4和%ms做这做那……
0x852B4,13,code,深夜：\w4妄想
0x852CC,21,code,深夜：\w4吃乌冬面
0x852EC,147,code,\0\s[44]\1\s0\0哟。\w8\w8\1\s1……！\w8\w8\w8\w8\0\n\n……\w8\w8啊。\w8\w8\w8\s[-1]\w8\w8\w8\w8\s8不，只是习惯了……\1\s1\n\n原来是这样啊。
0x85398,32,code,\0\s1\1\s0\0……\w8\w8掉了……
0x853C4,57,code,\0\s7\1\s0\0别写垃圾程序了！\1\s0冷静点！
0x85408,22,code,\0\s0\1\s0\0……\w8\w8
0x85428,50,code,去世了。\w8\w8\1\s0南——\w4无——。
0x85464,46,code,变成星星了。\w8\w8\1\s0南——\w4无——。
0x854AC,116,code,\1\s0……\w8\w8虽然有点可怜，但也没办法。\w8\w8\w8\w8\n\n下次再说吧。\w8\w8\n\n\s2再见啦……\w8\w8\-
0x8552C,71,code,\1去泡澡的时候结束了……\w8\w8\w8\w8\w8\w8\n\n\s1行吗？\w8\w8\-
0x8557C,30,code,\0\s0那么。\w8\1\s0再见。\w8\-
0x855A4,115,code,\0\s0嗯。\w8\w8\n\n那么，再见啦。\w8\w8\s[-1]\b[-1]\1\s1……\w8\w8那，\w4是小樱\w4最后的声音了。\w8\-
0x85620,77,code,\0\s7也考虑下这几分钟被叫出来的人的感受吧！\1\s1冷静点！\w8\-
0x8568C,52,code,\0\s0…\w4…\w4…\w4…\w8\w8\s0好了好了……\w8嗯。\e
0x856E4,43,code,\0\s4被看到了……\w8才没有！\w8\1好悲伤！\e
0x85718,6,code,\1……
0x85750,56,code,\1\s0打起精神来……\w8\0……\w8\w8\1\n\n不吗。\e
0x857B8,52,code,\0\s0……\w8\w8眼睛干了吧\w8\w8\1……\w8\w8\s0……
0x85804,62,code,\0\s0……\w8\w8要举手到什么时候？\w8\w8\1……\w8\w8\s0……
0x858B0,19,code,\0\s0壁纸——。\e
0x858E4,25,code,\0\s0啊。\w8\w8\n\n这是
0x85908,39,code,直接交给。\w8\w8\1\s0随便打开的话
0x85938,8,code,会发飙
0x8594C,21,code,会弄坏硬盘的。\e
0x8596C,36,code,会暗中发送用户信息的。\e
0x859C8,87,code,\h\s3……\w8感觉，unlha32好像死了。\w8\u\s0很基础问题呢。\e
0x85A38,87,code,\h\s3……\w8感觉，unzip32好像死了。\w8\u\s0很基础问题呢。\e
0x85A98,68,code,\h\s3……\w8感觉，这文件不行啊。\w8\u\s0是不是太旧了？\e
0x85AFC,221,code,\0\s[44]\1\s0\0哟。\w8\w8\1\s1……！\w8\w8\w8\w8\0\n\n……\w8\w8啊。\w8\w8\s[-1]\b[-1]\w8\w8\w8\w8\w8\s8不对不对。\w8\w8\w8\w8\n\n不，只是习惯了。\1\s1\n\n错太多了吧，你。\w8\w8\w8\w8\n\n\0\c\1\c\b[-1]
0x85BE4,73,code,\0\s0好了。\w8\w8\s5感谢安装。\w8\w8\w8\n\n
0x85C38,34,code,\s0我的名字是，樱。\w8\w8\w8\n
0x85C64,137,code,不知道交情会变长还是变短，总之，请多关照。\w8\w8\1\s0……\w8\w8装得跟没事一样开始了呢。\w8\w8\w8\w8
0x85CF8,133,code,\0\s0\n\n啊。\w8这边的蓝色生物是，乌纽。\w8\w8\w8\n该怎么说……\w8\w8\w8\w8\s8真是怪物啊。\1\n\n\s1……！\w8\w8\w8\w8\w8\w8
0x85D88,104,code,\0\c\1\c\b[-1]\0\s0用这个软件只有一个条件。\w8\w8\n那就是，推广它。\w8\w8\w8\n\n
0x85DFC,96,code,对 MATERIA 来说，能住进许多桌面里，是一件非常重要的事。\w8\w8\n\n
0x85E68,222,code,\s5也介绍给朋友吧，\n让朋友也变漂亮吧！\w8\w8\1\s0又来，太老套了。\w8\w8\w8\w8\0\s8\n\n话说回来，\w8不推广的话，\w8会着火的哦。\w8\w8\1\s0\n\n……\w8\w8什么啊。什么东西会着火啊……\w8\w8\w8\w8\w8\w8\0\c\1\c\b[-1]
0x85F50,131,code,\1\b[-1]\0\s[20]……\w8\w8话虽如此。\w8\w8\n\n\s5我一直在这儿，有事的话，随时点击叫我哦。
0x8601C,4,code,陽子
0x8602C,32,code,\0\s0\1\s0\_s鹰爪结束。\_s
0x86058,67,code,\0\s0\1\s0\0……\w8\w8\w8\w8那家伙，绝对不是狗。\1\s1……！
0x860A4,6,code,あると
0x860B4,74,code,\0\s0\1\s0\_s咖喱结束。\_s\w8\w8\1\n\n……\w8\w8不，这样真的没问题吗。
0x86108,8,code,花ちゃん
0x8611C,74,code,\0\s0\1\s0\_s乌冬面结束。\_s\w8\w8\1\n\n……\w8\w8不，这样真的没问题吗。
0x86170,4,code,毒子
0x86180,104,code,\0\s0\1\s0\_s低性能机器杀手结束。\_s\w8\w8\1\n\n……\w8\w8King of 资源吞噬者呢。
0x861F4,81,code,\0\s[20]\1\s0\0……\w8\w8胖了吗？\w8\w8\w8\w8\1\s0……\w8\w8\w8\w8\0\s0\n\n……
0x86250,20,code,\0\s0\1\s0\0唔……
0x86270,14,code,サンバーレイン
0x86288,136,code,\0\s[20]\1\s0\0那个人也变了呢……\w8\w8\1\s0嗯。\w8\w8\n\n以前还会发射光束什么的。\w8\w8\w8\0\s0\n\n……\w8\w8是吗。
0x8631C,6,code,ヒルデ
0x8632C,43,code,\0\s7\1\s0\0又是赤字！\1\s1冷静点！
0x86360,61,code,\0\s7\1\s0\0你真是非常规啊！\1\s1冷静点！
0x863A8,55,code,\0\s7\1\s0\0别老用卡拉萨瓦！\1\s1冷静点！
0x863E8,63,code,\0\s0\1\s0\1%mp啊……\w8\w8一切都那么怀念。\w8\w8\0\s[20]……
0x86430,46,code,\0\s4\1\s0\0你在慌慌张张地切换什么啊……
0x86468,69,code,\0\s7\1\s0\0啊，别再慌慌张张地切换了！\1\s1冷静点！
0x864B8,2,code,黑
0x864C4,34,code,\0\s0\1\s0\0……\w8\w8不黑吧？
0x86508,10,code,笨小樱
0x8651C,27,code,\0\s0\1\s0\_s笨——。\_s\w8
0x86540,14,code,凸小樱冬装
0x86558,14,code,凸小樱夏装
0x86570,10,code,凸小樱
0x86584,27,code,\0\s0\1\s0\_s凸——。\_s\w8
0x865A8,45,code,\0\s0\1\s0\0……\w8好。\w8\w8\n\n怎么样？
0x86638,39,code,\0\s[22]\1\s0……\w8\w8睡得真香呢……
0x86668,35,code,\0\s[22]\1\s0干嘛，慌慌张张的……
0x86694,23,code,\0\s[21]\1\s0\0唔……
0x866B4,41,code,\0\s[26]\1\s3……\w8\w8这个还挺重的。
0x866E8,61,code,\0\s[22]\1\s0……\w8\w8\w8\w8被冷落了，看起来很寂寞呢。
0x86748,151,code,\0\s0……\w8\w8那是一种叫伊塔尔病的病。\w8\w8\w8\n\n一旦患上伊塔尔病，面部的五官就无法正常排列了……\n\n\1\s1……！
0x867E8,8,code,木野薰
0x867FC,44,code,\1\s1木野薰只有我一个就够了。\w8\w8\0\s0……
0x86834,10,code,石松葛兹
0x86848,72,code,\0\s1……\w8\w8最好别太接近葛兹……\w8\w8\1\s0太危险了。
0x868AC,74,code,\0\s8……\w8\w8那种铁狗我才不要。\w8\w8\1\s0……\w8\w8总有一天会被捅的。
0x86910,113,code,\0\s[20]有那玩意儿的人大概都以为自己既能干又时髦吧。\w8\w8\1\s0……\w8\w8这不是偏见吗。
0x8698C,8,code,赤崛悟
0x869A0,10,code,仙境传说
0x869B4,35,code,\0\s0……\w8\w8\n\n不予置评。
0x869E0,8,code,海原雄山
0x869F4,159,code,\0\s0明明一开始只是个傻乎乎的美食家老爹而已。\w8\w8\1\s0不知不觉就变得像圣人一样了。\w8\w8\0\s8\n\n那漫画里成长最多的，好像就是他了……
0x86A9C,22,code,\0\s0……\w8\w8\s4嗯？
0x86AE8,2,code,
0x86B00,2,code,
0x86B6C,33,code,Value: \0\s8……\w8\w8\1\s0……\e
0x86E30,2,code,う
0x86E3C,2,code,く
0x86E48,2,code,す
0x86E54,2,code,つ
0x86E60,2,code,む
0x86E6C,2,code,る
0x86FC8,6,code,等身大
0x86FD8,10,code,手办
0x86FEC,10,code,在一起
0x87000,10,code,抱枕
0x87014,18,code,发现！拓麻歌子
0x87170,6,code,制作所
0x87180,6,code,俱乐部
0x87190,2,code,屋
0x87458,6,code,新世纪
0x87468,8,code,骑士
0x8747C,8,code,钢铁天使
0x87490,8,code,哒哒
0x874A4,4,code,太郎
0x874B4,8,code,Di Gi 
0x874C8,4,code,行杀
0x874D8,2,code,组
0x874E4,10,code,会做的哦
0x874F8,6,code,啊啊
0x87508,6,code,大人
0x87518,8,code,一点点
0x8752C,10,code,阿滋漫画
0x87540,14,code,天使
0x87558,8,code,领域
0x8756C,16,code,魔卡少女
0x87588,2,code,A
0x875A4,10,code,超时空要塞
0x875B8,8,code,机动战士
0x8DDD4,64,code,\1\s1少佐，光束兵器对他无效！\w8\n\n以光束为主的那个
0x8DE20,25,code,的话……\0\s1别吵了。
0x8DE60,2,code,な
0x8DE6C,44,code,光靠这个也有活不下去的时候哦……
0x8DEC0,19,code,\0\s0乌纽是\n\n
0x8DEDC,11,code,\w4「急则
0x8DEF0,5,code,」\w4
0x8DF00,5,code,\w4「
0x8DF10,10,code,笑的人会因
0x8DF24,11,code,而哭泣」\w4
0x8DF38,19,code,\w4「人间万事塞翁失
0x8DF54,23,code,\w4「隔墙有耳，隔障有
0x8DF74,15,code,\w4「笑门来
0x8DF8C,13,code,\w4「车薪
0x8DFA4,8,code,死
0x8DFB8,11,code,留」\w4
0x8DFCC,59,code,\n\n这句谚语，你知道吗？\w8\w8\1\s0……\w8\w8第一次听说。
0x8E010,11,code,\1\s1上吧，
0x8E024,56,code,！\w8全推进型的话能行！\w8\w8\0\s1……\w8\w8嗯。
0x8E068,23,code,\0\s1死诸葛往活
0x8E088,39,code,的屁股里塞棍子。\1\s0别塞啊。
0x8E0B8,9,code,\0\s1合成
0x8E0CC,69,code,果然还是差一点呢。\w8\w8\1\s0嘛，跟天然的比的话……
0x8E11C,83,code,\0\s[20]最近假面骑士，好像用卡片战斗的。\w8\w8\1\s0……\w8\w8唔。
0x8E178,44,code,\0\s7别小看扎古莱罗！\1\s1冷静点！
0x8E1B0,2,code,る
0x8E1BC,2,code,い
0x8E1C8,7,code,\0\s1「
0x8E1D8,71,code,不会感冒」，真的吗。\w8\w8\1\s0……\w8\w8这有点微妙呢。
0x8E23C,16,code,的梦想是，
0x8E258,46,code,好像是百人斩。\w8\w8\1\s0……\w8\w8唔。
0x8E290,46,code,\1\s0哦——\w8快\w2长大吧。\w8\w8\0\s1……
0x8E2C8,9,code,一天
0x8E2DC,77,code,不睡8小时以上眼睛会出血。\w8\w8\1\s0……\w8\w8真脆弱呢。
0x8E334,58,code,\0\s7我觉得一定要有色色的内容才行。\1\s1冷静点！
0x8E394,49,code,\0\s[20]最近有传言说\w4「给暗恋对象送印自己名字的
0x8E3D0,2,code,
0x8E3DC,22,code,就能两情相悦」
0x8E3FC,19,code,两人会当场暴毙」
0x8E418,22,code,对方会脑死亡」
0x8E438,16,code,首都会被歼灭」
0x8E454,26,code,会引发第二次冲击」
0x8E478,32,code,。\w8\w8
0x8E4A4,31,code,\1\s0……\w8\w8又是谎话味十足。
0x8E4CC,2,code,
0x8E4D8,2,code,」
0x8E4F0,2,code,に
0x8E4FC,22,code,送这个不太好吧」
0x8E51C,47,code,\1\s0……\w8\w8不，确实有点那个吧。
0x8E554,64,code,\1\s0假面\w8骑\w2士\w8阿\w4基\w4托。\w8\w8\0\s[20]……
0x8E5A0,126,code,\s0玛贝特桑，\w8\s1玛贝特桑，\w8\s0玛贝特桑，\w8\s1玛贝特桑，\w8\s7玛贝特桑——！\1\s1冷静点！
0x8E628,56,code,\1\s0和扎古是不同的，和扎古。\w8\w8\0\s0因为是蓝色的嘛。
0x8E66C,57,code,放到中间\w8\_s按下开关。\_s\w8\w8\0\n\n\1\n\n\0
0x8E6B0,37,code,放到中间\w8\_s按下开关。\_s
0x8E6E0,56,code,\1\s1配合问话太麻烦了，我先告辞了。\0\s4……
0x8E724,119,code,\0\s1\w8\w8「前写真女郎」\w8这个头衔，感觉挺像拷问的……\w8\w8\1\s0……\w8\w8别这么说啊。
0x8E7A4,7,code,\0\s4「
0x8E7B4,4,code,」
0x8E7C4,79,code,日元在甩卖。\n\n\w8\w8\1\s0……\w8\w8潮流这东西真是诸行无常呢。
0x8E82C,38,code,\0\s[20]少年犯罪多发的原因，就在于
0x8E85C,43,code,。\w8\w8\1\s0……\w8\w8唔。
0x8E890,82,code,\1\s0高达不是在天上飞的……\w8\w8\0\s0只是在跳而已……
0x8E8EC,145,code,刺死的人生，是怎样的呢。\w8\w8\1\s0……\w8\w8对某些人来说，这也是一种幸福吧。\w8\w8\w8\w8\0\n\n……\w8\w8乌纽好成熟啊。
0x8E988,58,code,\0\s0说到秋天就是赏红叶。\w8\w8\w8\w8\n\n说到冬天就是\w4
0x8E9CC,49,code,狩猎呢。\w8\w8\1\s0……\w8\w8我不太明白。
0x8EA18,18,code,\0\s1……\w8最近，
0x8EA34,41,code,的行为有点反常呢。\w8\w8\1\s0……\w8\w8
0x8EA68,82,code,有传闻说和他闹翻了。\w8\w8\0\n\n……\w8\w8是不是受到什么压力了。
0x8EAC4,21,code,\0\s0今天也要狠狠地
0x8EAE4,6,code,哦！
0x8EAF4,4,code,！
0x8EB04,12,code,借钱哦！
0x8EB1C,12,code,减产哦！
0x8EB34,16,code,交易期货哦！
0x8EB50,16,code,喷洒农药哦！
0x8EB78,2,code,
0x8EB84,82,code,好像是因为吃太多死掉了。\w8\w8\1\s0……\w8\w8这就是所谓的\w8富贵病吧。
0x8EBE0,2,code,和
0x8EBEC,108,code,关系不错呢，真好啊。\w8\w8\1\s0……\w8\w8\n\n嘛，只是表面上罢了。\w8\w8\0\s1\n\n……\w8\w8嗯？
0x8EC64,26,code,之所以受欢迎，果然还是
0x8EC88,2,code,だ
0x8EC94,45,code,吧。\w8\w8\1\s0……\w8\w8怎么回事呢。
0x8ECF0,37,code,。\w8\w8\1\s0……\w8\w8不能继承呢。
0x8ED20,10,code,每天不抱着
0x8ED34,56,code,抱枕自慰一次就觉得不痛快。\w8\w8
0x8ED78,30,code,不这样就不舒服。\w8\w8
0x8EDA0,35,code,\1\s0……\w8\w8那家伙，有病呢……
0x8EDDC,12,code,喂，把壶送到
0x8EDF4,88,code,大人那里去吧……\w8\w8\n\n那个壶……\w8可是\w2好东西\w2……\w8啊！\0\s[20]……
0x8EE58,18,code,坏掉的罪魁祸首，是
0x8EE74,18,code,说不定呢……
0x8EE9C,63,code,说是两用呢。\w8\w8\1\s0……\w8\w8不，意思不太。
0x8EEE4,8,code,高桥名人
0x8EEF8,8,code,毛利名人
0x8EF0C,55,code,\0\s0剥煮鸡蛋的壳，还挺费劲的呢。\w8\w8
0x8EF4C,21,code,\1\s0嗯—\w8\w8\n\n找
0x8EF6C,14,code,的话，能以每秒
0x8EF84,40,code,个的速度帮你剥。\w8\w8
0x8EFB8,38,code,\0\s[20]\n\n……\w8\w8要不拜托一下……
0x8EFE8,95,code,借走的CD还回来时总是划痕累累的。\w8\w8\1\s0……\w8\w8这样会没朋友的呢。
0x8F050,4,code,喂，
0x8F060,8,code,大人，把
0x8F074,32,code,送过去吧……\w8\w8\n\n那个
0x8F0A0,45,code,是……\w8好东西\w4……！\w8\w8\0\s0……
0x8F0D8,51,code,\1\s0很久很久以前，\w4在某地，\w4住着一个老爷爷和
0x8F114,70,code,。\w8\w8\w8\w8\0\s1……\w8\w8诶？\w8\n\n[half]结束了？
0x8F164,14,code,真的特别喜欢
0x8F17C,22,code,呢。\w8\w8
0x8F19C,49,code,\1\s0……\w8\w8那是心理创伤造成的吧。\w8\w8
0x8F1D8,26,code,\0\n\n……\w8\w8心理创伤？
0x8F1FC,77,code,在家基本穿运动服的。\w8\w8\1\s0……\w8\w8真是没梦想没希望。
0x8F254,73,code,在空我里就是紫色形态吧。\w8\w8\1\s0……\w8\w8因为动作很沉重。
0x8F2A8,65,code,在空我里就是蓝色形态吧。\w8\w8\1\s0……\w8\w8因为喜欢棍子。
0x8F2F4,67,code,在空我里就是绿色形态吧。\w8\w8\1\s0……\w8\w8因为容易累。
0x8F340,77,code,在空我里就是红色形态吧。\w8\w8\1\s0……\w8\w8哎，这么一说倒也是……
0x8F398,67,code,在空我里就是黑色形态吧。\w8\w8\1\s0……\w8\w8因为出场少。
0x8F3E4,71,code,\0\s[20]听说现在的吸尘器可以单手拿起来。\w8\w8\1\s0……\w8\w8唔。
0x8F434,77,code,一上车，玻璃瞬间起雾。\w8\w8\1\s0……\w8\w8真是讨厌的话题。
0x8F48C,22,code,在界登顶后仍「
0x8F4AC,65,code,」说着，一生都没有松懈修行。\n\n\w8\w8\1\s0……
0x8F504,24,code,要攻略的话，果然还是
0x8F528,53,code,我觉得很重要……\w8\w8\1\s0……\w8\w8唔。
0x8F574,11,code,\0\s0听说
0x8F588,16,code,出「The King of 
0x8F5A4,34,code,」这款游戏了呢。\w8\w8
0x8F5D0,4,code,「
0x8F5F0,15,code,\1\s0……\w8\w8
0x8F608,17,code,\0\s0\n\n演示中
0x8F624,2,code,，
0x8F630,16,code,那一队和\w8\w8
0x8F64C,40,code,那一队在对战来着……\w8\w8\n\n
0x8F680,14,code,还会喷火，
0x8F698,18,code,还会吐毒气，
0x8F6B4,32,code,吐出了蓝色凝胶状液体，
0x8F6E0,6,code,徒手
0x8F6F0,16,code,砍头，
0x8F70C,16,code,杀人，
0x8F728,38,code,喷射着青白色液体死去，
0x8F758,36,code,内脏四溅，身体被炸得粉碎，
0x8F788,28,code,衣服被撕破变成半裸，
0x8F7B0,34,code,用气势弹开MEGA粒子炮的炮弹，
0x8F7DC,28,code,把殖民卫星仍到地球上，
0x8F804,24,code,感觉超厉害的呢。
0x8F828,34,code,\1\n\n……\w8\w8这样真的没问题吗。
0x8F854,36,code,\0\s4\1\s1\0\_s哈！\_s\w8\w8\0\n\n
0x8F884,8,code,现象……
0x8F898,108,code,\0\s0乌纽。\w8\w8\1\s0嗯？\w8\w8\w8\w8\0\n\n别浪费资源啊。\w8\w8\1\n\n……\w8\w8真啰嗦。
0x8F910,93,code,好像分不清矿泉水和自来水。\w8\w8\1\s0……\w8\w8真省钱啊。
0x8F998,25,code,\0\s0本周的幸运星座是
0x8F9BC,34,code,座。\w8\w8\n\n「走在街上会和
0x8F9E8,37,code,有一次美好的邂逅！」\w8据说。
0x8FA18,45,code,\1\s0……\w8\w8那真的算幸运吗。
0x8FA50,9,code,\1\s0……
0x8FA64,26,code,\0\s[20]据说百服宁一半由
0x8FA88,47,code,构成。\w8\w8\1\s0……\w8\w8唔。
0x8FAC0,81,code,\0\s[20]据说百服宁一半由怨念构成。\w8\w8\1\s0……\w8\w8唔。
0x8FB1C,28,code,\0\s[20]据说百服宁一半以上由
0x8FB44,106,code,去了海边，每天都是堆沙堡又拆\w4堆沙堡又拆。\w8\w8\1\s0……\w8\w8病得不轻。
0x8FBB8,32,code,\1\s1最终降临。\0\s4……
0x8FBE4,18,code,\1\1小樱，那是
0x8FC00,32,code,的卡片啊！\0\s[20]别吵了。
0x8FC2C,111,code,的自动门，据说夹到手臂的话会直接拧断。\w8\w8\1\s0……\w8\w8设计失误。
0x8FCC4,39,code,滚回神户山里去！\1\s1冷静点！
0x8FCF4,35,code,是用来做什么的卡片？\w8\w8\1\s0
0x8FD20,28,code,，就是……\w8\w8\n\n插在
0x8FD48,51,code,里的卡片。\w8\w8\0\s0\n\n……\w8\w8插入？
0x8FD84,10,code,\0\s[20]「
0x8FD98,26,code,」的初回特典呢……\w8\w8
0x8FDBC,15,code,\1\s0据说「
0x8FDD4,28,code,A3海报」。\w8\w8
0x8FDFC,30,code,闹钟」。\w8\w8
0x8FE24,28,code,草帽」。\w8\w8
0x8FE4C,21,code,\1\s0据说「安CD-R
0x8FE6C,28,code,件套装」。\w8\w8
0x8FE94,43,code,\1\s0总之是「一年份牛奶」。\w8\w8
0x8FEC8,31,code,\0\s4\n\n……\w8\w8不需要……
0x8FEF0,15,code,\0\s0……\w8\w8
0x8FF08,61,code,八面玲珑不值得信任呢。\w8\w8\1\s0……\w8\w8嗯。
0x8FF5C,28,code,是怎么回事啊。\w8\w8
0x8FF84,19,code,\1\s0嘛……\w8\w8
0x8FFA0,6,code,之类，
0x8FFB0,32,code,就是像那样的吧。\w8\w8
0x8FFDC,40,code,\0\n\n……\w8\w8不太明白呢。
0x90010,15,code,\0\s0乌纽是
0x90028,119,code,喜欢吗？\w8\w8\1\s0嘛，喜欢。\w8\w8\0\n\n……\w8\w8哼。\w8\w8\w8\w8\1\n\n……\w8\w8什么啊，这没结论的对话。
0x900A8,117,code,喜欢吗？\w8\w8\1\s0讨厌。\w8\w8\0\n\n为什么？\w8\w8\w8\w8\1\n\n……\w8\w8眼神可怕。\w8\w8\0\n\n……\w8\w8眼神？
0x9013C,4,code,面包
0x9014C,6,code,乌冬面
0x9015C,4,code,荞麦
0x9016C,51,code,\0\s0乌纽，你小时候都吃些什么？\w8\w8
0x901A8,19,code,\1\s0嗯……\w8\w8\n
0x901C4,28,code,这类的东西我经常吃呢。\w8\w8
0x901EC,19,code,\0\n\n……\w8\w8\s1
0x90208,2,code,？
0x90214,84,code,\1\s0那个阶段，\w8\w8我可没经历过……\w8\w8\0\s1\n\n……\w8\w8毕竟是怪物嘛……
0x90274,25,code,\1\s0肚子饿了……\w8\w8
0x90298,44,code,\0\s0嗯。\w8\w8\n乌纽，你想吃什么？\w8
0x902E0,8,code,。\w8\w8
0x902F4,43,code,\0\s4\n\n……\w8\w8那不是吃的哦。
0x90334,2,code,的
0x90340,87,code,能看到幽灵。\w8\w8\1\s0……\w8\w8\w8\w8\0\s7\n\n小心！\1\s1\n\n冷静点！
0x903A0,64,code,\0\s1……\w8\w8保姆好像看到了。\w8\w8\1\s0……\w8\w8唔。
0x90404,90,code,在雅虎拍卖转卖后，受了全治3个月的重伤。\w8\w8\1\s0……\w8\w8为什么会受伤啊。
0x90468,29,code,\0\s0为对抗移动电话，推出移动
0x90490,63,code,怎么样？\w8\w8\1\s0……\w8\w8这真的能对抗吗。
0x904D8,40,code,\1\s1\_q哈啊 (*'Д｀*) 哈啊\_q\0\s4……
0x90524,116,code,\1\s0小樱会做饭吗？\w8\w8\0唔，\w4\s1嗯……\w8\w8会啊。\w8\w8\1比如？\w8\w8\0\n\n嗯……\w8
0x905A4,22,code,烤之类的。\w8\w8\w8\w8
0x905C4,22,code,腌之类的。\w8\w8\w8\w8
0x905E4,24,code,咖喱之类的。\w8\w8\w8\w8
0x90608,24,code,米饭之类的。\w8\w8\w8\w8
0x9062C,28,code,\1\n\n……\w8\w8什么啊。
0x90654,49,code,\0\s0乌纽打过工吗？\w8\w8
0x90690,6,code,燃烧
0x906A0,4,code,驱除
0x906B0,4,code,狩猎
0x906C0,10,code,的甩卖
0x906D4,4,code,配送
0x906E4,6,code,滚动
0x906F4,30,code,\1\s0嗯。\w8\n嗯——，\w8\w8
0x9071C,26,code,之类的，常做。\w8\w8
0x90740,16,code,\0\n\n……\w8\w8
0x9075C,30,code,摊贩之类的，常摆。\w8\w8
0x90784,88,code,\1\s0嗯。\w8\n嗯——，\w8\n居然和这么可爱的女孩子进行生殖活动，真够胆。\0\s7\n\n滚回去！
0x907E8,45,code,让人心动吗？\w8\w8\1\s0是挺让人心动的。
0x90834,78,code,\0\s0振动控制器听说过吧。\w8\w8\1\s0嗯。\w8\w8\0\n\n那类似的，振动
0x9088C,81,code,怎么样？\w8\w8\1\n\n……\w8\w8不是，\w8问我怎么样我也不懂说啥啊……
0x908E8,34,code,听说想按养殖大恶魔的方法养殖
0x90914,103,code,来着。\w8\w8\1\s0嗯。\w8\w8\0\n\n现在好像全养死了。\w8\w8\1\n\n……
0x90984,55,code,\1\1小樱，那是令人扫兴的库洛牌搞的鬼！\0\s4……
0x909C4,31,code,的库洛牌搞的鬼！\0\s4……
0x909EC,136,code,\0\s0把铝箔纸放进微波炉很有意思呢。\w8\w8\1\s0……\w8\w8\w8\w8\w8\w8\0\s1\n\n噼里啪啦。\1\n\n\s1不好玩！
0x90A80,77,code,据说周日基本上都在自慰。\w8\w8\1\s0……\w8\w8真糟糕。
0x90AD8,106,code,\0\s0米饭上浇咖喱就是咖喱饭，\w8\n乌冬面上浇咖喱就是咖喱乌冬面。\w8\w8\w8\w8\n\n那么，
0x90B4C,24,code,浇上咖喱就变成了咖喱
0x90B70,15,code,\1\s1别浇啊。
0x90B98,90,code,\0\s1麦当劳叔叔因为拐走幼女被撤职了。\w8\w8\1\s0……\w8\w8真是没梦想没希望。
0x90BFC,56,code,\1\s0但是，只有飞机请饶了我。\w8\w8\0……\w8\w8\s1嗯？
0x90C40,44,code,把传家宝壶给鉴定师看结果被嘲笑了，现在正在
0x90C78,91,code,附近一脸死鱼眼的表情晃来晃去。\w8\w8\1\s0……\w8\w8好心酸啊。
0x90CDC,33,code,立即退去！\1\s1冷静点！
0x90D08,70,code,\1\s1救，救命啊夏亚少佐！\w8\w8交不起房租了！\0\s0滚。
0x90D58,34,code,收到了手工便当。\w8\w8
0x90D84,10,code,的手制
0x90D98,20,code,送到了。\w8\w8
0x90DB8,23,code,\1\s0……\w8\w8什么啊。
0x90DD8,19,code,\0\s0听说最近「
0x90DF4,88,code,动作人偶」\w4很受欢迎。\w8\w8\1\s0……\w8\w8什么啊。
0x90E68,14,code,\0\s[20]野生的
0x90E80,35,code,还存在吗。\w8\w8\1\s0
0x90EAC,93,code,据说也有人在大楼后面看到过。\w8\w8\w8\w8\0\n\n……\w8\w8\s0去看看……
0x90F14,58,code,\0\s7透过高达的装甲感受杀气吧！\1\s1冷静点！
0x90F58,6,code,
0x90F68,56,code,好像有破坏技师2级执照。\w8\w8\1\s0……\w8\w8
0x90FAC,64,code,\0\s7心脏跳个不停什么的别一直傻乎乎的了！\1\s1冷静点！
0x90FF8,77,code,好像信用卡审查没过。\w8\w8\1\s0……\w8\w8好心酸啊。
0x91060,7,code,\0\s0「
0x91070,123,code,免进」的公寓听说过吧。\w8\w8\1\s0嗯。\w8\w8\0\n\n为什么不给进呢？\w8\w8\1\n\n……\w8\w8因为会打扰邻居。
0x910F4,163,code,\0\s3常听见有人说\w8「我又没做什么坏事」\w8之类的话。\w8\w8\1\s0嗯。\w8\w8\0\n\n但也没做什么好事就是了。\w8\w8\1\s0\n\n……\w8\w8唔。
0x911A0,67,code,能杀人吗？\w8\w8\1\s0……\w8\w8嘛，这得看怎么用了。
0x911FC,14,code,\0\s[20]下月
0x91214,8,code,号起，
0x91228,2,code,有
0x91234,20,code,活动哦。\w8\w8
0x91254,22,code,票哦。\w8\w8
0x91274,41,code,\1\s0……\w8\w8来路不明的活动呢。
0x912B8,107,code,只要有的话，就能活下去。\w8\w8\n\n我就是这么想的。\w8\w8\0\s0……\w8\w8那便是悲剧的开端。
0x9132C,61,code,\1\s0你曾是个好朋友……\w8\w8\w8\w8\n\n\s1但你的\w4
0x91374,35,code,就不对了！\0\s0别吵了。
0x913A0,53,code,那套假装朋友的过家家，真是让人受够了。\w8\w8\1\s0……
0x913E0,9,code,\0\s0听说
0x913F4,114,code,卡」积分卡服务好像要推出了。\w8\w8\1\s0嗯。\w8\n\n攒够了有什么好事吗？\w8\w8
0x91470,43,code,\0\n\n\s[20]呃……\w8\n\n50积分可以换「
0x914A4,74,code,闹钟」。\w8\w8\w8\w8\1\n\n……\w8\w8那真的是闹钟吗。
0x914F8,44,code,\0\n\n\s[20]呃……\w8\n\n100积分可以换「
0x91530,74,code,抱枕」。\w8\w8\w8\w8\1\n\n……\w8\w8那真的是枕头吗。
0x91584,61,code,不会产生导致蛀牙的酸。\w8\w8\1\s0……\w8\w8唔。
0x915E0,30,code,\0\s1幽灵的\w8真面目\w8\s7
0x91608,14,code,！\1\s02点。
0x91620,57,code,\1\s1我觉得做那种色色的事情是不对的。\0\s[20]别吵了。
0x91664,81,code,坐电车也绝不抓吊环。\w8\w8\1\s0……\w8\w8唔。
0x916C0,67,code,基本不用鼻子呼吸。\w8\w8\1\s0……\w8\w8唔。
0x9170C,2,code,う
0x91718,2,code,く
0x91724,2,code,す
0x91730,2,code,つ
0x9173C,2,code,む
0x91748,22,code,\0\s[20]乌纽，
0x91768,101,code,完全指南这本书，你知道吗？\w8\w8\1\s0……\w8\w8不。\w8\w8\0\n\n那个，有点想读读看……
0x917D8,13,code,\0\s4果然还是
0x917F0,30,code,路线比较好呢。\w8\w8
0x91818,23,code,的最后一句话，\w8「
0x91838,27,code,」\w8。\w8\w8
0x9185C,33,code,\1\s0……\w8\w8真是个难受的死法。
0x91888,89,code,\0\s[20]前几天，我去逛了趟庙会。\w8\w8\1\s0嗯。\w8\w8\0\s3\n\n那里有个\w8「捞
0x918EC,93,code,」\w8的摊位……\w8\w8\1\n\n……\w8\w8\0\n\n感觉有些不祥，就赶紧溜掉了。
0x91954,42,code,\0\s7活着到达肠道！\1\s1冷静点！
0x91988,30,code,\0\s[20]天气预报说，明天
0x919B0,6,code,概率是
0x919C0,39,code,%。\w8\w8\1\s0……\w8\w8唔。
0x919F0,24,code,\1\s0原来……\w8我刚才说
0x91A14,155,code,不是正常人……\w8\w8这种思考方式不知不觉就变成了一种反感……\n\n\w8\w8这就是……\w8\s1所谓的Oldtype吗！？\0\s0真啰嗦。
0x91AB8,6,code,「谎言
0x91AC8,2,code,「
0x91AD4,8,code,大将军」
0x91AE8,12,code,暗黑大僧正」
0x91B00,8,code,「里千家
0x91B14,14,code,的头衔很符合
0x91B2C,37,code,这样的呢。\w8\w8\1\s0……\w8\w8唔。
0x91B5C,50,code,\1\s1我可是封印的魔兽刻耳柏洛斯！\0\s0真啰嗦。
0x91B98,31,code,\0\s0乌纽，「恋爱总是
0x91BC0,86,code,」这本书，你知道吗？\w8\w8\1\s0……\w8\w8不是「突然」吗？\w8\w8\0\[20]\n\n不，
0x91C20,28,code,那边。\w8\w8\1\n\n不，「
0x91C48,28,code,是你那边」吧你个混蛋……
0x91C70,81,code,是公敌！\w8\w8\1\s1找到了就揍！\w8\w8\0\n\n群体的话能赢！
0x91CCC,14,code,cosplay成
0x91CE4,32,code,风评相当差呢。\w8\w8
0x91D10,49,code,\0\s0……\w8\w8做之前就大概能猜到吧。
0x91D70,2,code,。
0x91D7C,2,code,！
0x91D88,4,code,！
0x91D98,39,code,过家家吧。\w8\w8\1\s0行啊。\w8\w8
0x91DEC,55,code,\w8\w8\w8\w8\0\s0\n\n……\w8\w8技术进步了呢，乌纽。
0x91E2C,52,code,\0\s7那种大人，我来教训他！\1\s1冷静点！
0x91E6C,62,code,\0\s7别因为是色情动画就偷工减料！\1\s1冷静点！
0x91EB4,124,code,\0\s[20]听说东京迪士尼乐园地下有%mh的总部。\w8\w8\1\s1……\w8\w8这么说米奇就是守护者咯……！
0x91F3C,52,code,\0\s7别事后装模作样地解说！\1\s1冷静点！
0x91F7C,101,code,不论被问起什么，都只会回答「你也是嘛」。\w8\w8\1\s0……\w8\w8感觉不太聪明的样子。
0x91FEC,68,code,\0\s[20]果然，打雷的时候还是关电源比较好吧。\w8\w8
0x9203C,27,code,\1\s0听说在机子和插座间夹个
0x92060,48,code,就没问题了。\w8\w8
0x9209C,35,code,\0\s0\n\n……\w8\w8试试看……
0x920C8,81,code,基本只买打折商品。\w8\w8\1\s0……\w8\w8真是省钱高手啊。
0x92124,79,code,被DualShock的震动弄骨折了。\w8\w8\1\s0……\w8\w8真没出息啊。
0x9217C,78,code,总不能一直白吃白喝下去吧。\w8\w8\1……\w8\w8是啊。
0x921D4,67,code,被手机的来电震动弄骨折了。\w8\w8\1\s0……\w8\w8真没出息啊。
0x92220,18,code,\0\s[20]前几天看见
0x9223C,139,code,在吉野家门口徘徊，一副想进又不敢进的样子。\w8\w8\1\s0……\w8\w8嘛，某种意义上，算是同类相食吧。\w8\w8\0\n\n……\w8\w8嗯？
0x922D0,42,code,为了对抗Jangara拉面计划推出一款「Jangara
0x92304,63,code,」。\w8\w8\1\s0……\w8\w8Jangara？
0x9234C,77,code,舔电池被电到住院了。\w8\w8\1\s0……\w8\w8真没出息啊。
0x923A4,87,code,被自动检票机关闭的闸门夹骨折了。\w8\w8\1\s0……\w8\w8真没出息啊。
0x92404,14,code,\0\s[20]昨天，
0x9241C,10,code,家快递收到
0x92430,24,code,个。\w8\w8
0x92454,43,code,\1\s0……\w8\w8\n\n那家伙的敌人真不少。
0x92488,54,code,\0\s7浩之有那么伟大吗！\1\s1冷静点！
0x924C8,74,code,\1\s0伤害人的笑不是笑。\w8\w8\0\s0……\w8\w8哼。
0x9251C,91,code,\0\s[20]猪熊柔某种意义上算是生化危机呢。\w8\w8\1\s0……\w8\w8别这么说啊。
0x92580,85,code,\0\s[20]猪熊柔某种意义上算是生化武器呢。\w8\w8\1\s0……\w8\w8别这么说啊。
0x925E0,63,code,网购时被骗了。\w8\w8\1\s0嗯？\w8\w8\0\n\n据说明明订了
0x92628,16,code,，收到的却是
0x92644,72,code,……\w8\w8\1\n\n……\w8\w8是不是下单的时候就搞错了。
0x92698,141,code,那天，\w4要是没有紧紧咬住那台橙色高达，\w4也没有遇到那位驾驶员，\w4就不会发生今天这样的事了。\w8\w8不过，
0x92730,40,code,还是竭尽全力试图克服危机。\w8\w8
0x92764,37,code,\n\n下集，机动战士V高达，\w8\w8「与
0x92794,53,code,相遇之日」。\w8\n\n\s7敬请收看！\w8\w8\1\s0……
0x927D4,32,code,大楼年复一年地倾斜，照这样下去
0x92800,12,code,年就会和旁边
0x92818,101,code,大楼相撞。\w8\w8\1\s0……\w8\w8唔。\w8\w8\0\n\n还是小心那栋大楼为好。
0x92888,4,code,做了
0x92898,8,code,个限量版
0x928AC,42,code,抱枕来着。\w8\w8
0x928E0,17,code,\1\s0嗯。\w8\w8
0x928FC,26,code,\0\n\n因生产方失误，全做成
0x92920,36,code,抱枕了。\w8\w8
0x92950,34,code,\1\n\n……\w8\w8不会是故意的吧。
0x9297C,33,code,\0\s[20]雅虎拍卖上「宇宙
0x929A8,50,code,」似乎每分钟都在刷新高价。\w8\w8
0x929E4,21,code,\1\s0……\w8\w8唔。
0x92A04,60,code,\1\s0兔田大爆炸。\w8\w8\0\s0内脏和粪便四处飞溅。
0x92A4C,26,code,家，据说每天深夜天花板会有
0x92A70,106,code,的呻吟声传出来。\w8\w8\1\s0……\w8\w8\w8\w8\0\s0\n\n这房子有问题啊。\1\n\n是那种问题吗。
0x92AE4,54,code,\1\s1在这里用林特的语言说话吧……！\0\s0别吵了。
0x92B24,22,code,\0\s[20]听说骨折时吃
0x92B44,93,code,比较好。\w8\w8\1\s0……\w8\w8又是三野文太？\w8\w8\0\s0\n\n嗯。\w8\n\n三野文太。
0x92BAC,133,code,\0\s[20]听说骨折时用手刀敲骨折的地方比较好。\w8\w8\1\s0……\w8\w8又是三野文太？\w8\w8\0\s0\n\n嗯。\w8\n\n三野文太。
0x92C3C,87,code,生日是在黑漆漆的家里一个人吃蛋糕。\w8\w8\1\s0……\w8\w8好孤单啊。
0x92C9C,24,code,\0\s[20]下月起东京要开始
0x92CC0,99,code,发电了。\w8\w8\1\s0……\w8\w8\0\n\n……\w8\w8\s0大概，\w4已经不想让人住了吧。
0x92D2C,18,code,\0\s0「游戏每天玩
0x92D48,65,code,小时」是谁说的来着？\w8\w8\1\s0嗯……\w8\w8\n\n
0x92D94,48,code,名人吧。\w8\w8\0\n\n……\w8\w8是吗？
0x92DD0,109,code,\0\s[20]……\w8\w8成为宝可梦大师后，他到底打算干什么呢。\w8\w8\1\s0……\w8\w8谁知道呢。
0x92E48,65,code,是不是觉得，只要哭就能解决所有问题啊。\w8\w8\1\s0……\w8\w8嗯。
0x92E94,43,code,\1\s1……\w8\w8眼睛流血了\w8\w8\0\s[20]……
0x92EC8,114,code,\0\s[20]AIBO 啊……\w8\w8该不会已经被丢在房间角落里吃灰了吧。\w8\w8\1\s0……\w8\w8谁知道呢。
0x92F44,78,code,\0\s[20]PS2啊，总觉得像僵尸一样呢。\w8\w8\1\s0……\w8\w8别这么说啊。
0x92F9C,32,code,\1\s1尼普特龙\w8\w8\0\s0……
0x92FC8,38,code,hhhhhhhhhh\w8\w8\0\s[20]……\w8\w8嗯？
0x92FF8,14,code,\0\s[20]最近，
0x93010,8,code,公园「扔
0x93024,52,code,大叔」的怪人好像有出没。\w8\w8
0x93064,12,code,\1……\w8\w8
0x9307C,30,code,\0\n\n听说他在公园一发现
0x930A4,56,code,就抓过来扔掉，抓了再扔，每天都这样……
0x930E8,45,code,\0\s[20]前几天去神社，神木上\w8「
0x93120,71,code,」\w8名字的草人大量钉在上面。\w8\w8
0x93170,47,code,\1\s0……\w8\w8这世界，是由怨恨组成的呢。
0x931A8,14,code,的座右铭是「
0x931C0,39,code,」。\w8\w8\1\s0……\w8\w8唔。
0x931F0,8,code,的新刊是
0x93204,2,code,×
0x93210,18,code,的同人本。\w8\w8
0x9322C,27,code,\1\s0……\w8\w8可能想要。
0x93250,41,code,\1\s0……\w8\w8感觉会是本可怕的书。
0x93284,14,code,\0\s[20]
0x9329C,109,code,为了对抗\w4「花与梦」\w4推出了\w4「挫折与放弃」\w4这本书。\w8\w8\1\s0……\w8\w8太扯了。
0x93314,26,code,别看那样是需护理认定
0x93338,16,code,。\w8\w8
0x93354,38,code,\1\s1我去弄瓶葡萄酒来给你看……\w8
0x93384,25,code,桑啊！\0\s0别吵了。
0x933A8,10,code,金属球棒
0x933BC,16,code,刀和锤
0x933D8,20,code,\0\s[20]就在刚才，
0x933F8,18,code,」一边说着，一边拿
0x93414,8,code,朝着
0x93428,36,code,的方向消失了……\w8\w8
0x93458,29,code,\0\s1\n\n……\w8\w8这下糟了。
0x93480,77,code,似乎在数据中心冻死了。\w8\w8\1\s0……\w8\w8没那么冷吧。
0x934D8,107,code,据说含有抗癌物质。\w8\w8\1\s0……\w8\w8又是三野文太？\w8\w8\0\s0\n\n嗯。\w8\n\n三野文太。
0x9354C,87,code,用力盖章的冲击导致骨折了。\w8\w8\1\s0……\w8\w8真脆弱呢。
0x935AC,67,code,\1\s0我的……\w8\w8\n\n\s1我的失误啊啊啊啊啊啊！\0\s4……
0x935F8,87,code,避孕失败，最近每天都跑妇产科。\w8\w8\1\s0……\w8\w8好心酸啊。
0x93658,73,code,蛲虫检查没通过。\w8\w8\1\s0……\w8\w8好心酸啊。
0x936AC,12,code,真的特别喜欢
0x936C4,65,code,呢。\w8\w8\1\s0喜欢……\w8\w8\n\n倒不如说，那家伙要是每天不吃
0x93710,56,code,的话就会死掉呢。\w8\w8\0\n\n……\w8\w8真的假的。
0x93768,28,code,\0\s0永恒是真实存在的……\w8
0x93790,12,code,那里就有……
0x937A8,15,code,\1\s0小樱，「
0x937C0,32,code,地藏」的故事，你知道吗？\w8\w8
0x937EC,58,code,\0\s[20]呃……\w8\w8那个吧。\w8\w8\n\n大量地藏像
0x93830,64,code,单手袭击小学，杀死男人，只带走女人的故事。\w8\w8
0x9387C,30,code,\1\n\n……\w8\w8什么啊。
0x938A4,30,code,\1\s0小樱，\w4「可怜的
0x938CC,31,code,」\w4的故事，你知道吗？\w8\w8
0x938F4,46,code,\0\s[20]呃……\w8\w8那个吧。\w8\w8\n\n
0x9392C,44,code,买小豆期货失败自杀的故事。\w8\w8
0x93978,18,code,\0\s[20]从明年起，
0x93994,14,code,大学里日本首个
0x939AC,28,code,系要成立了。\w8\w8
0x939D4,37,code,\1\s0……\w8\w8真是来路不明的院系啊。
0x93A04,75,code,一开车性格就变了。\w8\w8\1\s0……\w8\w8会变成什么样呢。
0x93A58,49,code,\0\s7冲击！\n\n\w8第————一\w4
0x93A94,21,code,！\1\s1冷静点！
0x93AB4,42,code,\0\s7歼灭！\n\n\w8第\w2二\w4
0x93AE8,37,code,\0\s7抹杀！\n\n\w8最\w2后\w2一\w4
0x93B18,33,code,\1\s1来吧！\w8绝影！\0\s4……
0x93B44,101,code,\0\s[20]听说迪士尼乐园地下有米奇的巢穴。\w8\w8\1\s0……\w8\w8得把它清除一下了。
0x93BB4,24,code,家的水管里流出了凝胶状的
0x93BD8,26,code,。\w8\w8
0x93BFC,52,code,\0\n\n……\w8\w8就这样冲进下水道流走了。
0x93C50,18,code,\0\s[20]……\w8\w8
0x93C6C,72,code,汁啊……\w8\w8\1\s0嗯？\w8\w8\0\n\n……\w8\w8不。\w8没什么。
0x93CC0,55,code,怎么总是穿同一套衣服呢。\w8\w8\1\s0……
0x93D00,59,code,前面的抓娃娃机，发现
0x93D44,114,code,被埋在一堆玩偶里。\w8\w8\1\s0……\w8\w8\w8\w8\0\s0\n\n看来他已经没有力气逃出来了。\1\n\快去救救他吧。
0x93DC0,49,code,\1\s1瞧，\w4能闻到茶香了吧。\0\s4……
0x93DFC,90,code,\0\s[20]生化危机的建筑，大概没发生生化危机的时候更有意思吧。\w8\w8
0x93E60,49,code,\1\s0……\w8\w8大家每天都在解谜吧。
0x93E9C,52,code,\1\s1我的超级危机啊啊啊啊啊～！\0\s4……
0x93EDC,21,code,\0\s0说这种话的人
0x93EFC,12,code,。\w8\w8
0x93F14,21,code,\1\s0说这种话的人
0x93F34,6,code,。
0x93F44,43,code,\1\s1所以说外行就是麻烦啊！\0\s[20]……
0x93F78,22,code,效果拔群！
0x93F98,32,code,效果似乎不太好。
0x93FC4,9,code,\0\s4……
0x93FD8,133,code,\0\s0\w4「想救大家」\w4说白了就是\w4「分不清重要的和不重要的」\w4吧。\w8\w8\w8\1\s0……
0x94068,4,code,，
0x94078,55,code,是主食。\w8\w8\1\s0……\w8\w8那当然会死啊。
0x940B8,47,code,\0\s7「Fa」\w4这名字好怪！\1\s1冷静点！
0x940F0,153,code,"\0\s0\_l[10,90]\_q看电视的时候，请保持房间明亮\_l[10,104]不要离太近哦。\_q\w8\w8\1\s0……\w8\w8\w8\w8搞什么啊。"
0x94194,34,code,\1\s1一个人也能行。\0\s4……
0x941C0,12,code,终究是
0x941D8,55,code,的劣化复制品呢。\w8\w8\1\s0……\w8\w8别这么说啊。
0x94218,27,code,\1\s1为什么那个木星回来的
0x9423C,26,code,，大佐会……\0\s[20]……
0x94260,21,code,\0\s[20]前几天叫\w4「
0x94280,80,code,面包」\w4的一种面包我看到了。\w8\w8\1\s0……\w8\w8这完全走偏方向了啊。
0x942DC,27,code,滚回去！\1\s1冷静点！
0x94300,69,code,\1\s1你—\w8会—\w8为了—\w8某个—\w8人—\w8而死吗—。\0\s4……
0x94350,4,code,人偶
0x94360,6,code,多重
0x94370,6,code,赛利欧
0x94380,42,code,的非法丢弃成了问题。\w8\w8
0x943C0,14,code,的背后是坏掉的
0x943D8,30,code,堆成山。\w8\w8
0x94400,47,code,\0\s1\n\n……\w8\w8大家，腻了就很冷淡呢。
0x94438,16,code,别看那样
0x94454,36,code,似乎是空手的师范代级别。\w8\w8
0x94484,124,code,\0\s0喂，乌纽。\w8\w8\1\s0叫我桑啊凸额头混蛋。\w8\w8\0\n\n……\w8\w8\w8\w8\w8\w8\s[24]……\1\n\n对不起。
0x9450C,115,code,\0\s1不能\w2逃避，\w8\n不能\w2逃避，\w8\n不能\w2逃避，\w8\n不能\w2逃避，\w8\n\s7逃避了就会\w2
0x94588,23,code,！\1\s1冷静点！
0x945A8,14,code,\0\s[20]今年的
0x945C0,38,code,很肥美很好吃。\w8\w8
0x945F0,19,code,\1\s0……\w8\w8脂？
0x9460C,19,code,\0\s7怕疯牛病的话
0x94628,31,code,还能吃吗！\1\s1冷静点！
0x94650,87,code,爱好是把自动笔芯啪啪折断。\w8\w8\1\s0……\w8\w8好孤单啊。
0x946B0,79,code,倒车失败，掉进了后面的河里。\w8\w8\1\s0……\w8\w8太糟糕了。
0x94708,87,code,减肥失败，现在正在住院。\w8\w8\1\s0……\w8\w8是太低估这件事了吧。
0x94768,54,code,\1\s1感觉就像是亲眼目睹自己的女儿被强奸一样。\0\s4……
0x947A8,81,code,\1\s1给各位添麻烦了。\w4\n我不会再出现在这个论坛上了。\0\s4……
0x94804,26,code,\1\s1来吧，牛啊。\0\s4……
0x94828,44,code,\0\s[20]说到烧屏不得不提Xevious。\w8\n\n\s0
0x94860,8,code,说起
0x94874,47,code,呢。\w8\w8\1\s0……\w8\w8不，意思不太。
0x948AC,36,code,\1\s1别小看邪眼的力量！\0\s4……
0x948DC,42,code,\1\s1You have control!\0\s4太老套了……
0x94910,54,code,的自动门好像一直都关不严。\w8\w8
0x94950,49,code,\1\s0……\w8\w8这种门意外地常见呢。
0x9498C,32,code,\1\s1这是胜利的钥匙。\0\s4……
0x949B8,11,code,\0\s1有点
0x949CC,67,code,……\w8\w8\1\s0……\w8\w8什么啊。\w8\w8\0\n\n嗯……\w8\w8
0x94A18,8,code,的模仿。
0x94A2C,60,code,\0\s[20]上面明明写着\w8「盖盖子3分钟」。\w8\w8
0x94A74,15,code,\1\s0嗯？\w8\w8
0x94A8C,62,code,\0\n\n果然，1分钟就打开是不行的吧……\w8\w8\w8
0x94AD4,48,code,\0\s[20]「救海龟去龙宫城」什么的。\w8\w8
0x94B10,53,code,\0\n\n说到底，只是编的故事吧……\w8\w8\w8
0x94B50,39,code,\1\s0\n\n……\w8\w8你到底干了什么啊。
0x94B80,110,code,的卡车一边播放着「不倒车」\w8一边高速冲过来。\w8\w8\1\s0……\w8\w8太过分了。
0x94BF8,52,code,\0\s[20]听说碱性食物对身体有好处。\w8\w8
0x94C38,30,code,\1\s0嗯——。\w8\n比如？\w8\w8
0x94C60,33,code,\0\n\n\s0呃……\w8\w8比如碱性
0x94C8C,12,code,之类。\w8\w8
0x94CA4,36,code,搭配在一起吃，真是糟透了。\w8\w8
0x94CD4,51,code,\1\s1……\w8\w8倒不如说，这根本就不是搭配的问题吧。
0x94D10,91,code,\0\s[20]乌纽，你偷过爸妈钱包里的钱吗？\w8\w8\1\s0……\w8\w8这是什么问题啊。
0x94D74,45,code,\0\s0乌纽，红茶和咖啡喜欢哪个？
0x94DAC,22,code,\1\s0是水呢。\w8\w8\w8
0x94DCC,19,code,\0\s4\n\n……\w8\w8
0x94DE8,10,code,\1\n\n水。
0x94DFC,40,code,\1\s1花被观赏才美丽。\0\s4……
0x94E30,28,code,\1\s1预感会成神帖。\0\s4……
0x94E58,28,code,\1\s11\w8的妈妈。\0\s4……
0x94E80,70,code,\0\s7请停止瞒着家人玩美少女游戏！\1\s1冷静点！
0x94ED0,85,code,\0\s[20]大海\w4会\w4死\w4人吗。\w8\1\s0大山\w4会\w4死\w4人吗。\w8
0x94F30,34,code,怎—\w4么—\w4样—\w4啊—。\w8
0x94F5C,12,code,\1\n\n柜里的
0x94F74,42,code,可—\w4以—\w4吃—\w4吗—。\w8
0x94FA8,79,code,浑身发抖地吐着蓝色汁液没—\w4问—\w4题—\w4吗—。
0x95000,89,code,输掉的赛马彩票数量多得离谱。\w8\w8\1\s0……\w8\w8那可真要命啊。
0x95064,52,code,\1\s0多呐\w8多呐\w8多—\w4呐—\w8多—\w4呐—。\w8\w8
0x950B4,22,code,放—\w4上—\w4去—。
0x950D4,34,code,\0\s5小狗\w4吃—\w4掉—\w4吧—。
0x95100,34,code,\0\s5小孩\w4搭—\w4上—\w4吧—。
0x9512C,40,code,\0\s5太—\w4阳—\w4穴—\w4拳—。
0x95160,34,code,\0\s5小狗\w4出—\w4拳—\w4吧—。
0x9518C,34,code,\0\s5巨泉\w4出—\w4拳—\w4吧—。
0x951B8,19,code,\0\s0您拨打的
0x951D4,53,code,目前未被使用。\w8\w8\1\s0……\w8\w8唔。
0x95214,57,code,\1\s0「消失在鄂霍次克」的凶手，是谁来着。\w8\w8
0x95258,34,code,\0\s[20]……\w8\w8源桑。\w8\w8
0x95284,33,code,\1\n\n……\w8是吗？\w8\w8
0x952B0,29,code,\0\s0\n\n哎呀照片请免了。
0x952D8,18,code,\1\n\n别吵了。
0x952F4,36,code,\0\s[20]……\w8\w8尼波波人偶。\w8\w8
0x95324,36,code,\1\n\n……\w8\w8不，应该不是。
0x95354,32,code,\0\s[20]……\w8\w8海藻球。\w8\w8
0x95380,36,code,\0\s[20]……\w8\w8鄂霍次克。\w8\w8
0x953B0,30,code,\1\n\n……\w8\w8自暴自弃啊。
0x953D8,76,code,\0\s0那是，\n只有买过的人才知道的。\w8\w8\1\s0唔。
0x95430,76,code,\1\s1初次见面。\w8\n\n我是BKA（德国联邦调查局）的伦格警部。\0\s4……
0x95488,29,code,\1\s0来玩词语接龙吧。\w8\w8
0x954B0,19,code,\0\s0好啊。\w8\w8
0x954CC,17,code,\1\n\n苹果。\w8
0x954E8,30,code,\0\n\n大猩猩桑。\w8\w8\w8\w8
0x95510,37,code,\1\n\n……\w8\w8\s1别谄媚！
0x95540,19,code,\0\n\n\s7什么啊！
0x9555C,36,code,\0\n\n斑马猎人。\w8\w8\w8\w8
0x9558C,34,code,\1\n\n……\w8\w8你这是破坏规矩啊。
0x955B8,19,code,\1\n\n洗尸。\w8
0x955D4,30,code,\0\n\n海豚桑。\w8\w8\w8\w8
0x955FC,41,code,\0\s7\n\n你才是尸体清洗是什么鬼！
0x95630,19,code,\1\n\n盗墓。\w8
0x9564C,32,code,\0\n\n斑马桑。\w8\w8\w8\w8
0x95678,41,code,\0\s7\n\n你才是盗墓是什么鬼！
0x956AC,31,code,\1\n\n高达空中大师。\w8
0x956D4,47,code,\0\s4\n\n……\w8\w8不，那有点。\w8\w8
0x9570C,65,code,是可燃垃圾吗？\w8\w8\1\s0……\w8\w8嘛，是能烧的吧。
0x95758,14,code,教的教义规定，
0x95770,73,code,的肉是不能吃的。\w8\w8\1\s0……\w8\w8唔。
0x957C4,10,code,哆啦A梦
0x957D8,57,code,不会生锈吗。\w8\w8\1\s0……\w8\w8怎么样呢。
0x9581C,50,code,\0\s[20]海原雄山这人，是不是缺钙啊。\w8\w8
0x95858,65,code,\1\s0……\w8\w8不，我觉得雄山就算补了钙也没用……
0x958A4,88,code,不在8℃以下保存就会坏。\w8\w8\1\s0……\w8\w8意外地容易坏呢。
0x95908,117,code,\0\s[20]Happy的剧情，说到底只是对Unhappy现实的反命题而已。\w8\w8\1\s0……\w8\w8嗯？
0x990F4,24,code,\0\s0古罗马有\w4「
0x99118,62,code,投」\w4竞技好像存在过。\w8\w8\1\s0……\w8\w8唔。
0x9917C,14,code,\0\s[20]
0x99194,26,code,为了对抗红羽毛募捐，要发起
0x991B8,62,code,募捐。\w8\w8\1……\w8\w8什么啊。
0x99200,69,code,\0\s[20]被丑女喊一声「色狼」，这辈子就这样完了吗……\w8\w8\1\s0……
0x99250,99,code,\0\s[20]筋肉人橡皮，与其说是橡皮，不如说是橡胶吧。\w8\w8\1\s0……\w8\w8毕竟什么都擦不掉嘛。
0x992D0,101,code,表显示12点12分的时候就会特别高兴。\w8\w8\1\s0……\w8\w8小学生级别呢。
0x99340,98,code,\0\s4快打出来的喷嚏缩回去的时候，好难受呢……\w8\w8\1\s0……\w8\w8难受呢。
0x993AC,110,code,\0\s[20]若平时品行就不端，大家就会说「果然如此」。\w8\w8\n\n若平时表现正常，大家就会说「那是反作用」嘛。\w8\w8
0x99424,37,code,\1\s0……\w8\w8反正无所谓吧。
0x99454,65,code,\0\s[20]「出了名就摆架子」\w4虽然这么说。\w8\w8
0x994A0,17,code,\1\s0嗯。\w8\w8
0x994BC,54,code,\0\n\n其实没名的人架子最大呢。\w8\w8
0x994FC,46,code,\1\n\n……\w8\w8因为说什么都没影响嘛。
0x99534,48,code,基本不交公共费用。\w8\w8
0x99570,35,code,\1\s0……\w8\w8真有挑战精神啊。
0x9959C,71,code,周日整天泡在漫画咖啡店。\w8\w8\1\s0……\w8\w8唔。
0x995EC,99,code,家的空调，现在已经变成一台只会冒烟的机器。\w8\w8\1\s0……\w8\w8好心酸啊。
0x99658,91,code,不管去哪都基本戴着军手套。\w8\w8\1\s0……\w8\w8谁去阻止他啊。
0x996BC,87,code,家的厕所，现在堵得特别厉害。\w8\w8\1\s0……\w8\w8好心酸啊。
0x9971C,99,code,眼里，爱心专座什么的，他才懒得管呢。\w8\w8\1\s0……\w8\w8唔。
0x99794,10,code,海洋深层水
0x997A8,8,code,依云
0x997BC,18,code,水晶泉
0x997D8,12,code,富维克
0x997F0,16,code,六甲山好喝的水
0x9981C,10,code,其实是在
0x99830,57,code,附近取的水。\w8\w8\0\s0……\w8\w8真的假的。
0x99874,51,code,\1\s1人不可杀害他人……\w8\w8\0\s[20]……
0x998B0,79,code,最近在版边蹲着。\w8\w8\1\s0……\w8\w8那家伙，对空很强嘛……
0x9992C,81,code,总觉得有垃圾场臭味呢。\w8\w8\1\s0……\w8\w8别这么说啊。
0x99988,75,code,别看那样其实不坐电车的。\w8\w8\1\s0……\w8\w8意外呢。
0x999DC,120,code,\0\s[20]鬼阳子啊。\w8\w8\1\s0嗯？\w8\w8\0\s4\n\n总觉得，像筑紫哲也呢……\w8\w8\1\n\n……\w8\w8别这么说啊。
0x99A60,133,code,\0\s[20]……\w8\w8在句尾加个什么符号的套路，差不多到头了吧。\w8\w8\1\s0……\w8\w8嘛，毕竟是真没活了……
0x99AFC,48,code,大份要加150日元。\w8\w8\0\s4好贵！
0x99B38,52,code,加裙带菜要加100日元。\w8\w8\0\s4好贵！
0x99B78,54,code,\0\s[20]喂。\w8\w8\1\s0嗯？\w8\w8\0\s0\n\n也就是说，
0x99BB8,62,code,是可以打的意思？\w8\w8\1\n\n……\w8\w8不，意思不太。
0x99C00,62,code,的自行车好像有6段变速。\w8\w8\1\s0……\w8\w8又来，太老套了。
0x99C48,26,code,\0\s[20]深夜购物节目介绍「
0x99C6C,48,code,蜡」这款商品了。\w8\w8
0x99CA8,30,code,\0\s[20]深夜购物节目介绍「阿布
0x99CD0,40,code,」这款商品了。\w8\w8
0x99D04,34,code,\0\s[20]深夜购物节目介绍「奇迹
0x99D30,40,code,\0\s[20]深夜购物节目介绍「终极
0x99D64,49,code,\1\s0……\w8\w8最好别被那个外国人骗了。
0x99DA0,92,code,\1\s1喵——，\w8喵——。\w8\w8\0\s0……\w8\w8一点都不可爱。\w8\w8\1\n\n……\w8\w8\s0切。
0x99E08,93,code,最近每天在家和职安之间来回。\w8\w8\1\s0……\w8\w8好孤单啊。
0x99E70,6,code,梅干
0x99E80,32,code,为什么这么酸呢。\w8\w8
0x99EAC,42,code,\1\s0啊——。\w8那个啊，坏了呢。\w8\w8
0x99EE0,31,code,\0\s0\n\n……\w8\w8真的假的。
0x99F08,85,code,去银行窗口拿赠品是生存意义。\w8\w8\1\s0……\w8\w8好孤单啊。
0x99F68,101,code,\1\s1最终答案？\0\s4……\w8\w8\w8\w8\w8\w8\1\n\n最终答案！？\0\s4\n\n别吵了……
0x99FD8,36,code,的必杀技，是正常位。\w8\w8
0x9A008,36,code,的必杀技，是后背位。\w8\w8
0x9A038,34,code,的必杀技，是坐位。\w8\w8
0x9A064,36,code,的必杀技，是屈曲位。\w8\w8
0x9A094,27,code,\0\s0……\w8\w8真的假的。
0x9A0B8,34,code,\1\s1果然还是绿茶吧。\0\s4……
0x9A0E4,34,code,\1\s1对了，去京都吧。\0\s4……
0x9A110,161,code,\0\s[20]……\w8\w8喂。\w8\w8\1\s0嗯？\w8\w8\0\n\n乌纽是怎么繁殖的？\w8\w8\w8\w8\1\n\n……\w8\w8不……\w8\w8\n我觉得你还是不知道为好。
0x9A1BC,65,code,被狮子舞咬了当场死亡。\w8\w8\1\s0……\w8\w8太可怜了。
0x9A208,12,code,赤崛悟编剧
0x9A220,8,code,樋上至绘
0x9A248,16,code,MediaWorks
0x9A264,45,code,\0\s[20]喂。\w8\w8\1\s0嗯？\w8\w8\0\n\n结果
0x9A29C,30,code,怎样？\w8\w8\1\n\n……
0x9A2C4,125,code,折折叠伞折得飞快。\w8\w8\1\s0……\w8\w8\w8\0\s1\n\n好羡慕呢。\1\n\n也不是啦。
0x9A34C,119,code,吃乌冬面吃得飞快。\w8\w8\1\s0……\w8\w8\w8\0\s1\n\n好羡慕呢。\1\n\n也不是啦。
0x9A3CC,24,code,\0\s[20]……\w8\w8真是，
0x9A3F0,24,code,也在大甩卖呢。\w8\w8
0x9A414,21,code,\1\s0……\w8\w8嗯。
0x9A434,129,code,总觉得可能什么时候会有用就存起来了，但实际从没派上过用场。\w8\w8\1\s0……\w8\w8抠门性格杀手呢。
0x9A4C0,97,code,\0\s[20]听说平板电脑用普通画笔是画不了的。\w8\w8\1\s0……\w8\w8没想到技术还挺落后。
0x9A52C,82,code,\0\s7没干劲的可以回去了！\w8\w8\1\s0……\w8\w8你是头脑简单的体育老师吗。
0x9A588,77,code,的家，不管寄什么都会出邮递事故。\w8\w8\1\s0……\w8\w8唔。
0x9A5E0,103,code,\0\s[20]野泽那智和若本规夫的声音，有时候分不清呢。\w8\w8\1\s0挺像的嘛……
0x9A650,8,code,巫女
0x9A664,8,code,眼镜妹
0x9A678,8,code,猫耳
0x9A68C,8,code,狗耳
0x9A6A0,22,code,真不错啊。\w8\w8
0x9A6C0,22,code,\0\s[20]为什么？\w8\w8
0x9A6E0,34,code,\1\n\n是因为会发射光束吧。\w8\w8
0x9A70C,35,code,\0\s4\n\n……\w8\w8不，那是……
0x9A738,45,code,\0\s7\1\s0\_s奇装异服是丑女的借口！\e
0x9A780,49,code,\0\s0说到夏天就是夏祭。\w8\w8\n\n说到冬天就是冬
0x9A7BC,45,code,呢。\w8\w8\1\s0……\w8\w8不，意思不太。
0x9A800,78,code,的一楼，好像有去地下食品卖场的隐藏楼梯。\w8\w8\1\s0……\w8\w8唔。
0x9A858,60,code,\0\s4欺负人可不酷。\w8\w8\1\s0……\w8\w8又来，太老套了。
0x9A8A0,50,code,"\1\s1k""hn吃饭！\w8k""hn！\0\s7别什么都吃！"
0x9A8DC,36,code,\1\s1来吧，怎么办。士郎。\0\s4……
0x9A90C,18,code,\0\s[20]夏亚专用
0x9A928,52,code,是通常的3倍。\w8\w8\1\s0……\w8\w8唔。
0x9A968,15,code,\0\s1夏亚专用
0x9A980,23,code,能以正常速度的3倍将
0x9A9A0,65,code,插进拔出。\w8\w8\1\s0……\w8\w8会坏的……
0x9A9EC,89,code,\0\s[20]喂——，山田君——。\w8\w8\n\n给歌丸一肘击。\w8\w8\1\s0明白了——。
0x9AA50,108,code,\0\s[20]喂——，山田君——。\w8\w8\n\n去买份炒面面包回来。\w8跑着过去。\w8\w8\1\s0明白了——。
0x9AAC8,87,code,\0\s[20]喂——，山田君——。\w8\w8\n\n在歌丸的额头上钉颗钉子。\w8\w8\1\s0明白了——。
0x9AB28,85,code,\0\s[20]喂——，山田君——。\w8\w8\n\n全都给篠沢教授。\w8\w8\1\s0明白了——。
0x9ABA0,34,code,\0\s[20]前几天看电视的时候，介绍了
0x9ABCC,2,code,「
0x9ABD8,2,code,な
0x9ABE4,2,code,を
0x9ABF0,46,code,秘技」。\w8\w8
0x9AC28,12,code,瞬间
0x9AC40,50,code,的秘技」。\w8\w8
0x9AC7C,2,code,和
0x9AC88,10,code,合成
0x9AC9C,52,code,的秘技」。\w8\w8
0x9ACDC,68,code,改造腐朽本性的秘技」。\w8\w8
0x9AD2C,14,code,的妙用使
0x9AD44,78,code,顺畅插进拔出的秘技」。\w8\w8
0x9AD9C,15,code,\1\s0……\w8\w8
0x9ADB4,31,code,\0\s0\n\n乌纽，试试看？
0x9ADDC,16,code,\1\n\n不要。
0x9ADF8,38,code,\1\s1说到老太太就是京田尚子。\0\s4……
0x9AE40,24,code,\0\s[20]听说东京要施行「
0x9AE64,104,code,防止条例」了。\w8\w8\1\s0……\w8\w8\0\s1\n\n越来越不宜居了呢。
0x9AEE8,57,code,会梦到电子羊吗。\w8\w8\0\s0……\w8\w8谁知道呢。
0x9AF2C,8,code,命运羁绊
0x9AF40,6,code,热恋
0x9AF50,4,code,恋爱
0x9AF60,4,code,微妙
0x9AF70,8,code,在意
0x9AF84,6,code,同学
0x9AFA4,12,code,的好感度+
0x9AFBC,21,code,\w8\n人际关系升级为「
0x9AFDC,55,code,」。\w8\w8\1\s0……\w8\w8搞什么啊。
0x9B01C,62,code,\0\s[20]常听见\w4「死伤者加起来」\w4这种说法。\w8\w8
0x9B064,15,code,\1\s0嗯？\w8\w8
0x9B07C,54,code,\0\n\n死和受伤可差远了呢。\w8\w8
0x9B0BC,34,code,\1\n\n……\w8\w8那，确实是。
0x9B0E8,74,code,是……\w8\w8\n\n\s7能成为我母亲的女人！\1\s1冷静点！
0x9B13C,34,code,\1\s1胡子扎扎的。\0\s4……
0x9B168,28,code,设定上是10岁，本公司
0x9B190,69,code,不适合作性表现·描写。\w8\w8\1\s0……\w8\w8唔。
0x9B1E0,141,code,\0\s[20]铃铛猫娘设定上是10岁，本公司认为铃铛猫娘不适合作性表现·描写。\w8\w8\1\s0……\w8\w8唔。
0x9B278,46,code,\1\s1要不是带了口罩，我当场就死了……\0\s4……
0x9B2C4,21,code,\1\s1铁郎管这颗星球叫
0x9B2E4,25,code,星。\0\s4……
0x9B308,30,code,\1\s1雅达利大崩溃。\0\s4……
0x9B330,70,code,的爱好是打大号泰迪熊的肚子。\w8\w8
0x9B380,29,code,\1\s0……\w8\w8好孤单啊。
0x9B3A8,93,code,今后打算作为旅游地经营下去。\w8\w8\1\s0……\w8\w8现在才搞不行的吧。
0x9B410,99,code,\0\s[20]听说龙猫对幼女下手，被撤职了。\w8\w8\1\s0……\w8\w8真是没梦想没希望。
0x9B47C,18,code,\0\s[20]Family
0x9B498,71,code,这样的东西听说有。\w8\w8\1\s0……\w8\w8哪里Family了。
0x9B4E8,78,code,\1\s1既不是超人——。\w8\w8\w8\n也不是人类——。\w8\w8\0\s[20]……\w8\w8\w8\w8
0x9B540,53,code,\1\n\n什么啊。\0\s4\n\n我才想问呢。
0x9B580,68,code,\0\s4心动刑事，智商好低呢……\w8\w8\1\s0……\w8\w8相当呢。
0x9B5D0,15,code,\1\s1比奈泣
0x9B5E8,15,code,们。\0\s4……
0x9B610,14,code,\0\s[20]最近
0x9B628,63,code,摊位好像没见到了呢。\w8\w8\1\s0……\w8\w8嘛，因为季节不对嘛……
0x9B670,44,code,\1\s1味噌煮鲭鱼将会引发世界革命！\0\s4……
0x9B6B4,37,code,为了对抗特攻野郎A队，正在组建特攻野郎
0x9B6E4,67,code,队。\w8\w8\1\s0……\w8\w8只要是特攻什么都可以吗。
0x9B730,40,code,\1\s1最接近神之一手的男人……！\0\s4……
0x9B764,95,code,\1\s0你不可能下过围棋……\w8\w8\n\n\s1一个下过围棋的人，怎么能说出这种狂妄的话！\0\s4……
0x9B7CC,107,code,\1\s1用那种东西的人是受虐狂吧。\w8\n\n\s1所以说那不是 MS-DOS，是 SM-DOS 吧！\0\s4……
0x9B840,102,code,\1\s1「Windows 95」\w4闹得沸沸扬扬，但连5年前的 Mac 都没追上哦！\0\s4……
0x9B8B0,112,code,\1\s1而且，你看，那界面又土又难看，有点正常的审美的话根本就用不下去！\0\s4……
0x9B92C,194,code,\1\s1所以说啊，因为不知道有 Mac 这么优秀系统才在用电脑受苦，害得一堆人在使用电脑时吃尽苦头，这是二十世纪的一大悲剧，而藤村先生也是其中之一啊。\0\s4……
0x9B9F8,124,code,\1\s1Windows 什么的，不过是 MS-DOS 为了模仿 Mac 而浓妆艳抹的产物！\w2没有比 MS-DOS 更难用的了！\0\s4……
0x9BA80,32,code,\1\s0数码子的胸罩。\0\s4……
0x9BAAC,73,code,因为没赶上换乘电车而当场死亡。\w8\w8\1\s0……\w8\w8太可怜了。
0x9BB00,42,code,\1\s1被杀意波动唤醒的牛……！\0\s4……
0x9BB34,34,code,\0\s4\1\s1\_s哈！\_s\w8\w8\1\n\n
0x9BB60,8,code,牛……！
0x9BB74,16,code,\1\s1每天玩游戏
0x9BB90,53,code,小时。\w8\w8\n\n和名人约好的吧？\n\n\w8\w8\0\s4……
0x9BBD0,37,code,\1\s1哭吧！\w8喊吧！\w8然后！\w8\w8
0x9BC00,13,code,～。\0\s4……
0x9BC18,69,code,都快搞不清是做什么的了。\w8\w8\1\s0……\w8\w8业务扩展过头了。
0x9BC84,110,code,税」了。\w8\w8\1\s0……\w8\w8\0\n\n……\w8\w8\s1越来越不宜居了呢……
0x9BCFC,110,code,\0\s[20]「你掉的是这把金斧头吗？\w8还是这把银斧头？」\w8那个，听说过吧。\w8\w8
0x9BD74,74,code,\0\s0\n\n那类似的，「你掉的是这把金斧头吗？\w8还是这把
0x9BDC8,37,code,吗？」\w4怎么样？\w8\w8
0x9BDF8,38,code,\1\n\n……\w8\w8这差太多了吧。
0x9BE28,89,code,那套说辞，和金八老师的说教一样毫无说服力呢。\w8\w8\1\s0……\w8\w8别这么说啊。
0x9BE8C,14,code,某种意义上算是
0x9BEA4,33,code,呢。\w8\w8\1\s0……\w8\w8嗯？
0x9BED0,97,code,\1\s1火灾～。\w8着火了～。\w8\w8\0\s[20]……\w8\w8\1\n\n吃早饭上学去～。\0\s4\n\n……
0x9BF3C,69,code,被电车车门夹住而当场死亡。\w8\w8\1\s0……\w8\w8太可怜了。
0x9BF8C,56,code,\1\s1卡\w2里\w2诺\w2加\w2恩\w2达\w2…\w2…\0\s4……
0x9BFD0,69,code,大概会一辈子单身吧。\w8\w8\1\s0……\w8\w8别擅自下结论啊。
0x9C020,69,code,因为定期更新失败而当场死亡。\w8\w8\1\s0……\w8\w8太可怜了。
0x9C070,16,code,\0\s[20]嘛，终究
0x9C08C,71,code,什么的，只是被养着的存在吧。\w8\w8\1\s0……
0x9C0DC,146,code,\0\s[20]Mappy的最终BOSS，是谁来着。\w8\w8\1\s0……\w8\w8Mappy没有最终BOSS。\w8\w8\0\s8\n\n又来。\w8\1\s1\n\n没有啦！
0x9C184,48,code,分不清现实和虚拟，每天疯狂地在
0x9C1C0,61,code,里进进出出。\w8\w8\1\s0……\w8\w8唔。
0x9C208,24,code,\0\s[20]听说流鼻血时用
0x9C22C,107,code,敲后脑勺就能止住。\w8\w8\1\s0……\w8\w8又是三野文太？\w8\w8\0\s0\n\n嗯。\w8\n\n三野文太。
0x9C2A0,87,code,生日是在黑漆漆的家里一个人吃饭团。\w8\w8\1\s0……\w8\w8好孤单啊。
0x9C300,79,code,，前几天一个人去了自助餐。\w8\w8\1\s0……\w8\w8好孤单啊。
0x9C358,75,code,，前几天一个人吃了烤肉。\w8\w8\1\s0……\w8\w8好孤单啊。
0x9C3BC,19,code,\1\s1……\w8\w8\n\n
0x9C3D8,10,code,的刺身……
0x9C3EC,8,code,烤……
0x9C400,14,code,的裙边……
0x9C418,10,code,乌冬面……
0x9C42C,8,code,荞麦……
0x9C440,13,code,\1\s1猫耳
0x9C458,4,code,……
0x9C468,9,code,\0\s4……
0x9C47C,34,code,\0\s7一把抓住吗！\1\s1冷静点！
0x9C4A8,11,code,\0\s1今天，
0x9C4BC,93,code,的背上被发现有一个拉链。\w8\w8\1\s0……\w8\w8\0\n\n……\w8\w8这下糟了。
0x9C524,19,code,\0\s1今天看见昏倒的
0x9C540,32,code,被
0x9C56C,69,code,背着拼命蹬自行车。\w8\w8\1\s0……\w8\w8\0\n\n……\w8\w8这下糟了。
0x9C5BC,47,code,\0\s1今天，把院子里的花改造成食人花的
0x9C5F4,95,code,\0\s[20]三野文太一出手，什么都能变成抗癌物质呢。\w8\w8\1\s0……\w8\w8别这么说啊。
0x9C678,17,code,和七个小矮人」
0x9C694,8,code,「我们是
0x9C6A8,2,code,」
0x9C6B4,27,code,\0\s0今天忽然想起了
0x9C6D8,74,code,这本小时候买的绘本。\w8\w8\1\s0……\w8\w8\w8
0x9C72C,50,code,\0\s[20]\n\n但内容完全想不起来了……
0x9C768,6,code,
0x9C778,78,code,本人，会说些自以为很有趣实际上超无聊的话，把气氛都搞冷了。\w8\w8
0x9C7D0,102,code,没注意到自己和周围人都不在一个频道上，只自顾自地闹腾，下次聚会大概不会再叫他了吧。\w8\w8
0x9C840,96,code,因为听说对身体好就买了大瓶蔬菜汁，恐怕最后喝不完只能扔掉吧。\w8\w8
0x9C8AC,88,code,因为听说对身体好就买了大盒酸奶，恐怕最后吃不完只能扔掉吧。\w8\w8
0x9C910,108,code,肯定会跑到没邀请他的二次会上，问一句「咦？有二次会吗？」，然后硬挤进去把气氛搞得特别僵。\w8\w8
0x9C988,72,code,版块如果不了解氛围就去霸占留言版，会把老用户赶走的。\w8\w8
0x9C9DC,23,code,\1\s0……\w8\w8是吗？
0x9C9FC,28,code,\1\s1够了！\w8\n\n回来
0x9CA24,11,code,！\0\s4……
0x9CA38,79,code,因为没有把折叠伞收好而当场死亡。\w8\w8\1\s0……\w8\w8太可怜了。
0x9CA90,83,code,因为没有遵守笑面推销员的约定而当场死亡。\w8\w8\1\s0……\w8\w8太可怜了。
0x9CAEC,69,code,因为没能躲开贾基的攻击当场死亡。\w8\w8\1\s0……\w8\w8太可怜了。
0x9CB3C,67,code,因为坡道起步失败而当场死亡。\w8\w8\1\s0……\w8\w8太可怜了。
0x9CB88,75,code,因为蛲虫检查不合格而当场死亡。\w8\w8\1\s0……\w8\w8太可怜了。
0x9CBDC,21,code,\1\s0石烧——\w8\w8薯
0x9CBFC,66,code,——\w8\w8\0\s[20]……\w8\w8\w8\w8\1\n\n热—\w4乎乎的——\0\s4……
0x9CC48,40,code,\1\s1薛定谔的牛……！\0\s4……
0x9CC7C,32,code,\1\s1巴甫洛夫的牛……！\0\s4……
0x9CCA8,52,code,\1\s0这次该你刻了！\w8\w8我的名字！\w8\w8\n\n\s1
0x9CCE8,23,code,这个名字！\0\s4……
0x9CD08,95,code,有剧毒。\w8\w8\1\s0……\w8\w8\w8\0\s0\n\n揉的话会漏出来哦。\1\n\n别揉啊。
0x9CD70,103,code,含有放射性物质。\w8\w8\1\s0……\w8\w8\w8\0\s0\n\n揉的话会漏出来哦。\1\n\n别揉啊。
0x9CDE0,46,code,\0\s[20]乌纽，喜欢什么寿司料？\w8\w8
0x9CE18,6,code,布丁
0x9CE28,6,code,蜜瓜
0x9CE38,6,code,蛋糕
0x9CE48,11,code,。\w8\w8\w8
0x9CE5C,19,code,\0\s4\n\n……\w8\w8
0x9CE78,24,code,\1\n\n不是转着呢吗，
0x9CE9C,2,code,。
0x9CEA8,39,code,\1\s0嗯……\w8\w8是蛋吧。\w8\w8
0x9CED8,47,code,\0\s0\n\n呼呼……\w8\w8意外地是小孩子呢。\w8\w8
0x9CF20,16,code,的蛋。\w8\w8
0x9CF3C,10,code,\0\n\n……
0x9CF50,19,code,\1\s0嗯……\w8\w8
0x9CF6C,14,code,，吧。\w8\w8
0x9CF84,47,code,\0\s4\n\n……\w8\w8你没在听人说话吧。
0x9CFBC,20,code,\0\n\n没转啊。
0x9CFDC,26,code,在气压升高时就会变得像
0x9D000,24,code,一样。\w8\w8
0x9D024,32,code,被逼到精神绝境，就会变得越来越像
0x9D050,41,code,\1\s0太过的话会着火的，注意点哦。
0x9D084,63,code,\1\s0太过的话会口吐白沫惨死，注意点哦。
0x9D0CC,59,code,\1\s0太过的话会瞳孔就会一直张大无法恢复，注意点哦。
0x9D110,183,code,\0\s0乌纽会进化什么吗？\w8\w8\1\s0……\w8\w8我和那些面向小孩的怪物可不一样。\w8\w8\w8\w8\0\n\n……\w8\w8卡\w4牌\s7斩击！\1\s1\n\n你听人说话啊！
0x9D1D0,22,code,\0\s[20]喂乌纽，
0x9D1F0,28,code,是怎么做的？\w8\w8
0x9D218,124,code,\1\s0嗯……\w8\w8首先，加水。\w8\w8\0\s0\n\n嗯。\w8\w8\1\n\n然后，再加面粉。\w8\w8\0\n\n……\w8\w8说得具体点啊。
0x9D2A0,120,code,\1\s0嗯……\w8\w8首先，用螺丝。\w8\w8\0\s0\n\n嗯。\w8\w8\1\n\n然后啊，就是干劲了。\w8\w8\0\n\n……\w8\w8真的假的。
0x9D324,59,code,\1\s0Portopia连续杀人事件的凶手，是谁来着。\w8\w8
0x9D368,22,code,\0\s[20]小宫。\w8\w8
0x9D388,16,code,\1\n\n……\w8\w8
0x9D3A4,27,code,\0\s0\n\n拍打\w4 小宫。
0x9D3C8,12,code,\1\n\n唔。
0x9D3E0,26,code,\0\s[20]米草莓。\w8\w8
0x9D404,21,code,\0\s0\n\n新海一。
0x9D424,22,code,\0\s[20]平田。\w8\w8
0x9D444,27,code,\0\s0\n\n是啊，\w4 住手。
0x9D468,26,code,\0\s[20]Portopia。\w8\w8
0x9D48C,36,code,\1\n\n……\w8\w8你简直是自暴自弃啊。
0x9D4BC,22,code,\0\s[20]海藻球。\w8\w8
0x9D4DC,36,code,\1\n\n……\w8\w8不，应该不是。
0x9D50C,44,code,\0\s5请听题～。\w8\w8\1\s0好嘞。\w8\w8
0x9D544,77,code,\0\s[20]\n\n苹果3个，橘子2个。\w8\w8\n\n\s0那么，答案是什么呢。\w8\w8
0x9D59C,95,code,\0\s[20]\n\n不含税780日元的乌冬面和含税680日元的乌冬面。\w8\w8\n\n\s0那么，答案是什么呢？\w8\w8
0x9D604,36,code,\1\n\n……\w8\w8怎么净是这种啊。
0x9D634,26,code,\1\n\n……\w8\w8不知道。
0x9D658,61,code,\0\s[20]\n\n……\w8\w8\w8\w8果然还是取消。\w8\w8\1\s0\n\n……
0x9D6A0,153,code,\0\s[20]\n\n班上的大贯君让我火大得不行。\w8好想杀了他。\w8我该怎么办。\w8\w8\1\s0\n\n……\w8\w8这不是个谜题吧。
0x9D744,143,code,\0\s[20]\n\n轨迹球夹到肉了。\w4超痛。\w4这就是雅达利大崩溃吗。\w8\w8\1\s0\n\n……\w8\w8这不是个谜题吧。
0x9D7DC,109,code,\0\s[20]\n\n轨迹球为什么那么容易积灰呢。\w8\w8\1\s0\n\n……\w8\w8这是个谜题吗。
0x9D854,187,code,\0\s[20]「丛林浴」\w4听说过吧。\w8\w8\1\s0嗯。\w8\w8\0\s0\n\n那类似的，\w4「浴丛林」\w4怎么样？\w8\w8\1\n\n……\w8\w8不是，问我怎么样我也不懂说啥啊……
0x9D918,183,code,\0\s[20]「动物饼干」\w4听说过吧。\w8\w8\1\s0嗯。\w8\w8\0\s0\n\n那类似的，\w4「饼干动物」\w4怎么样？\w8\w8\1\n\n……\w8\w8不是，问我怎么样我也不懂说啥啊……
0x9D9D8,183,code,\0\s[20]「伪装警车」\w4听说过吧。\w8\w8\1\s0嗯。\w8\w8\0\s0\n\n那类似的，\w4「警车伪装」\w4怎么样？\w8\w8\1\n\n……\w8\w8不是，问我怎么样我也不懂说啥啊……
0x9DA98,187,code,\0\s[20]「胡桃夹子」\w4听说过吧。\w8\w8\1\s0嗯。\w8\w8\0\s0\n\n那类似的，\w4「胡桃子夹」\w4怎么样？\w8\w8\1\n\n……\w8\w8不是，问我怎么样我也不懂说啥啊……
0x9DB5C,154,code,\0\s[20]葡萄味的口香糖听说过吧。\w8\w8\1\s0嗯。\w8\w8\0\s0\n\n那类似的，口香糖味的葡萄怎么样？\w8\w8\1\n\n……\w8\w8这有点微妙呢。
0x9DC00,30,code,\1\s1光明的家族计划。\0\s4……
0x9DC28,32,code,\1\s1光明的疯牛病对策。\0\s4……
0x9DC54,15,code,\0\s0……\w8\w8
0x9DC6C,61,code,满嘴都是些场面话呢。\w8\w8\1\s0……\w8\w8别这么说啊。
0x9DCB4,6,code,多重
0x9DCC4,6,code,赛利欧
0x9DCD4,12,code,买的量产
0x9DCEC,2,code,，
0x9DCF8,62,code,常规内存不足无法启动。\w8\w8
0x9DD40,35,code,\1\s0……\w8\w8没想到技术还挺落后。
0x9DD6C,32,code,除零错误崩溃了。\w8\w8
0x9DD98,33,code,\1\s0……\w8\w8没想到这么基础。
0x9DDC4,88,code,缓冲区溢出导致只会不断撞柱子。\w8\w8
0x9DE28,54,code,电量耗尽无法启动。\w8\w8
0x9DE68,32,code,这么快就开始生锈了。\w8\w8
0x9DE94,29,code,\1\s0……\w8\w8真讨厌啊。
0x9DEBC,32,code,最近即使充满电电池也
0x9DEE8,30,code,分钟就不行了。\w8\w8
0x9DF10,31,code,\1\s0……\w8\w8内存效果呢。
0x9DF38,46,code,无理由不定期冒黑烟。\w8\w8
0x9DF70,27,code,\1\s0……\w8\w8不良品呢。
0x9DF94,44,code,\1\s1快要\w8坏掉的\w8收音机。\0\s4……
0x9DFCC,75,code,因为表演眼睛喷牛奶失败当场死亡。\w8\w8\1\s0……\w8\w8太可怜了。
0x9E020,71,code,掉进转着的洗衣机里当场死亡。\w8\w8\1\s0……\w8\w8太可怜了。
0x9E070,67,code,被旋转门夹住当场死亡。\w8\w8\1\s0……\w8\w8太可怜了。
0x9E0BC,75,code,被电梯门夹住当场死亡。\w8\w8\1\s0……\w8\w8太可怜了。
0x9E110,77,code,因为吃过期饭团而当场死亡。\w8\w8\1\s0……\w8\w8太可怜了。
0x9E168,75,code,因为小指撞到柜角而当场死亡。\w8\w8\1\s0……\w8\w8太可怜了。
0x9E1BC,81,code,被自动检票机关闭的闸门夹住当场死亡。\w8\w8\1\s0……\w8\w8太可怜了。
0x9E218,65,code,在浴室里摔倒当场死亡。\w8\w8\1\s0……\w8\w8太可怜了。
0x9E264,64,code,\0\s0比橙子更有橙子味。\w8\w8\1\s0……\w8\w8又来，太老套了。
0x9E2B0,114,code,\1\s0乌纽的游戏Q&A专～区～。\w8\w8\0\s4……\w8\w8\w8\w8\1\s1\n\n好了，今天的提问是？\0\n\n别吵了。真的。
0x9E32C,78,code,\0\s[20]上个月起，北海道开始了丑女发电的试运行。\w8\w8
0x9E384,77,code,\0\s0\n\n试验炉失控，现在现场相当凄惨。\w8\w8
0x9E3DC,44,code,\1\n\n……\w8\w8光是想象就够可怕的。
0x9E414,38,code,\1\s1集中攻击爷爷。\0\s4……
0x9E444,55,code,也没关系。\w8\w8\n\n[half]希望能茁壮成长吧。\0\s4……
0x9E494,6,code,没有
0x9E4A4,8,code,，
0x9E4B8,50,code,就像没有玛丽姐姐的 TwinBee 一样呢。\w8\w8
0x9E4F4,35,code,\1\s0……\w8\w8不，那也有它的道理。
0x9E520,52,code,就像不会柔道的猪熊柔一样呢。\w8\w8
0x9E560,33,code,\1\s0……\w8\w8那，挺难受的。
0x9E58C,44,code,就像不是新车的小学生一样呢。\w8\w8
0x9E5C4,37,code,\1\s0……\w8\w8别这么说啊。
0x9E5F4,44,code,就像没有毛的小学生一样呢。\w8\w8
0x9E62C,52,code,就像没有 Enter 键的键盘一样呢。\w8\w8
0x9E66C,29,code,\1\s0……\w8\w8真没用啊。
0x9E694,39,code,就像没有 PK 的铁雄一样呢。\w8\w8
0x9E6C4,39,code,\1\s0……\w8\w8只是个凸额头混蛋呢。
0x9E6F4,68,code,\0\s7别拿「勇者斗恶龙风格」来搪塞质量差！\1\s1冷静点！
0x9E744,90,code,\0\s[20]能说\w8「抑郁」的时候，其实并没有抑郁吧。\w8\w8\1\s0能说出口就不算。
0x9E7A8,100,code,被猪熊柔脸上散发的瘴气所伤，受了全治3个月的重伤。\w8\w8\1\s0……\w8\w8难怪。
0x9E818,56,code,\1\s0爷爷，口臭。\w8\w8\0\s0所以死刑。
0xA0608,94,code,手机链的重量是手机自身重量的3倍。\w8\w8\1\s0……\w8\w8老生常谈呢。
0xA067C,21,code,\1\s1……\w8\w8锅烧
0xA069C,19,code,……\w8\w8\0\s4……
0xA06C4,85,code,的会员卡都是用粗糙的纸做的。\w8\w8\1\s0……\w8\w8这是毫无诚意啊。
0xA0724,69,code,最近脱发特别严重。\w8\w8\1\s0……\w8\w8好心酸啊。
0xA0774,83,code,最近洗头时头发成把成把地掉。\w8\w8\1\s0……\w8\w8要死了吗？
0xA07D0,75,code,至今还在用医保卡当身份正呢。\w8\w8\1\s0……\w8\w8好心酸啊。
0xA0824,77,code,每次刷牙时基本上都会出血。\w8\w8\1\s0……\w8\w8好心酸啊。
0xA087C,47,code,眼睛里藏着炸弹。\w8\w8\1\s0……
0xA08B4,75,code,一接触紫外线就会当场死亡。\w8\w8\1\s0……\w8\w8太脆弱了。
0xA0908,58,code,\1\s1丸\w2子\w8三\w4兄\w4弟——。\0\s4……\w8\w8太老套……
0xA0968,67,code,可以用微波炉加热。\w8\w8\1\s0……\w8\w8真是出乎意料啊。
0xA09B4,81,code,受华盛顿条约保护。\w8\w8\1\s0……\w8\w8毕竟死得快嘛。
0xA0A10,89,code,虽然看起来那个样，但其实会把书腰好好收起来。\w8\w8\1\s0……\w8\w8真讲究啊。
0xA0A74,93,code,基本吃什么都蘸酱油。\w8\w8\1\s0……\w8\w8这种人挺常见的吧。
0xA0ADC,63,code,的墓碑是用冰棒棍做成的。\w8\w8\1\s0……\w8\w8金鱼吗。
0xA0B24,71,code,打麻将时据说基本不听牌。\w8\w8\1\s0……\w8\w8真抠门啊。
0xA0B74,67,code,据说每天都会被鸟粪溅到一次。\w8\w8\1\s0……
0xA0BC0,85,code,据说没有烙铁也能熔化焊锡。\w8\w8\1\s0……\w8\w8真是怪物啊。
0xA0C20,156,code,\0\s[20]明年哆啦A梦电影的标题是\n\n「哆啦A梦\w4 差不多该结束了吧？」\w2。\w8\w8\1\s0……\w8\w8不，我倒是能理解那种心情。
0xA0CC8,75,code,\0\s[20]……\w8\w8凶手，我已经知道了哦。\w8\w8\1\s0……\w8\w8嗯。
0xA0D1C,73,code,\1\s0原来如此，我明白了……\w8\w8\n\n\s1凶手只能是那个人！\0\s4……
0xA0D70,28,code,\1\s1请珍惜电力。\0\s4……
0xA0D98,25,code,\1\s1抽烟\0\s4……
0xA0DBC,58,code,\1\s1为了维持网站运营，请每天点击一次。\0\s4……
0xA0E00,101,code,最近靠收废品赚生活费。\w8\w8\1\s0……\w8\w8那家伙也变坚强了呢……
0xA0E70,115,code,最近在车站月台铲口香糖赚生活费。\w8\w8\1\s0……\w8\w8那家伙也变坚强了呢……
0xA0EEC,81,code,感冒了也没人来探病。\w8\w8\1\s0……\w8\w8好孤单啊。
0xA0F48,79,code,对旋转寿司没兴趣。\w8\w8\1\s0……\w8\w8挺小资的呢。
0xA0FA0,77,code,走路时听说会避着井盖走。\w8\w8\1\s0……\w8\w8还挺谨慎呢。
0xA0FF8,102,code,家附近的便当店，不管点什么基本都是凉透的。\w8\1\s0……\w8\w8完全没干劲啊。
0xA1068,78,code,家，手机连一格信号都没有。\w8\w8\1\s0……\w8\w8唔。
0xA10C0,67,code,似乎不耐日光直射。\w8\w8\1\s0……\w8\w8因为容易弯嘛。
0xA110C,112,code,\1\s1这不是动画！\w8\w8\0\s4哒哒哒哒哒。\w8\w8\1\n\n这不是动画！\w8\w8\0\n\n哒哒哒哒哒。\w8\w8\1\n\n
0xA1188,45,code,\w8啊——\w8\w8\w8\w8\0\n\n……\w8\w8嗯——。
0xA11CC,23,code,\1\s0下回，高达ZZ。
0xA11EC,21,code,的骑士。\w8\w8\n\n\s8
0xA120C,31,code,的修罗场能看哦——？\0\s4……
0xA1234,58,code,\0\s7没装舱盖就不要出击啊！\1\s1冷静点！
0xA1278,64,code,\0\s7想要毫发无损的劫持船只，也太贪心了吧！\1\s1冷静点！
0xA12C4,45,code,\1\s1人生真是千奇百怪啊！\w8太棒了！\0\s4……
0xA12FC,65,code,\0\s[20]Violence General。\w8\w8\1\s1\n\n……\w8\w8别翻译。
0xA1348,53,code,刚出现的时候简直无敌。\w8\w8\1\s0……\w8\w8唔。
0xA1388,25,code,\1\s1从吻\w8开始的\w8
0xA13AC,38,code,\w8毕\w4竟——\w8也是有的嘛~\0\s4……
0xA13DC,80,code,\1\s0我以前在肉店打工的时候，有个老婆婆每天都要买6公斤肝。\w8\w8
0xA1438,27,code,\0\s0……\w8\w8嗯。\w8\w8
0xA145C,80,code,\1\n\n我也纳闷她为什么要那样买呢\w4…\w4…\w4…\w4…\w8\w8\w8\w8
0xA14B8,10,code,\0\n\n……
0xA14CC,71,code,\1\s1要是突然\w8被家人带去\w8吃一顿\w8豪华\w8大餐的话……\0\s[20]……
0xA151C,49,code,\0\s7别把 NATO 读成那坨——！\1\s1冷静点！
0xA1558,40,code,\0\s0\1\s0\0\_s幻想中的好友小团体！\_s
0xA158C,112,code,\1\s0本网站已迁移。\w8\w8\0\s[20]……\w8\w8\w8\1\s1\n\n每天请点击一次。\0\s4\n\n为什么啊。
0xA1608,36,code,\1\s1现在立刻点击这里！\0\s4……
0xA1638,58,code,\0\s0生而为人，我很抱歉。\w8\s7吃我一拳！\1\s1冷静点！
0xA168C,15,code,\1\s0你好，
0xA16A4,52,code,……\w8\w8\w8\w8\n\n\s1然后，永别了！\0\s4……
0xA16E4,25,code,\0\s[20]乌纽，\w2「贪便宜
0xA1708,53,code,吃大亏」\w2这句谚语的意思，你知道吗？\w8\w8
0xA1748,65,code,\1\s0嗯——就是……\w8\w8\n\n总之，就是别买的意思。\w8\w8
0xA1794,37,code,\0\s4\n\n……\w8\w8还是很笼统呢。
0xA17C4,46,code,\0\s7联邦的乌冬面是怪物吗！\1\s1冷静点！
0xA17FC,19,code,\0\s7我才是最会驾驶
0xA1818,33,code,的人！\1\s1冷静点！
0xA1844,40,code,\0\s7这里是托儿所吗！\1\s1冷静点！
0xA1878,60,code,\0\s7为什么就不能老老实实说声对不起！\1\s1冷静点！
0xA18C0,42,code,\0\s7牛奶要嚼着喝！\1\s1冷静点！
0xA18F4,52,code,\0\s7加了年糕就什么都变成「力」吗！\1\s1冷静点！
0xA1934,51,code,\1\s1哎呀！\w8\n\n联邦的牛是神户牛吗！\0\s4……
0xA197C,16,code,用重力语来说是
0xA1998,45,code,。\w8\w8\1\s0……\w8\w8唔。
0xA19D0,28,code,\1\s1来往请求……！\0\s4……
0xA1A08,35,code,发来了来往请求。\0\s4……
0xA1A34,46,code,\0\s[20]乌纽，「哈利·波特与魔法石
0xA1A6C,99,code,」\w4这本书，你知道吗？\w8\w8\1\s0……\w8\w8不。\w8\w8\0\s0\n\n有点想读读看……
0xA1AD8,46,code,\0\s[20]乌纽，「哈利·波特与密室
0xA1B10,52,code,\0\s[20]乌纽，「哈利·波特与阿兹卡班的
0xA1B50,136,code,\0\s[20]第二场将于 20:00 开演。\w8\w8\n\n此外，届时将利用这段时间销售\w4签名CD、\w4签名海报等\w4
0xA1BE4,42,code,酱的周边。\w8\w8\n\n
0xA1C18,86,code,这些商品均为演唱会现场限定发售，请务必趁此机会购买。\w8\w8
0xA1C78,25,code,\1\s0……\w8\w8搞什么啊。
0xA1C9C,86,code,\1\s0笑吧赖朝。\w8\w8\0\s0……\w8\w8\w8\w8\1\s1\n\n笑吧赖朝……！\0\s4\n\n……
0xA1CFC,133,code,\0\s[20]在小袋鼠肉排的薯泥配菜里能看见幽灵。\w8\w8\1\s0……\w8\w8\w8\w8\0\s7\n\n小心！\1\s1\n\n冷静点！
0xA1D8C,132,code,\0\s[20]乌纽知道\w2「特攻野郎A队」\w2吗？\w8\w8\1\s0……\w8\w8\w8\w8胡子什么的，果然呢。\w8\w8\0\s0\n\n大概吧。
0xA1E1C,114,code,\0\s[20]勇者斗恶龙1里的勇者，怎么一直面朝正面呢……\w8\w8\1\s0……\w8\w8哎，这么一说倒也是。
0xA1E98,204,code,\0\s[20]乌纽，你最近起得真早呢。\w8\w8\1\s0嗯。\w8\w8\0\s0\n\n起这么早，是在做什么呢？\w8\w8\1\n\n嗯……\w8\w8\w8\w8\n稍微研究点疯牛病对策……\w8\w8\0\n\n……\w8\w8\w8\w8疯牛病对策？
0xA1F70,63,code,严禁用于色情目的。\w8\w8\1\s0……
0xA1FB8,78,code,\0\s0樋上至的画严禁用于色情目的。\w8\w8\1\s1……！
0xA2010,73,code,听说被车撞了也不会死呢。\w8\w8\1\s0……\w8\w8唔。
0xA2064,17,code,\0\s7陌生人的
0xA2080,43,code,千万不能接受！\1\s1冷静点！
0xA20B4,97,code,的梦想是打造一辆整辆车都装有爱心专座的电车。\w8\w8\1\s0……\w8\w8这有点微妙呢。
0xA2120,36,code,\1\s1佛兰德斯的牛……！\0\s4……
0xA2150,89,code,被外星人绑架过。\w8\w8\1\s1……\w8\w8额头里被植入指令芯片了……！
0xA21B4,33,code,\1\s1101匹牛大行进……！\0\s4……
0xA21E0,36,code,\1\s1终极牛……！\0\s4……
0xA2210,115,code,在把不想写的读后感编得像模像样方面很有一套。\w8\w8\1\s0……\w8\w8唔。
0xA228C,8,code,「聚集在
0xA22A0,2,code,」
0xA22AC,8,code,「能卖
0xA22C0,28,code,\0\s0前几天散步，碰到位卖\w4
0xA22E8,68,code,\w4之类奇怪东西的老婆婆。\w8\w8\1\s0……\w8\w8
0xA2338,37,code,\0\s1\n\n感觉有些不祥，就赶紧溜掉了。
0xA2368,58,code,\0\s7我觉得一定要有色色的内容才行。\1\s1冷静点！
0xA23AC,75,code,的家，终于停电了。\w8\w8\1\s0这下，只剩水了……
0xA2400,102,code,\0\s[20]说到夏天就是夏祭，\w8\w8\n\s0说到通货膨胀就是超级赛亚人呢。\w8\w8\1\s0……\w8\w8嗯。
0xA2470,34,code,\1\s1去死吧，哥哥。\0\s4……
0xA249C,40,code,\1\s1除了胜利，一无所求。\0\s4……
0xA24D0,34,code,\1\s1怎么办才好啊。\0\s4……
0xA24FC,108,code,\0\s[20]听说集齐500张松屋的优惠券，就能抽中松屋的周边商品哦。\w8\w8\1\s0……\w8\w8又是闹钟之类的吧。
0xA2574,94,code,\0\s[20]听说集齐500张松屋的优惠券，就能变得幸福哦。\w8\w8\1\s0……\w8\w8会变成什么样呢。
0xA25DC,22,code,\1\s1水爆oikr\0\s8……
0xA25FC,90,code,\0\s0狮子搏兔，亦会把自己的孩子推下深谷。\w8\w8\1\s0……\w8\w8别推下去啊。
0xA2660,65,code,\0\s0本来以为是时间胶囊，\w8打开一看竟是枚哑弹。\w8\w8\1\s0……
0xA26AC,74,code,\1\s1虽然我的网站目前什么都没有，但方便的话希望和您互相链接一下。\0\s4滚。
0xA2700,172,code,\0\s[20]「佛兰德斯的狗」\w4的故事听说过吧。\w8\w8\1\s0嗯。\w8\w8\0\s0\n\n那类似的，\w8\n「佛兰德斯的沟」\w4怎么样？\w8\w8\w8\1\n\n……\w8\w8沟？
0xA27B8,202,code,\0\s[20]「佛兰德斯的狗」\w4的故事听说过吧。\w8\w8\1\s0嗯。\w8\w8\0\s0\n\n那类似的，\w8\n「佛兰德斯的太」\w4怎么样？\w8\w8\w8\1\n\n……\w8\w8不是，问我怎么样我也不懂说啥啊……
0xA288C,93,code,\0\s[20]听说感冒的时候，把葱塞到耳朵里就能治好。\w8\w8\1\s0……\w8\w8不，会死的。
0xA28F4,116,code,话说啊。\w8\w8\1\s0嗯？\w8\w8\0\s0\n\n用烟花来比喻，感觉就像是蛇形烟花吧。\w8\w8\1\n\n……\w8\w8不，我没太明白。
0xA2974,64,code,\0\s[20]大家老说莎木是垃圾游戏垃圾游戏的。\w8\w8
0xA29C0,23,code,\1\s0嗯。\w8\w8\w8\w8
0xA29E0,38,code,\0\n\n……\w8\w8嘛，是垃圾游戏呢。
0xA2A10,20,code,\1\n\n是垃圾游戏。
0xA2A30,139,code,\0\s[20]「美女主播」\w4的反义词，\w8\s0果然就是\n「丑女主播」\w4吗？\w8\w8\1\s0……\w8\w8哎，这么一说倒也是……
0xA2AC4,54,code,\1\s1嚼嚼连击肘旋转踢……！\0\s4……
0xA2B04,80,code,\0\s8妙妙魔法屋的 OP，怎么氛围那么诡异呢……\w8\w8\1\s0……
0xA2B6C,11,code,\0\s0下周，
0xA2B80,15,code,有\w4「漫画
0xA2B98,76,code,」\w4的同人展。\w8\w8\1\s0……\w8\w8到底是什么题材啊。
0xA2BF0,75,code,\1\s1鲸鱼是聪明的动物，所以不能吃。\0\s4又来了。\w8\n\n愚蠢的理论。
0xA2C44,122,code,\0\s4用霰弹枪精确射击，总感觉不太合适……\w8\w8\1\s0……\w8\w8那根本就不算霰弹枪了嘛。
0xA2CC8,170,code,\0\s[20]「棒球笨蛋」\w4听说过吧。\w8\w8\1\s0嗯。\w8\w8\0\s0\n\n那类似的，\w4「笨蛋棒球」\w4怎么样？\w8\w8\w8\1\n\n……\w8\w8是像宇宙棒球队那样的家伙吗。
0xA2D7C,71,code,\0\s7别老是只做 Kanon 本！\1\s0冷静点！
0xA2DCC,89,code,经常收到2000日元纸币。\w8\w8\1\s0……\w8\w8这是被诅咒了啊。
0xA2E30,60,code,\1\s1乌纽只有我一个就够了。\w8\w8\0\s4……\w8\w8木野薰？
0xA2E78,100,code,\0\s[20]PC-9821 的地位，就相当于 PC Engine 中 SuperGrafx 的地位吧。\w8\w8\1\s0……\w8\w8嗯。
0xA2EE8,54,code,\0\s7空出常规内存——！\1\s1冷静点！
0xA2F28,146,code,\0\s4……\w8\w8喷嚏半路缩回去的话，好难受呢。\w8\w8\1\s0是呢。\w8\w8\w8\w8\0\n\n……\w8\w8不如说，现在就是这样呢。
0xA2FC4,201,code,\0\s[20]「第一次看家」\w4那个游戏听说过吧。\w8\w8\1\s0嗯。\w8\w8\0\s0\n\n那类似的，\w4「第一次农药喷洒」\w4怎么样？\w8\w8\w8\w8\1\n\n不是，问我怎么样我也不懂说啥啊……
0xA3098,201,code,\0\s[20]「第一次看家」\w4那个游戏听说过吧。\w8\w8\1\s0嗯。\w8\w8\0\s0\n\n那类似的，\w4「第一次生物兵器」\w4怎么样？\w8\w8\w8\w8\1\n\n不是，问我怎么样我也不懂说啥啊……
0xA316C,81,code,\0\s[20]歌丸师傅从坐垫上掉下来当场死亡。\w8\w8\1\s0……\w8\w8太可怜了。
0xA31C8,26,code,\0\s[20]\1\s0\0听说\w4「
0xA31EC,59,code,公主」\w4这款游戏出了呢。\w8\w8
0xA3230,15,code,\1\s0……\w8\w8
0xA3248,15,code,\0\s0\n\n12个
0xA3260,36,code,冒了出来，而且全员都在发情。
0xA3290,16,code,\1\n\n简直折磨。
0xA32AC,195,code,\0\s[20]「海豚疗法」\w4听说过吧。\w8\w8\1\s0嗯。\w8\w8\w8\0\s0\n\n那类似的，\w8「海参疗法」\w8怎么样？\w8\w8\w8\1\n\n……\w8\w8不，这行不通吧。\w8\w8\n\n毕竟是海参嘛。
0xA3378,43,code,\0\s[20]「海豚疗法」\w4听说过吧。\w8\w8
0xA33AC,110,code,\1\s0嗯？\w8\w8\w8\0\s4\n\n「海豚」\w4是日语\w4「疗法」\w4是英语，总觉得蠢蠢的呢……\w8\w8
0xA3424,110,code,\1\s0\n\n……\w8\w8就像那种一开始数的是「One Two Three」，\w4数到一半又切换成日语的体育老师呢。
0xA349C,12,code,\0\s[20]听说
0xA34B4,43,code,为对抗\w4「海豚疗法」\w4，要推出一种\w4「
0xA34E8,86,code,疗法」\w4。\w8\w8\1\s0……\w8\w8这名字听起来会出人命的样子呢。
0xA3548,38,code,\1\s1切奇切奇切奇——！\0\s4……
0xA3578,30,code,\1\s0小樱，\w4「可怜的
0xA35A0,34,code,」\w4的故事，你知道吗？\w8\w8\w8
0xA35CC,15,code,\0\s0……\w8\w8
0xA35E4,50,code,就算什么都不做也觉得可怜呢。\w8\w8
0xA3620,30,code,\1\n\n……\w8\w8别这么说啊。
0xA3648,32,code,\0\s[20]话说那个钢坦克。\w8\w8
0xA3674,18,code,\1\s0嗯？\w8\w8\w8
0xA3690,55,code,\0\n\n……\w8\w8\s0到底是为了什么而制造的呢。\w8\w8
0xA36D0,44,code,\1\s1求小樱的色图。\0\s4……
0xA3708,134,code,\0\s0咕\w2啾——\w8\w8\n\n咕\w1啾\w8咕\w1啾\w8咕\w1啾\w8\w8\n\n\s5去除——\w8霉菌\w4的——\w2药——。\1\s0完全听不懂。
0xA3798,96,code,\1\s1闪耀在哪里。\w8\w8\0\s[20]……\w8\w8\w8\w8\1\n\n闪耀在哪里！\0\s7\c别吵了！
0xA3804,163,code,\0\s[20]「算术练习册」\w8听说过吧。\w8\w8\1\s0嗯。\w8\w8\w8\w8\0\s0\n\n那到底哪里算钻头呢……\w8\w8\1\n\n……\w8\w8又不能钻孔。
0xA38B0,45,code,\0\s0榎桑\w8早上好啊——。\w8\w8\1\s0……
0xA38E8,87,code,吃什么都蘸蛋黄酱。\w8\w8\1\s0……\w8\w8这种人挺常见的吧。
0xA3948,63,code,\0\s8……所谓\w8\w8「无礼行为」\w8到底指什么……\w8\w8\1\s1……
0xA3990,206,code,\0\s[20]前几天在街上走着，看见一个人jian人就问\w8「你其实是狗吧？」\w8……\w8\w8\1\s0……\w8\w8\w8\w8\0\n\n\s8……\w8\w8怎么办啊。\1\n\n别管他就好了。
0xA3A68,134,code,\0\s[20]吃什么都要蘸蛋黄酱的人，\w8\w8\w8\w8\s0与其说蛋黄酱控，不如说彻底没救了……\w8\w8\1\s0……\w8\w8嗯。
0xA3AF8,176,code,\0\s[20]啊——，好热闹的论坛啊。\w8\w8\n\n\s0一看，发帖人的名字栏全是管理员本人。\w8\w8\n\n这个怎么说。\w8\w8\1\s0……\w8\w8不是，问我怎么说我也不懂啊……
0xA3BB4,124,code,\0\s0n时n分左右发生了地震。\w8\w8\n\n各地震度如下。\w8\w8\w8\w8\n\n震度8 都立产业贸易中心\1\s1……！
0xA3C3C,134,code,\0\s0前几天，我在樱屋看到心跳回忆3只卖1980日元……\w8\w8\w8\w8\1\s0……\w8\w8别瞎说什么大实话。
0xA3CCC,73,code,据说能活着到达肠道。\w8\w8\1\s0……\w8\w8就算到了也挺麻烦的。
0xA3D20,91,code,\0\s0偶尔会有人格对用户桑说\w8\w8\s7你这死宅！\w8\w8\s0这样的话。\w8\w8
0xA3D84,17,code,\1\s0嗯。\w8\w8
0xA3DA0,128,code,\0\s0\n\n当着特意来使用的用户桑的面说\w8\w8\s7你这死宅混蛋！\w8\w8\s0这样的话，恐怕不对吧。\w8\w8\w8
0xA3E2C,43,code,\1\s0\n\n……\w8\w8啊，确实不行吧。\w8\w8
0xA3E60,41,code,\0\s0\n\n是吧……\w8\w8\w8\w8\w8\w8\n\n
0xA3E94,245,code,无论如何，\w8\w8\s7你这\w8死宅混蛋！\w8\w8别不懂装懂对作画质量瞎BB，你个垃圾！\w8\w8你自己先能画出像样的画再来说话！\w8\w8\w8\w8\s0\n\n这种话还是有点太过分了。
0xA3F94,39,code,\1\s1\n\n你刚才开始就不太对劲哦。
0xA3FC4,111,code,\0\s0新鹦鹉螺号出现之后，变化最大的不是战舰，而是伊莱克特小姐吧。\w8\w8\w8\1\s0……\w8\w8嗯。
0xA403C,32,code,\1\s1什，什么——！\0\s8……
0xA4068,26,code,\0\s0下吕温泉。\1\s1……！
0xA408C,81,code,\0\s[20]听说吃鱼会变聪明哦。\w8\w8\1\s0……\w8\w8又是老生常谈。
0xA4100,94,code,在公园首次亮相时出了意外，受了重伤要3个月才能痊愈。\w8\w8\1\s0……\w8\w8为什么会受伤啊。
0xA4168,37,code,\0\s0前几天在人行天桥上走着的时候，
0xA4198,183,code,在练习把猫扔到卡车车厢上……\w8\w8\1\s0……\w8\w8\w8\w8\0\n\n……\w8\w8该怎么说，\w8奇迹不发生所以才叫奇迹。\w8\w8\n\n就是那种感觉。\1\s1\n\n……
0xA4258,28,code,\0\s0小叽\w8 炎上\1\s1……！
0xA4280,163,code,\0\s0炭烤这种做法，总觉得有种\w8「上了一个档次」\w8的感觉呢。\w8\w8\n\n比如\w8炭烤咖啡之类的。\w8\w8\1\s0嗯。\w8\w8\w8\0\n\n那照这个搞法，\w8「炭烤
0xA432C,27,code,」\w8听起来怎么样呢？
0xA4350,148,code,\0\s8我不是要你道歉，虽然我这么做有点不成熟，但我气不过找了黑客朋友去开盒你的个人信息。\w8
0xA43F0,169,code,啊，已经晚了。\w8我朋友已经开始分析了···(^^;\w8顺便说下这不是炫耀，那位朋友可是日本排名前五的高手黑客。\w8
0xA44A4,146,code,上次去他家玩，他只花了5分钟就扒出了别人的个人信息。\w8对他来说就像拧婴儿手指一样简单(爆)\w8
0xA4540,207,code,这样你也完蛋了呢(^^;\w8好好后悔吧。\w8还有，别再发垃圾帖子了(那位朋友最讨厌发垃圾帖的人了。一旦发现就会立刻开始分析(^^;)\w8
0xA4618,120,code,那么，嗯～大概两天后吧？\w8再来老地方看看哦。把你的住址真名等等都贴上去了哦(笑)\w8
0xA469C,188,code,啊，就算报警也没用的。你是网络喷子(犯罪)嘛，举报了被抓的也是你，而且我朋友可以随意操纵论坛日志。\w8那么，bye~(＾0＾)/~~
0xA4764,72,code,\0\s[20]\1\s0\0卖剩下的初回特典有意义吗。\w8\w8\1\s1……
0xA47B8,94,code,\0\s[20]最近克隆人啥的闹得沸沸扬扬的。\w8\w8\1\s0嗯。\w8\w8\0\s0\n\n
0xA4820,99,code,的克隆比起来，人的克隆根本不算什么吧。\w8\w8\1\n\n……\w8\w8谁知道\w8呢。
0xA488C,180,code,\0\s[20]总觉得味道淡呢。\w8\w8\w8\n\n吃着发现，是忘加后放调料了。\w8\w8\w8\w8\n\n\s0这个怎么说。\w8\w8\w8\1\s0……\w8\w8不是，问我怎么说我也不懂啊……
0xA494C,92,code,\0\s0太空型高达的腿到底有什么意义。\w8\w8\1\s0……\w8\w8这有点微妙呢。
0xA5264,2,code,。
0xA5270,2,code,！
0xA527C,2,code,？
0xA5288,4,code,！
0xA54B4,17,code,\h\s0启动已经过了
0xA54D0,15,code,小时了呢。\w8
0xA54E8,15,code,小时了～。\w8
0xA55B0,9,code,点～。\w8
0xA55C4,9,code,点啦。\w8
0xA578C,19,code,\0\s0啊。\w8\n\n\s7
0xA57A8,2,code,，
0xA57B4,73,code,时间到！\w8\w8\n\n不快点的话房子就要！\w8\w8房子就要——！！\1\s1冷静点！
0xA5808,34,code,时间到！\w8\w8\n\n不快点的话
0xA5834,10,code,！\w8\w8
0xA5848,25,code,——！！\1\s1冷静点！
0xA5B64,2,code,一
0xA5B70,2,code,二
0xA5B7C,2,code,三
0xA5B88,2,code,四
0xA5B94,2,code,五
0xA5BA0,2,code,六
0xA5BAC,2,code,日
0xA6388,34,code,\n\n……\w8\w8不睡会死的……\e
0xA63B4,106,code,\n\n早啊——\w8\u早啊——\w8\w8\h\n\n……\w8\w8%keroname说这话完全不搭调呢。\u\n\n烦死了。\e
0xA6428,72,code,\n\n主妇边看资讯节目边吃煎饼虚度人生的时间。\e
0xA647C,44,code,\n\n……\w8\w8因为是周日就现在才起床可不行。
0xA64B4,24,code,\n\n森田不会发动！
0xA64D8,40,code,\n\n饭团\n腌萝卜\n煎鸡蛋。\e
0xA650C,40,code,\u午休是开心观察时间呢。\e
0xA6540,250,code,\n\n\s8那种老公趁早离了吧，太太。\w8喂，你才39岁吧？\w8还年轻着呢。\w8得赶快找到下一段人生才行。对吧。\w8好嘞。那加油吧。\w8嗯。\w8\w8\w8\w8\1……\w8\w8什么啊。\w8\0\n\n\s0三野文太。\w8\w8\1\n\n……\e
0xA6644,44,code,\n\n……\w8\w8因为是周日就随便玩可不行。
0xA667C,24,code,\n\n彻子不会发动！
0xA66A0,46,code,\n\n……\w8\w8因为是周日就懒散可不行。
0xA66D8,24,code,\n\n草野不会发动！
0xA66FC,46,code,\n\n草野发动！\w8\u\s0有田芳生也无谓地发动！\e
0xA6734,86,code,\n\n点心时间了呢。\w8\w8\w8\n\n\s7谁啊！\w8谁决定的！\u\s1冷静点！\e
0xA6794,67,code,\n\n不吃点心会死哦～。\w8\w8\w8\u……\w8\w8别撒谎啊。\e
0xA67E0,58,code,\n\n……\w8\w8希望不是「刚起床」。\e
0xA6824,78,code,\n\n如果是份正经的工作，现在该下班了。\w8\w8\n\n……\w8\w8如果是正经工作的话。
0xA687C,31,code,\n\n\_s新闻丛林 or DIE。\_s
0xA68A4,31,code,\n\n\_s东京电视台 or DIE。\_s
0xA68CC,93,code,\n\n……\w8\w8\w8嘛，算不上黄金时段呢。\w8\u\s0毕竟完全没有黄金性嘛。
0xA6934,23,code,\n\n……\w8\w8\s3话说，
0xA6954,53,code,已经开始说话了哦。\w8\w8\1\s1……\w8\w8好孤单啊。
0xA6994,76,code,\n\n\s0这样总算能算出时薪了呢……\w8\w8\1\s0……\w8\w8又扯到钱的话题了吗。
0xA69EC,62,code,\n\n\s0广告之后精彩继续～。\w8\w8\1\s0……\w8\w8唔。
0xA6A34,48,code,\n\n\s0答案30秒后揭晓。\w8\w8\1\s0……\w8\w8唔。
0xA6A70,52,code,\n\n\s0广告之后精彩继续！\1\s0别吵了。\e
0xA6AB0,44,code,\n\n\s0……\w8\w8努力值得肯定。\1\s0……
0xA6AE8,43,code,\n\n还行吧。\w8\w8\1\s0还行吧。
0xA6B1C,27,code,\n\n\s0……\w8\w8会死的。\e
0xA6B40,55,code,\n\n\s0……\w8\w8难道……\w8\w8是服务器吗。\e
0xA6B80,61,code,\n\n\s0……\w8\w8\n不会死在显示器前吧……
0xA6BC8,28,code,\n\n\s0……\w8\w8\1\s0……\e
0xA6BF0,25,code,\n\n\s3……\w8\w8呜。\e
0xA6C14,33,code,\n\n\s3……\w8\w8老毛病了……\e
0xA6C40,52,code,\n\n\s7喂，违反劳动基准法了！\1\s1冷静点！\e
0xA6C80,44,code,\n\n\s7喂，想杀人吗——！\1\s1冷静点！\e
0xA6CB8,40,code,\n\n\s3……\w8\w8我的……\w8人权……\e
0xA6CEC,28,code,\n\n\s3……\w8\w8\1\s0……\e
0xA6D14,44,code,\n\n\s3……\w8\w8\1\s0……\w8\w8不妙了。\e
0xA6D4C,52,code,\n\n\s0……\w8\w8有点那个吧。\w8\w8\1\s0嗯。\e
0xA6E74,19,code,\0\s0啊。\w8\n\n\s5
0xA6E90,14,code,分钟到了～。
0xA7148,12,code,解雇通知(&F)
0xA7160,12,code,消灭指令(&F)
0xA7178,12,code,任务完成(&F)
0xA7FF8,44,code,别找借口了吃了猪肉汤泡饭去睡！
0xA8030,10,code,嚼口香糖？
0xA8044,28,code,给我加桑啊凸额头混蛋！
0xA806C,26,code,你让我弄脏自己的手吗
0xA8090,28,code,你想挑战这个雄山吗？
0xA80B8,26,code,这道菜是谁做的！
0xA80DC,30,code,你都干了什么啊山冈先生
0xA8104,26,code,再怎么也不能买
0xA8128,24,code,唔，毅力不够啊！
0xA814C,24,code,啊哈哈，再见明日香Jr～
0xA8170,22,code,我才不要老婆，要飞行石
0xA8190,28,code,求小樱的色图
0xA81B8,12,code,预感会成神帖
0xA81D0,16,code,别顶那个帖子
0xA81FC,24,code,我来修正那样的成人！
0xA8220,52,code,今天，请大家来场，互相残杀。
0xA8260,22,code,我带您去房间
0xA8280,18,code,你就是凶手
0xA829C,26,code,也有不甜的哦？
0xA82C0,42,code,好烫～～～！！烫死人～～！！
0xA82F4,28,code,奇装异服是丑女的借口
0xA831C,32,code,买不起，不买，买得起吗！
0xA8348,24,code,有精神的人，做的饭才香
0xA836C,42,code,时髦帅气的我们是不拉屎的
0xA83A0,28,code,凶手我已经知道了哦
0xA83C8,22,code,巧克力里有V仔兽
0xA83E8,42,code,你们连动物都不如是所以裸着就行！
0xA841C,30,code,是吗……不做人了吗！
0xA8444,36,code,连里面的天使形状都能清楚看到哦！
0xA8474,36,code,想知道英灵们的近况吗？
0xA84A4,18,code,是吗，给你年糕
0xA84C0,16,code,一次又一次
0xA84DC,30,code,，别指望我白请你吃饭啊！
0xA8504,26,code,想好好夸夸自己
0xA8528,20,code,回归你应有的姿态
0xA8548,12,code,不容小觑
0xA8560,10,code,米草莓
0xA8574,24,code,不结婚就去死！
0xA8598,12,code,请自行体会
0xA85B0,18,code,那当然会死啊。
0xA85CC,30,code,是「谢谢」吧？
0xA85F4,20,code,哥哥，太快了。
0xA8614,50,code,能不能也让咱穷人也见识点好东西啊
0xA8650,16,code,火焰与我同行
0xA866C,20,code,恋爱总是突如其来的
0xA868C,20,code,哎呀，好大的关东煮料
0xA86AC,32,code,好本子要用心灵之眼去寻找
0xA86D8,22,code,来吧游戏开始了
0xA86F8,20,code,那是你的规则
0xA8718,9,code,啥?('д')
0xA872C,10,code,混蛋('д')
0xA8740,10,code,混蛋('д')
0xA8754,10,code,去死吧
0xA8768,8,code,给你电击
0xA877C,18,code,并不太讨厌
0xA8798,24,code,讨厌说这种话的人
0xA87BC,32,code,为什么要说这种话啊……
0xA87E8,12,code,嘎，嘎哦……
0xA8800,42,code,一把年纪了还看动漫，死胖子！
0xA8834,21,code,那么，再来一次吧☆
0xA8854,46,code,你还记得至今吃过多少片面包吗？
0xA888C,8,code,唔咕～
0xA88A0,10,code,啊呜～！
0xA88B4,40,code,早～，早上了～。吃早饭上学去～
0xA88E8,12,code,哇。吓一跳
0xA8900,12,code,猫猫～
0xA8918,20,code,唔咕不会感冒
0xA8938,29,code,用亲子对话消除 不良的萌芽
0xA8960,28,code,每月19、20日是顾客感谢日
0xA8988,48,code,只有在Jump上猜能读到食人鸟山明老师的漫画
0xA89C4,18,code,皮，皮卡丘！
0xA89E0,156,code,那种老公趁早离了吧，太太。喂，你才39岁吧？还年轻着呢。得赶快找到下一段人生才行。对吧。好嘞。那加油吧。嗯。
0xA8A88,20,code,嗨，我是悟空！！
0xA8AA8,28,code,此卡无法使用
0xA8AD0,42,code,此票不能使用绿色车厢
0xA8B04,20,code,截止时间是今天15点
0xA8B24,40,code,看来，我的想法是正确的。
0xA8B58,38,code,似乎又回到了原点……！
0xA8B88,74,code,穿越时空 你到底要 阻挡在我们面前多少次！！
0xA8BDC,64,code,大家……看来我们，犯了天大的误会！
0xA8C28,34,code,事件不是在会议室发生的！
0xA8C54,42,code,破铜烂铁啊……哪里是科学的结晶了。
0xA8C88,22,code,现在立刻点击这里！
0xA8CA8,28,code,熊猫滚回神户山里！
0xA8CD0,186,code,比黄昏更暗者 比血流更红者 湮没于时间之流中 以尔伟大之名 吾于此向黑暗起誓 于我等面前阻碍者 吾与汝将以力赐予平等的毁灭！
0xA8D94,22,code,伊索————！！！
0xA8DB4,64,code,在麦当劳汉堡里混入反步兵地雷的，是中国肉包厂商
0xA8E00,30,code,如果是哥哥的话……可以…哦…
0xA8E28,24,code,是我疯了吗？
0xA8E4C,38,code,也有从接吻开始的奇迹对吧
0xA8E7C,26,code,游戏专用键又不好用～
0xA8EA0,60,code,给各位添麻烦了。我不会再出现在这个论坛上了。
0xA8EE8,38,code,请从首页正常进入
0xA8F18,20,code,欢迎来到隐藏页面
0xA8F38,24,code,艾莉丝，不会输的！
0xA8F5C,28,code,……来这个世界吧。
0xA8F84,28,code,明明只有我以为你是处女
0xA8FAC,14,code,老太婆没用了
0xA8FC4,30,code,对不起祖宗啊！！
0xA8FEC,90,code,那个说「诶～海里有很多不可思议的生物呢」的Gachapin才是最不可思议的
0xA9050,18,code,我是自动的啊
0xA906C,26,code,让你见见恐怖！
0xA9090,54,code,竟敢对克林……我绝饶不了你弗利萨！！！
0xA90D0,28,code,法律不审判的话，我来审判
0xA90F8,36,code,机遇女神只有刘海哦
0xA9128,28,code,那是库洛牌搞的鬼！
0xA9150,18,code,小樱，就是现在！
0xA916C,56,code,有好消息和坏消息。想先听哪个？
0xA91B0,30,code,梅德尔又有一颗星星消失了
0xA91D8,32,code,风啊！云啊！若你有心请告诉我吧！
0xA9204,18,code,把你们都杀了呢
0xA9220,86,code,尿完了吗？向神祈祷了吗？在房间角落边发抖边求饶的准备OK了吗？
0xA9280,28,code,我敢说！是人渣！
0xA92A8,39,code,冒险之书第1本消失了
0xA92D8,36,code,又砍了什么无聊的东西……
0xA9308,18,code,我的爱马很凶暴
0xA9324,8,code,任务明白
0xA9338,28,code,所罗门啊，我回来了！
0xA9360,46,code,我过去，曾被叫做夏亚·阿兹纳布尔！
0xA9398,24,code,高达的反应太慢了！？
0xA93BC,28,code,白色的高达会赢的……
0xA93E4,26,code,爸爸他，因为缺氧……
0xA9408,30,code,虽然很悲哀，但这就是战争啊
0xA9430,39,code,13机大魔编队不到3分钟全灭！？
0xA9460,20,code,把我当垫脚石！？
0xA9480,50,code,因为布莱特先生和米莱小姐说不需要我
0xA94BC,14,code,玛蒂尔达小姐~
0xA94D4,30,code,和扎古是不同的，和扎古！
0xA94FC,12,code,因为是小鬼嘛
0xA9514,50,code,你是个好朋友，但你的父亲不对！
0xA9550,93,code,用那种东西的人是受虐狂吧。\w8\n\n\s1所以说那不是 MS-DOS，是 SM-DOS 吧！
0xA95B8,88,code,「Windows 95」\w4闹得沸沸扬扬，但连5年前的 Mac 都没追上哦！
0xA962C,7,code,右
0xA9E8C,156,code,\1\s0唔。\w8\w8SSTP 啊。\w8\w8\w8\w8\n\n……\w8\w8小樱，累着呢……\w8\w8\w8\w8\n\n小樱……\w8\w8醒醒，小樱。\w8\w8SSTP 啊。\w8\w8\w8
0xA9F34,52,code,\0\s[23]嗯……\w8\w8\w8\w8\n\n……\w8\w8SSTP？\w8\w8
0xA9F74,21,code,\1\s0\n\nSSTP。\w8\w8
0xA9F94,48,code,\0\n\n……\w8\w8\w8\w8\w8\w8\w8\w8\s[22]咕……
0xA9FD0,15,code,\1\s1\n\n……！
0xA9FE8,132,code,\1\s0唔。\w8\w8SSTP 啊。\w8\w8这不叫起来不行啊……\w8\w8\w8\w8\n\n小樱……\w8\w8醒醒，小樱。\w8\w8SSTP 啊。\w8\w8\w8
0xAA078,58,code,\0\n\n唔……\w8\w8\w8\s[-1]\w8\w8\w8\0\c\b[-1]\1\c\b[-1]
0xAA0BC,6,code,樋上至
0xAA0CC,10,code,石松葛兹
0xAA100,8,code,赤崛悟
0xAA114,10,code,仙境传说
0xAA128,8,code,木野薰
0xAA534,72,code,"\0\s5设置壁纸哦。\![raise,Execute,setwallpaper]\0\s5设置完成。"
0xAA588,66,code,\0\s4……\w8\w8什么啊，这文件。\w8\w8\1\s0……\w8\w8谜呢。
0xAA7A4,8,code,水爆oikr
0xAA7B8,22,code,冒牌货女仆也是女仆
0xAA7D8,30,code,因为红豆期货交易上吊的叔父
0xAA800,44,code,亚极陀就像被腰斩的漫画一样完结了
0xAA838,40,code,是Bug！是Bug！是Bug！是Bug！
0xAA86C,44,code,完全没打算发挥PS2潜力的Kanon
0xAA8A4,44,code,选择取消后就会崩溃，这是设计使然吗？
0xAA8DC,54,code,给各位添麻烦了。我不会再出现在这个论坛上了。
0xAA91C,26,code,炫耀自己割腕的女人
0xAA940,124,code,我看过您的主页了。是个非常棒的网站！我也有自己的主页，要不要互相链接一下？
0xAA9C8,10,code,察言观色
0xAA9DC,16,code,九球光束
0xAA9F8,30,code,在知名画师的论坛上写日记的男人
0xAAA20,46,code,总之先设成乌纽就行的想法
0xAAA58,42,code,森林大帝到底吃的是什么肉
0xAAA8C,18,code,致命之病，眉毛
0xAAAA8,46,code,抢到整千访问数的朋友请到留言板报告
0xAAAE0,52,code,很久很久以前有个地方叫丑八怪村
0xAAB20,58,code,虽然我很想对你们说，你们不是烂橘子
0xAAB64,120,code,我下载下来了，但不太清楚怎么用。有人能教教我吗。顺便说下我是新手。请多关照。
0xAABE8,9,code,在2ch演讲
0xAABFC,20,code,进广告时的福留
0xAAC1C,20,code,最接近神之一手的猫
0xAAC3C,18,code,格里扎吉巴斯格格尔
0xAAC58,30,code,夜里把学校的窗玻璃都砸碎的工作
0xAAC80,36,code,被班上同学称作大猩猩的女生
0xAACB0,40,code,因为一个年轻女性加入就崩溃的社团
0xAACE4,54,code,无所谓了，但这样我看起来就像遗照一样
0xAAD24,58,code,自我管理松懈的人会沉迷网络游戏变成废人
0xAAD68,136,code,有人和我说 我开设了一个主页。虽然目前什么都没有，但方便的话希望和您互相链接一下 点进去一看果然只有日记和留言板
0xAADFC,42,code,扔掉了危险的便当，得到了可怕的便当
0xAAE30,16,code,与金枪鱼女的战斗
0xAAE4C,22,code,请留言感谢
0xAAE6C,53,code,每当感谢留言达到10条，干劲槽就会上升1格
0xAAEAC,58,code,怎么说呢，虽然很难开口，但你的画非常烂
0xAAEF0,28,code,我还以为至少你会是处女呢
0xAAF18,24,code,我负责主唱，其他全部招募
0xAAF3C,102,code,听好了——人字加几笔就变成犬——所以你们说不定就是烂橘子——
0xAB0C8,30,code,"\![enter,passivemode]\0\s0嗯？"
0xAB0F0,40,code,"\![enter,passivemode]\0\s0嗯。\w8\w8啥？"
0xD4C65,15,rsrc,宋体
0xD4EB9,15,rsrc,宋体
0xD5111,15,rsrc,宋体
0xD5251,4,rsrc,设置
0xD5299,12,rsrc,AS技术
0xD5361,10,rsrc,教程(&T)
0xD5450,15,rsrc,宋体
0xD5628,15,rsrc,宋体
0xD5805,15,rsrc,宋体
0xD59E3,15,rsrc,宋体
0xD5BFF,10,rsrc,教程(&T)
0xD5CF8,15,rsrc,宋体
0xD6877,15,rsrc,黑体
0xD6A39,15,rsrc,宋体
0xD6B5B,6,rsrc,对话
0xD6BB0,8,rsrc,吵死了
0xD6BF0,12,rsrc,对话频率(&A)
0xD6C4B,2,rsrc,静
0xD6C8E,10,rsrc,古隆基语
0xD6DCB,6,rsrc,重力语
0xD6E1A,4,rsrc,女语
0xD6E6A,10,rsrc,平田语
0xD6EA1,6,rsrc,监控
0xD6EF8,16,rsrc,模拟时钟(&C)
0xD6F6F,8,rsrc,时钟(&W)
0xD6FE1,15,rsrc,MATERIA CPU负载
0xD706D,28,rsrc,MATERIA 提交内存大小
0xD7108,20,rsrc,提交内存大小
0xD7190,16,rsrc,电池剩余电量(&B)
0xD71E9,6,rsrc,其他
0xD7242,18,rsrc,标题栏文字修改
0xD731B,10,rsrc,提示(&T)
0xD7423,15,rsrc,宋体
0xD76EC,15,rsrc,宋体
0xD7A07,15,rsrc,宋体
0xD7D16,15,rsrc,宋体
0xD7E4E,2,rsrc,月
0xD7E8C,8,rsrc,日／每周
0xD7ED1,2,rsrc,时
0xD7F12,2,rsrc,分
0xD7F53,10,rsrc,消息
0xD7F99,4,rsrc,日期
0xD7FE3,12,rsrc,可执行文件
0xD802B,2,rsrc,年
0xD806F,4,rsrc,星期
0xD8582,8,rsrc,删除(&D)
0xD85E7,10,rsrc,教程(&T)
0xD86D1,15,rsrc,宋体
0xD88B0,15,rsrc,宋体
0xD8AE4,15,rsrc,宋体
0xD8D9F,8,rsrc,删除(&D)
0xD8E05,10,rsrc,教程(&T)
0xD8F00,15,rsrc,宋体
0xD9143,15,rsrc,宋体
0xD925A,18,rsrc,First Staff
0xD929A,15,font,宋体
0x27ADD,15,font,宋体
0x68F38,15,font,宋体
0x69940,15,font,宋体
